목적구,행정동,콜택시_목적지_건수,병원,보건소,보건지소,상급종합병원,요양병원,의원,정신병원,종합병원,한의원,P1_의료기관_합계,P2_의료기관_합계,의료기관_총수,병원급_총수(의원/한의원제외),병상보고기관수,중환자실병상수,격리병실병상수,총병상수,그룹1_총수,그룹2_총수,의사수_총합,기관당_평균의사수
강남구,개포1동,358,0,0,0,0,0,1,0,0,0,1,0,1,0,0.0,0.0,0.0,0.0,0,0,0.0,
강남구,개포2동,1874,0,0,0,0,0,30,0,0,15,30,15,45,0,0.0,0.0,0.0,0.0,0,0,0.0,
강남구,개포3동,3558,0,0,0,0,0,12,0,0,5,12,5,17,0,0.0,0.0,0.0,0.0,0,0,0.0,
강남구,개포4동,380,0,0,0,0,0,19,0,0,8,19,8,27,0,0.0,0.0,0.0,0.0,0,0,0.0,
강남구,논현1동,924,6,0,0,0,0,264,0,0,27,270,27,297,6,0.0,0.0,0.0,0.0,0,6,81.0,13.5
강남구,논현2동,691,5,0,0,0,0,137,0,0,24,142,24,166,5,0.0,0.0,0.0,0.0,0,5,40.0,8.0
강남구,대치1동,667,0,0,0,0,0,65,0,0,21,65,21,86,0,0.0,0.0,0.0,0.0,0,0,0.0,
강남구,대치2동,1220,1,0,0,0,0,42,0,0,20,43,20,63,1,0.0,0.0,0.0,0.0,0,1,9.0,9.0
강남구,대치4동,867,2,0,0,0,0,50,0,0,18,52,18,70,2,0.0,0.0,0.0,0.0,0,2,40.0,20.0
강남구,도곡1동,3799,3,0,0,1,1,49,0,1,19,55,19,74,6,2.0,77.0,36.0,113.0,0,6,574.0,95.66666666666667
강남구,도곡2동,1069,0,0,0,0,0,31,0,0,11,31,11,42,0,0.0,0.0,0.0,0.0,0,0,0.0,
강남구,삼성1동,2164,4,0,0,0,0,56,0,0,11,60,11,71,4,0.0,0.0,0.0,0.0,0,4,32.0,8.0
강남구,삼성2동,1714,0,1,0,0,0,60,0,0,25,60,26,86,1,0.0,0.0,0.0,0.0,1,0,10.0,10.0
강남구,세곡동,7720,0,0,0,0,2,21,0,0,8,23,8,31,2,1.0,0.0,2.0,2.0,0,2,15.0,7.5
강남구,수서동,7479,0,0,0,0,0,25,0,0,7,25,7,32,0,0.0,0.0,0.0,0.0,0,0,0.0,
강남구,신사동,885,0,0,0,0,0,336,0,0,33,336,33,369,0,0.0,0.0,0.0,0.0,0,0,0.0,
강남구,압구정동,1368,4,0,0,0,2,255,0,0,42,261,42,303,6,0.0,0.0,0.0,0.0,0,6,32.0,5.333333333333333
강남구,역삼1동,4173,2,0,0,0,0,373,0,1,49,376,49,425,3,1.0,30.0,1.0,31.0,0,3,112.0,37.333333333333336
강남구,역삼2동,1001,1,0,0,0,0,81,0,0,15,82,15,97,1,0.0,0.0,0.0,0.0,0,1,15.0,15.0
강남구,일원1동,2858,0,0,0,0,0,16,0,0,8,16,8,24,0,0.0,0.0,0.0,0.0,0,0,0.0,
강남구,일원본동,4052,0,0,0,1,0,10,0,0,2,11,2,13,1,1.0,229.0,21.0,250.0,0,1,1250.0,1250.0
강남구,청담동,896,4,0,0,0,1,245,0,0,29,250,29,279,5,0.0,0.0,0.0,0.0,0,5,73.0,14.6
강동구,강일동,13505,0,0,0,0,0,20,0,0,7,20,7,27,0,0.0,0.0,0.0,0.0,0,0,0.0,
강동구,고덕1동,6218,0,0,0,0,0,6,0,0,3,6,3,9,0,0.0,0.0,0.0,0.0,0,0,0.0,
강동구,고덕2동,2732,0,0,0,0,1,26,0,0,6,27,6,33,1,1.0,0.0,1.0,1.0,0,1,10.0,10.0
강동구,길동,8143,6,0,0,0,0,60,0,1,24,67,24,91,7,2.0,49.0,280.0,329.0,0,7,290.0,41.42857142857143
강동구,둔촌1동,557,0,0,0,0,0,25,0,0,5,25,5,30,0,0.0,0.0,0.0,0.0,0,0,0.0,
강동구,둔촌2동,8612,0,0,0,0,1,9,0,1,7,11,7,18,2,2.0,54.0,29.0,83.0,0,2,304.0,152.0
강동구,명일1동,3082,1,0,0,0,0,35,0,0,21,36,21,57,1,0.0,0.0,0.0,0.0,0,1,11.0,11.0
강동구,명일2동,1760,0,0,0,0,0,29,0,0,10,29,10,39,0,0.0,0.0,0.0,0.0,0,0,0.0,
강동구,상일1동,9019,0,0,0,0,0,8,0,1,4,9,4,13,1,1.0,64.0,7.0,71.0,0,1,276.0,276.0
강동구,성내1동,1440,2,1,0,0,0,10,0,0,8,12,9,21,3,0.0,0.0,0.0,0.0,1,2,18.0,6.0
강동구,성내2동,2270,4,0,0,0,0,35,0,0,13,39,13,52,4,0.0,0.0,0.0,0.0,0,4,21.0,5.25
강동구,성내3동,877,2,0,0,0,0,54,0,0,27,56,27,83,2,0.0,0.0,0.0,0.0,0,2,23.0,11.5
강동구,암사1동,3584,0,0,0,0,0,19,0,0,12,19,12,31,0,0.0,0.0,0.0,0.0,0,0,0.0,
강동구,암사2동,1101,0,0,0,0,0,18,0,0,6,18,6,24,0,0.0,0.0,0.0,0.0,0,0,0.0,
강동구,암사3동,917,0,0,0,0,0,6,0,0,4,6,4,10,0,0.0,0.0,0.0,0.0,0,0,0.0,
강동구,천호1동,2514,0,0,0,0,0,16,0,0,10,16,10,26,0,0.0,0.0,0.0,0.0,0,0,0.0,
강동구,천호2동,6873,1,0,0,0,3,74,0,0,21,78,21,99,4,2.0,0.0,25.0,25.0,0,4,30.0,7.5
강동구,천호3동,5480,2,0,0,0,0,28,0,0,9,30,9,39,2,0.0,0.0,0.0,0.0,0,2,42.0,21.0
강북구,미아동,2362,2,0,0,0,0,28,0,0,10,30,10,40,2,0.0,0.0,0.0,0.0,0,2,12.0,6.0
강북구,번1동,2289,0,0,0,0,1,31,0,1,8,33,8,41,2,1.0,9.0,0.0,9.0,0,2,23.0,11.5
강북구,번2동,6412,0,1,0,0,0,6,0,0,3,6,4,10,1,0.0,0.0,0.0,0.0,1,0,9.0,9.0
강북구,번3동,6483,0,0,0,0,1,7,0,0,5,8,5,13,1,0.0,0.0,0.0,0.0,0,1,8.0,8.0
강북구,삼각산동,3695,0,0,0,0,0,15,0,0,5,15,5,20,0,0.0,0.0,0.0,0.0,0,0,0.0,
강북구,삼양동,1524,0,0,0,0,0,25,0,0,8,25,8,33,0,0.0,0.0,0.0,0.0,0,0,0.0,
강북구,송중동,2881,1,0,0,0,0,36,0,0,9,37,9,46,1,0.0,0.0,0.0,0.0,0,1,16.0,16.0
강북구,송천동,2326,2,0,0,0,2,16,0,0,15,20,15,35,4,0.0,0.0,0.0,0.0,0,4,27.0,6.75
강북구,수유1동,2390,0,0,0,0,0,11,0,0,6,11,6,17,0,0.0,0.0,0.0,0.0,0,0,0.0,
강북구,수유2동,1390,0,0,0,0,0,16,0,0,5,16,5,21,0,0.0,0.0,0.0,0.0,0,0,0.0,
강북구,수유3동,2554,1,0,0,0,0,36,0,0,10,37,10,47,1,0.0,0.0,0.0,0.0,0,1,5.0,5.0
강북구,우이동,2963,0,0,0,0,0,6,0,0,3,6,3,9,0,0.0,0.0,0.0,0.0,0,0,0.0,
강북구,인수동,7523,2,0,0,0,0,7,0,1,8,10,8,18,3,3.0,15.0,4.0,19.0,0,3,51.0,17.0
강서구,가양1동,8921,2,0,0,0,0,63,0,0,25,65,25,90,2,0.0,0.0,0.0,0.0,0,2,23.0,11.5
강서구,가양2동,9063,0,0,0,0,0,22,0,0,6,22,6,28,0,0.0,0.0,0.0,0.0,0,0,0.0,
강서구,가양3동,3069,0,0,0,0,0,4,0,0,2,4,2,6,0,0.0,0.0,0.0,0.0,0,0,0.0,
강서구,공항동,5649,0,0,0,0,0,22,0,1,4,23,4,27,1,1.0,0.0,1.0,1.0,0,1,19.0,19.0
강서구,등촌1동,1976,1,0,0,0,0,23,0,0,10,24,10,34,1,0.0,0.0,0.0,0.0,0,1,6.0,6.0
강서구,등촌2동,1135,1,0,0,0,0,6,0,0,5,7,5,12,1,0.0,0.0,0.0,0.0,0,1,12.0,12.0
강서구,등촌3동,11067,3,0,0,0,1,30,0,1,13,35,13,48,5,2.0,15.0,4.0,19.0,0,5,79.0,15.8
강서구,발산1동,8688,4,0,0,0,0,62,0,2,19,68,19,87,6,2.0,116.0,7.0,123.0,0,6,372.0,62.0
강서구,방화1동,12674,2,0,0,0,0,46,0,0,18,48,18,66,2,0.0,0.0,0.0,0.0,0,2,7.0,3.5
강서구,방화2동,6752,1,0,0,0,0,11,0,0,4,12,4,16,1,0.0,0.0,0.0,0.0,0,1,3.0,3.0
강서구,방화3동,5225,0,0,0,0,0,6,0,0,5,6,5,11,0,0.0,0.0,0.0,0.0,0,0,0.0,
강서구,염창동,1820,1,1,0,0,1,26,0,0,11,28,12,40,3,1.0,0.0,1.0,1.0,1,2,21.0,7.0
강서구,우장산동,5304,2,0,0,0,1,30,0,0,16,33,16,49,3,0.0,0.0,0.0,0.0,0,3,18.0,6.0
강서구,화곡1동,2931,1,0,0,0,0,42,1,0,17,43,18,61,2,0.0,0.0,0.0,0.0,1,1,11.0,5.5
강서구,화곡2동,348,0,0,0,0,0,6,0,0,6,6,6,12,0,0.0,0.0,0.0,0.0,0,0,0.0,
강서구,화곡3동,1486,1,0,0,0,0,24,0,0,12,25,12,37,1,0.0,0.0,0.0,0.0,0,1,10.0,10.0
강서구,화곡4동,1327,1,0,0,0,1,18,0,0,9,20,9,29,2,0.0,0.0,0.0,0.0,0,2,13.0,6.5
강서구,화곡6동,3511,0,0,0,0,0,15,0,0,8,15,8,23,0,0.0,0.0,0.0,0.0,0,0,0.0,
강서구,화곡8동,1407,0,0,0,0,0,18,0,0,9,18,9,27,0,0.0,0.0,0.0,0.0,0,0,0.0,
강서구,화곡본동,1072,0,0,0,0,0,15,0,0,6,15,6,21,0,0.0,0.0,0.0,0.0,0,0,0.0,
관악구,낙성대동,3653,1,0,0,0,0,27,0,0,6,28,6,34,1,0.0,0.0,0.0,0.0,0,1,10.0,10.0
관악구,난곡동,2007,0,0,0,0,0,19,0,0,6,19,6,25,0,0.0,0.0,0.0,0.0,0,0,0.0,
관악구,난향동,1817,0,0,0,0,0,4,0,0,3,4,3,7,0,0.0,0.0,0.0,0.0,0,0,0.0,
관악구,남현동,1025,0,0,0,0,0,18,0,0,7,18,7,25,0,0.0,0.0,0.0,0.0,0,0,0.0,
관악구,대학동,901,0,0,0,0,0,12,0,0,4,12,4,16,0,0.0,0.0,0.0,0.0,0,0,0.0,
관악구,미성동,2356,1,0,0,0,0,16,0,0,6,17,6,23,1,0.0,0.0,0.0,0.0,0,1,5.0,5.0
관악구,보라매동,9495,0,0,0,0,0,12,0,0,6,12,6,18,0,0.0,0.0,0.0,0.0,0,0,0.0,
관악구,삼성동,2409,0,0,0,0,0,6,0,0,5,6,5,11,0,0.0,0.0,0.0,0.0,0,0,0.0,
관악구,서림동,1935,0,0,0,0,0,8,0,0,4,8,4,12,0,0.0,0.0,0.0,0.0,0,0,0.0,
관악구,서원동,2497,2,0,0,0,0,17,0,1,5,20,5,25,3,1.0,21.0,5.0,26.0,0,3,108.0,36.0
관악구,성현동,3166,0,0,0,0,0,6,0,0,6,6,6,12,0,0.0,0.0,0.0,0.0,0,0,0.0,
관악구,신림동,1458,0,0,0,0,1,38,0,0,9,39,9,48,1,0.0,0.0,0.0,0.0,0,1,7.0,7.0
관악구,신사동,1305,1,0,0,0,0,10,0,0,5,11,5,16,1,0.0,0.0,0.0,0.0,0,1,4.0,4.0
관악구,신원동,487,0,0,0,0,0,8,0,0,6,8,6,14,0,0.0,0.0,0.0,0.0,0,0,0.0,
관악구,은천동,2999,1,0,0,0,0,13,0,0,9,14,9,23,1,0.0,0.0,0.0,0.0,0,1,5.0,5.0
관악구,인헌동,1065,0,0,0,0,0,22,0,0,10,22,10,32,0,0.0,0.0,0.0,0.0,0,0,0.0,
관악구,조원동,1252,1,0,0,0,0,19,0,0,7,20,7,27,1,0.0,0.0,0.0,0.0,0,1,1.0,1.0
관악구,중앙동,1461,0,0,0,0,0,39,0,0,8,39,8,47,0,0.0,0.0,0.0,0.0,0,0,0.0,
관악구,청룡동,2981,1,1,0,0,1,29,0,0,10,31,11,42,3,0.0,0.0,0.0,0.0,1,2,24.0,8.0
관악구,청림동,1690,0,0,0,0,0,3,0,0,2,3,2,5,0,0.0,0.0,0.0,0.0,0,0,0.0,
관악구,행운동,1808,3,0,0,0,0,30,0,0,14,33,14,47,3,1.0,5.0,0.0,5.0,0,3,21.0,7.0
광진구,광장동,1805,0,0,0,0,0,15,0,0,6,15,6,21,0,0.0,0.0,0.0,0.0,0,0,0.0,
광진구,구의1동,2153,0,0,0,0,0,19,0,0,4,19,4,23,0,0.0,0.0,0.0,0.0,0,0,0.0,
광진구,구의2동,11454,1,0,0,0,0,14,0,0,10,15,10,25,1,0.0,0.0,0.0,0.0,0,1,3.0,3.0
광진구,구의3동,3078,0,0,0,0,0,35,0,0,9,35,9,44,0,0.0,0.0,0.0,0.0,0,0,0.0,
광진구,군자동,1540,0,0,0,0,0,20,0,0,8,20,8,28,0,0.0,0.0,0.0,0.0,0,0,0.0,
광진구,능동,1532,2,0,0,0,0,8,0,0,6,10,6,16,2,0.0,0.0,0.0,0.0,0,2,11.0,5.5
광진구,자양1동,2215,0,0,0,0,0,31,0,1,20,32,20,52,1,1.0,19.0,0.0,19.0,0,1,34.0,34.0
광진구,자양2동,1784,0,1,0,0,1,15,0,0,4,16,5,21,2,1.0,0.0,4.0,4.0,1,1,17.0,8.5
광진구,자양3동,1739,0,0,0,0,0,17,0,0,6,17,6,23,0,0.0,0.0,0.0,0.0,0,0,0.0,
광진구,자양4동,1946,1,0,0,0,0,30,0,0,12,31,12,43,1,0.0,0.0,0.0,0.0,0,1,6.0,6.0
광진구,중곡1동,1710,0,0,0,0,0,20,0,0,3,20,3,23,0,0.0,0.0,0.0,0.0,0,0,0.0,
광진구,중곡2동,1317,0,0,0,0,0,30,0,0,9,30,9,39,0,0.0,0.0,0.0,0.0,0,0,0.0,
광진구,중곡3동,2624,0,0,0,0,0,11,1,0,7,11,8,19,1,1.0,0.0,43.0,43.0,1,0,37.0,37.0
광진구,중곡4동,2061,0,0,0,0,0,13,0,0,7,13,7,20,0,0.0,0.0,0.0,0.0,0,0,0.0,
광진구,화양동,4560,0,0,0,1,1,36,0,0,9,38,9,47,2,1.0,78.0,3.0,81.0,0,2,406.0,203.0
구로구,가리봉동,1000,0,0,0,0,2,3,0,0,2,5,2,7,2,1.0,0.0,1.0,1.0,0,2,14.0,7.0
구로구,개봉1동,3696,0,0,0,0,2,17,1,0,10,19,11,30,3,2.0,0.0,2.0,2.0,1,2,26.0,8.666666666666666
구로구,개봉2동,1128,0,0,0,0,0,22,0,0,9,22,9,31,0,0.0,0.0,0.0,0.0,0,0,0.0,
구로구,개봉3동,1561,0,0,0,0,0,11,0,0,3,11,3,14,0,0.0,0.0,0.0,0.0,0,0,0.0,
구로구,고척1동,3108,1,0,0,0,1,23,0,1,8,26,8,34,3,1.0,11.0,0.0,11.0,0,3,46.0,15.333333333333334
구로구,고척2동,1575,3,0,0,0,0,18,0,0,5,21,5,26,3,0.0,0.0,0.0,0.0,0,3,11.0,3.6666666666666665
구로구,구로1동,1363,0,0,0,0,0,6,0,0,4,6,4,10,0,0.0,0.0,0.0,0.0,0,0,0.0,
구로구,구로2동,7384,1,0,0,1,0,34,0,0,5,36,5,41,2,1.0,118.0,8.0,126.0,0,2,522.0,261.0
구로구,구로3동,3863,1,0,0,0,0,39,0,0,15,40,15,55,1,0.0,0.0,0.0,0.0,0,1,27.0,27.0
구로구,구로4동,1356,0,0,0,0,0,25,0,0,15,25,15,40,0,0.0,0.0,0.0,0.0,0,0,0.0,
구로구,구로5동,4233,3,1,0,0,1,29,0,0,7,33,8,41,5,0.0,0.0,0.0,0.0,1,4,60.0,12.0
구로구,수궁동,3623,0,0,0,0,0,4,0,0,3,4,3,7,0,0.0,0.0,0.0,0.0,0,0,0.0,
구로구,신도림동,2877,0,0,0,0,0,36,0,0,12,36,12,48,0,0.0,0.0,0.0,0.0,0,0,0.0,
구로구,오류1동,3477,0,0,0,0,1,24,0,0,9,25,9,34,1,1.0,0.0,1.0,1.0,0,1,9.0,9.0
구로구,오류2동,7211,1,0,1,0,0,13,0,0,8,14,9,23,2,0.0,0.0,0.0,0.0,1,1,12.0,6.0
금천구,가산동,2326,0,0,0,0,0,41,1,0,18,41,19,60,1,0.0,0.0,0.0,0.0,1,0,5.0,5.0
금천구,독산1동,4806,2,0,0,0,1,28,0,0,9,31,9,40,3,1.0,0.0,4.0,4.0,0,3,29.0,9.666666666666666
금천구,독산2동,648,0,0,0,0,0,8,0,0,3,8,3,11,0,0.0,0.0,0.0,0.0,0,0,0.0,
금천구,독산3동,2656,1,0,0,0,0,16,0,0,7,17,7,24,1,0.0,0.0,0.0,0.0,0,1,11.0,11.0
금천구,독산4동,702,1,0,0,0,0,2,0,0,3,3,3,6,1,0.0,0.0,0.0,0.0,0,1,4.0,4.0
금천구,시흥1동,4736,1,1,0,0,2,46,0,1,21,50,22,72,5,1.0,19.0,0.0,19.0,1,4,48.0,9.6
금천구,시흥2동,1914,0,0,0,0,0,4,0,0,1,4,1,5,0,0.0,0.0,0.0,0.0,0,0,0.0,
금천구,시흥3동,244,0,0,0,0,0,4,0,0,1,4,1,5,0,0.0,0.0,0.0,0.0,0,0,0.0,
금천구,시흥4동,1418,0,0,0,0,0,9,0,0,4,9,4,13,0,0.0,0.0,0.0,0.0,0,0,0.0,
금천구,시흥5동,1099,0,0,0,0,0,15,0,0,7,15,7,22,0,0.0,0.0,0.0,0.0,0,0,0.0,
노원구,공릉1동,8806,2,0,0,0,1,33,0,0,10,36,10,46,3,0.0,0.0,0.0,0.0,0,3,28.0,9.333333333333334
노원구,공릉2동,5781,0,0,0,0,0,22,0,1,10,23,10,33,1,1.0,24.0,1.0,25.0,0,1,146.0,146.0
노원구,상계10동,1299,0,0,0,0,0,2,0,0,2,2,2,4,0,0.0,0.0,0.0,0.0,0,0,0.0,
노원구,상계1동,9119,0,0,0,0,1,24,0,0,7,25,7,32,1,1.0,0.0,18.0,18.0,0,1,5.0,5.0
노원구,상계2동,7394,2,0,0,0,2,31,0,0,17,35,17,52,4,1.0,0.0,180.0,180.0,0,4,26.0,6.5
노원구,상계3.4동,4082,0,0,0,0,0,11,0,0,8,11,8,19,0,0.0,0.0,0.0,0.0,0,0,0.0,
노원구,상계5동,5349,0,0,0,0,0,10,0,0,5,10,5,15,0,0.0,0.0,0.0,0.0,0,0,0.0,
노원구,상계6.7동,31372,1,1,0,0,1,109,0,1,34,112,35,147,4,1.0,56.0,3.0,59.0,1,3,245.0,61.25
노원구,상계8동,1898,0,0,0,0,0,17,0,0,5,17,5,22,0,0.0,0.0,0.0,0.0,0,0,0.0,
노원구,상계9동,2155,0,0,0,0,0,16,0,0,5,16,5,21,0,0.0,0.0,0.0,0.0,0,0,0.0,
노원구,월계1동,2296,0,0,0,0,1,23,0,0,8,24,8,32,1,1.0,0.0,108.0,108.0,0,1,9.0,9.0
노원구,월계2동,8145,0,0,0,0,0,7,0,0,3,7,3,10,0,0.0,0.0,0.0,0.0,0,0,0.0,
노원구,월계3동,7530,0,0,1,0,0,9,0,0,4,9,5,14,1,0.0,0.0,0.0,0.0,1,0,4.0,4.0
노원구,중계1동,4578,0,0,0,0,0,15,0,0,8,15,8,23,0,0.0,0.0,0.0,0.0,0,0,0.0,
노원구,중계2.3동,10956,0,0,0,0,0,20,0,0,7,20,7,27,0,0.0,0.0,0.0,0.0,0,0,0.0,
노원구,중계4동,5798,0,0,0,0,1,18,0,0,6,19,6,25,1,0.0,0.0,0.0,0.0,0,1,5.0,5.0
노원구,중계본동,1908,0,0,0,0,0,19,0,0,4,19,4,23,0,0.0,0.0,0.0,0.0,0,0,0.0,
노원구,하계1동,25892,0,0,0,0,0,8,0,1,2,9,2,11,1,1.0,44.0,1.0,45.0,0,1,203.0,203.0
노원구,하계2동,2473,0,0,0,0,0,4,0,0,1,4,1,5,0,0.0,0.0,0.0,0.0,0,0,0.0,
도봉구,도봉1동,3602,1,0,0,0,1,7,1,0,7,9,8,17,3,0.0,0.0,0.0,0.0,1,2,21.0,7.0
도봉구,도봉2동,9638,0,0,0,0,0,8,0,0,4,8,4,12,0,0.0,0.0,0.0,0.0,0,0,0.0,
도봉구,방학1동,4727,0,0,0,0,0,34,0,0,15,34,15,49,0,0.0,0.0,0.0,0.0,0,0,0.0,
도봉구,방학2동,1569,0,0,0,0,0,7,0,0,4,7,4,11,0,0.0,0.0,0.0,0.0,0,0,0.0,
도봉구,방학3동,3476,0,0,0,0,2,8,0,0,4,10,4,14,2,0.0,0.0,0.0,0.0,0,2,7.0,3.5
도봉구,쌍문1동,1817,0,0,0,0,3,5,0,0,4,8,4,12,3,0.0,0.0,0.0,0.0,0,3,9.0,3.0
도봉구,쌍문2동,2653,0,1,0,0,0,19,0,0,9,19,10,29,1,0.0,0.0,0.0,0.0,1,0,9.0,9.0
도봉구,쌍문3동,3780,0,0,0,0,0,9,0,1,6,10,6,16,1,1.0,24.0,8.0,32.0,0,1,113.0,113.0
도봉구,쌍문4동,2321,0,0,0,0,0,6,0,0,2,6,2,8,0,0.0,0.0,0.0,0.0,0,0,0.0,
도봉구,창1동,3877,0,0,0,0,0,20,0,0,6,20,6,26,0,0.0,0.0,0.0,0.0,0,0,0.0,
도봉구,창2동,1828,1,0,0,0,0,8,0,0,3,9,3,12,1,0.0,0.0,0.0,0.0,0,1,10.0,10.0
도봉구,창3동,1858,0,0,0,0,0,10,0,0,4,10,4,14,0,0.0,0.0,0.0,0.0,0,0,0.0,
도봉구,창4동,3813,0,0,0,0,0,18,0,0,7,18,7,25,0,0.0,0.0,0.0,0.0,0,0,0.0,
도봉구,창5동,2501,2,0,0,0,0,17,1,0,9,19,10,29,3,0.0,0.0,0.0,0.0,1,2,30.0,10.0
동대문구,답십리1동,3369,0,0,0,0,1,23,0,0,11,24,11,35,1,0.0,0.0,0.0,0.0,0,1,7.0,7.0
동대문구,답십리2동,3226,1,0,0,0,0,25,1,0,8,26,9,35,2,0.0,0.0,0.0,0.0,1,1,20.0,10.0
동대문구,신설동,5639,3,0,0,0,1,13,0,0,4,17,4,21,4,0.0,0.0,0.0,0.0,0,4,28.0,7.0
동대문구,용두동,3301,0,1,0,0,1,17,1,1,8,19,10,29,4,1.0,9.0,6.0,15.0,2,2,51.0,12.75
동대문구,이문1동,1567,0,0,0,0,0,35,0,0,12,35,12,47,0,0.0,0.0,0.0,0.0,0,0,0.0,
동대문구,이문2동,1157,0,0,0,0,0,5,0,0,2,5,2,7,0,0.0,0.0,0.0,0.0,0,0,0.0,
동대문구,장안1동,5136,2,0,0,0,0,34,1,0,12,36,13,49,3,0.0,0.0,0.0,0.0,1,2,22.0,7.333333333333333
동대문구,장안2동,3123,3,0,0,0,2,32,0,0,16,37,16,53,5,0.0,0.0,0.0,0.0,0,5,23.0,4.6
동대문구,전농1동,1238,1,0,0,0,0,30,0,0,10,31,10,41,1,0.0,0.0,0.0,0.0,0,1,0.0,0.0
동대문구,전농2동,4129,0,0,0,0,0,18,0,0,3,18,3,21,0,0.0,0.0,0.0,0.0,0,0,0.0,
동대문구,제기동,4214,2,0,0,0,0,18,0,0,49,20,49,69,2,1.0,0.0,32.0,32.0,0,2,11.0,5.5
동대문구,청량리동,4365,0,0,0,0,0,31,0,1,6,32,6,38,1,1.0,11.0,1.0,12.0,0,1,38.0,38.0
동대문구,회기동,4714,0,0,0,1,0,4,0,0,2,5,2,7,1,1.0,106.0,19.0,125.0,0,1,425.0,425.0
동대문구,휘경1동,1831,0,0,0,0,0,11,0,0,4,11,4,15,0,0.0,0.0,0.0,0.0,0,0,0.0,
동대문구,휘경2동,6671,0,0,0,0,0,3,0,1,2,4,2,6,1,1.0,22.0,4.0,26.0,0,1,107.0,107.0
동작구,노량진1동,2151,0,1,0,0,0,20,0,0,8,20,9,29,1,0.0,0.0,0.0,0.0,1,0,9.0,9.0
동작구,노량진2동,677,1,0,0,0,0,9,0,0,4,10,4,14,1,0.0,0.0,0.0,0.0,0,1,16.0,16.0
동작구,대방동,3938,0,0,0,0,0,35,0,0,11,35,11,46,0,0.0,0.0,0.0,0.0,0,0,0.0,
동작구,사당1동,825,2,0,0,0,0,32,0,0,14,34,14,48,2,0.0,0.0,0.0,0.0,0,2,11.0,5.5
동작구,사당2동,1008,0,0,0,0,0,31,0,0,17,31,17,48,0,0.0,0.0,0.0,0.0,0,0,0.0,
동작구,사당3동,1478,0,0,0,0,0,11,0,0,5,11,5,16,0,0.0,0.0,0.0,0.0,0,0,0.0,
동작구,사당4동,251,0,0,0,0,0,15,0,0,10,15,10,25,0,0.0,0.0,0.0,0.0,0,0,0.0,
동작구,사당5동,724,0,0,0,0,0,4,0,0,1,4,1,5,0,0.0,0.0,0.0,0.0,0,0,0.0,
동작구,상도1동,4234,1,0,0,0,0,29,0,0,13,30,13,43,1,0.0,0.0,0.0,0.0,0,1,6.0,6.0
동작구,상도2동,1762,0,0,0,0,0,30,0,0,10,30,10,40,0,0.0,0.0,0.0,0.0,0,0,0.0,
동작구,상도3동,1092,0,0,0,0,0,19,0,0,10,19,10,29,0,0.0,0.0,0.0,0.0,0,0,0.0,
동작구,상도4동,1716,1,0,0,0,0,9,0,0,8,10,8,18,1,0.0,0.0,0.0,0.0,0,1,3.0,3.0
동작구,신대방1동,2138,0,0,0,0,1,16,0,0,6,17,6,23,1,1.0,0.0,4.0,4.0,0,1,4.0,4.0
동작구,신대방2동,14564,0,0,0,0,0,17,0,1,4,18,4,22,1,1.0,53.0,11.0,64.0,0,1,261.0,261.0
동작구,흑석동,5010,0,0,0,1,0,21,0,0,12,22,12,34,1,1.0,101.0,47.0,148.0,0,1,357.0,357.0
마포구,공덕동,2231,0,0,0,0,0,36,0,0,7,36,7,43,0,0.0,0.0,0.0,0.0,0,0,0.0,
마포구,대흥동,7044,1,0,0,0,0,40,0,0,13,41,13,54,1,0.0,0.0,0.0,0.0,0,1,4.0,4.0
마포구,도화동,1483,0,0,0,0,0,49,0,0,15,49,15,64,0,0.0,0.0,0.0,0.0,0,0,0.0,
마포구,망원1동,3160,0,0,0,0,0,22,0,0,13,22,13,35,0,0.0,0.0,0.0,0.0,0,0,0.0,
마포구,망원2동,2553,0,0,0,0,0,8,0,0,5,8,5,13,0,0.0,0.0,0.0,0.0,0,0,0.0,
마포구,상암동,15420,0,0,0,0,1,31,0,0,12,32,12,44,1,0.0,0.0,0.0,0.0,0,1,6.0,6.0
마포구,서강동,2206,0,0,0,0,0,4,0,0,5,4,5,9,0,0.0,0.0,0.0,0.0,0,0,0.0,
마포구,서교동,3489,0,0,0,0,0,136,0,0,28,136,28,164,0,0.0,0.0,0.0,0.0,0,0,0.0,
마포구,성산1동,4672,0,0,0,0,1,5,0,0,4,6,4,10,1,0.0,0.0,0.0,0.0,0,1,6.0,6.0
마포구,성산2동,20545,0,1,0,0,1,19,0,0,7,20,8,28,2,0.0,0.0,0.0,0.0,1,1,9.0,4.5
마포구,신수동,1658,2,0,0,0,0,8,0,0,6,10,6,16,2,0.0,0.0,0.0,0.0,0,2,23.0,11.5
마포구,아현동,3361,1,0,0,0,0,37,0,0,15,38,15,53,1,0.0,0.0,0.0,0.0,0,1,2.0,2.0
마포구,연남동,1106,0,0,0,0,0,2,0,0,3,2,3,5,0,0.0,0.0,0.0,0.0,0,0,0.0,
마포구,염리동,2092,0,0,0,0,0,6,0,0,2,6,2,8,0,0.0,0.0,0.0,0.0,0,0,0.0,
마포구,용강동,1352,2,0,0,0,0,16,0,0,8,18,8,26,2,0.0,0.0,0.0,0.0,0,2,15.0,7.5
마포구,합정동,932,0,0,0,0,0,19,0,0,5,19,5,24,0,0.0,0.0,0.0,0.0,0,0,0.0,
서대문구,남가좌1동,2532,1,0,0,0,0,20,0,0,4,21,4,25,1,0.0,0.0,0.0,0.0,0,1,8.0,8.0
서대문구,남가좌2동,3617,0,0,0,0,0,21,0,0,12,21,12,33,0,0.0,0.0,0.0,0.0,0,0,0.0,
서대문구,북가좌1동,1775,0,0,1,0,1,11,0,0,3,12,4,16,2,0.0,0.0,0.0,0.0,1,1,4.0,2.0
서대문구,북가좌2동,4463,0,0,0,0,0,17,0,0,9,17,9,26,0,0.0,0.0,0.0,0.0,0,0,0.0,
서대문구,북아현동,2855,0,0,0,0,0,20,0,0,6,20,6,26,0,0.0,0.0,0.0,0.0,0,0,0.0,
서대문구,신촌동,27363,0,0,0,1,0,30,0,0,8,31,8,39,1,1.0,245.0,44.0,289.0,0,1,1316.0,1316.0
서대문구,연희동,12702,0,1,0,0,1,16,0,0,11,17,12,29,2,0.0,0.0,0.0,0.0,1,1,13.0,6.5
서대문구,천연동,1888,0,0,0,0,0,10,0,0,7,10,7,17,0,0.0,0.0,0.0,0.0,0,0,0.0,
서대문구,충현동,2066,0,0,0,0,1,11,0,0,6,12,6,18,1,0.0,0.0,0.0,0.0,0,1,7.0,7.0
서대문구,홍은1동,2030,0,0,0,0,1,7,0,0,3,8,3,11,1,0.0,0.0,0.0,0.0,0,1,4.0,4.0
서대문구,홍은2동,7788,0,0,0,0,1,5,0,1,3,7,3,10,2,1.0,9.0,7.0,16.0,0,2,24.0,12.0
서대문구,홍제1동,2243,0,0,0,0,0,27,0,0,11,27,11,38,0,0.0,0.0,0.0,0.0,0,0,0.0,
서대문구,홍제2동,2275,0,0,0,0,0,4,0,0,3,4,3,7,0,0.0,0.0,0.0,0.0,0,0,0.0,
서대문구,홍제3동,3749,1,0,0,0,0,25,0,0,7,26,7,33,1,1.0,7.0,0.0,7.0,0,1,0.0,0.0
서초구,내곡동,5402,1,0,0,0,0,8,0,0,5,9,5,14,1,0.0,0.0,0.0,0.0,0,1,17.0,17.0
서초구,반포1동,780,1,0,0,0,0,116,0,0,10,117,10,127,1,0.0,0.0,0.0,0.0,0,1,10.0,10.0
서초구,반포2동,611,0,0,0,0,0,27,0,0,5,27,5,32,0,0.0,0.0,0.0,0.0,0,0,0.0,
서초구,반포3동,1990,0,0,0,0,0,36,0,0,20,36,20,56,0,0.0,0.0,0.0,0.0,0,0,0.0,
서초구,반포4동,3404,0,0,0,1,1,29,0,0,8,31,8,39,2,1.0,159.0,10.0,169.0,0,2,754.0,377.0
서초구,반포본동,111,0,0,0,0,0,1,0,0,0,1,0,1,0,0.0,0.0,0.0,0.0,0,0,0.0,
서초구,방배1동,1622,2,0,0,0,0,40,0,0,14,42,14,56,2,0.0,0.0,0.0,0.0,0,2,6.0,3.0
서초구,방배2동,1125,0,0,0,0,1,23,0,0,13,24,13,37,1,0.0,0.0,0.0,0.0,0,1,7.0,7.0
서초구,방배3동,1290,2,0,0,0,0,8,0,0,5,10,5,15,2,0.0,0.0,0.0,0.0,0,2,46.0,23.0
서초구,방배4동,1288,0,0,1,0,0,57,0,0,20,57,21,78,1,0.0,0.0,0.0,0.0,1,0,1.0,1.0
서초구,방배본동,585,1,0,0,0,0,16,0,0,9,17,9,26,1,0.0,0.0,0.0,0.0,0,1,6.0,6.0
서초구,서초1동,4921,2,0,0,0,0,43,0,1,20,46,20,66,3,0.0,0.0,0.0,0.0,0,3,71.0,23.666666666666668
서초구,서초2동,1702,0,1,0,0,0,94,0,0,34,94,35,129,1,0.0,0.0,0.0,0.0,1,0,9.0,9.0
서초구,서초3동,2440,3,0,1,0,1,57,0,0,34,61,35,96,5,0.0,0.0,0.0,0.0,1,4,25.0,5.0
서초구,서초4동,1748,1,0,0,0,0,245,0,0,40,246,40,286,1,0.0,0.0,0.0,0.0,0,1,2.0,2.0
서초구,양재1동,4323,1,0,0,0,1,47,0,0,15,49,15,64,2,0.0,0.0,0.0,0.0,0,2,15.0,7.5
서초구,양재2동,2116,0,0,0,0,0,15,0,0,9,15,9,24,0,0.0,0.0,0.0,0.0,0,0,0.0,
서초구,잠원동,825,0,0,0,0,0,123,0,0,10,123,10,133,0,0.0,0.0,0.0,0.0,0,0,0.0,
성동구,금호1가동,1374,0,0,0,0,0,11,0,0,3,11,3,14,0,0.0,0.0,0.0,0.0,0,0,0.0,
성동구,금호2.3가동,1356,0,0,0,0,0,14,0,0,8,14,8,22,0,0.0,0.0,0.0,0.0,0,0,0.0,
성동구,금호4가동,656,0,0,0,0,0,25,0,0,3,25,3,28,0,0.0,0.0,0.0,0.0,0,0,0.0,
성동구,마장동,7100,0,0,0,0,0,8,0,0,5,8,5,13,0,0.0,0.0,0.0,0.0,0,0,0.0,
성동구,사근동,3898,0,0,0,1,0,2,0,0,1,3,1,4,1,1.0,89.0,20.0,109.0,0,1,387.0,387.0
성동구,성수1가1동,2818,0,0,0,0,0,10,0,0,4,10,4,14,0,0.0,0.0,0.0,0.0,0,0,0.0,
성동구,성수1가2동,774,0,0,0,0,0,26,0,0,6,26,6,32,0,0.0,0.0,0.0,0.0,0,0,0.0,
성동구,성수2가1동,636,0,0,0,0,0,11,0,0,5,11,5,16,0,0.0,0.0,0.0,0.0,0,0,0.0,
성동구,성수2가3동,1135,1,0,0,0,1,29,0,0,7,31,7,38,2,1.0,0.0,115.0,115.0,0,2,12.0,6.0
성동구,송정동,672,1,0,0,0,0,3,0,0,0,4,0,4,1,0.0,0.0,0.0,0.0,0,1,5.0,5.0
성동구,옥수동,565,0,0,0,0,0,20,0,0,9,20,9,29,0,0.0,0.0,0.0,0.0,0,0,0.0,
성동구,왕십리2동,873,0,0,0,0,0,9,0,0,5,9,5,14,0,0.0,0.0,0.0,0.0,0,0,0.0,
성동구,왕십리도선동,5258,1,1,0,0,0,37,0,1,21,39,22,61,3,1.0,5.0,0.0,5.0,1,2,22.0,7.333333333333333
성동구,용답동,371,0,0,0,0,2,10,0,0,5,12,5,17,2,0.0,0.0,0.0,0.0,0,2,9.0,4.5
성동구,응봉동,442,0,0,0,0,0,2,0,0,4,2,4,6,0,0.0,0.0,0.0,0.0,0,0,0.0,
성동구,행당1동,2731,1,0,0,0,0,30,0,0,9,31,9,40,1,0.0,0.0,0.0,0.0,0,1,6.0,6.0
성동구,행당2동,1628,0,0,0,0,0,12,0,0,5,12,5,17,0,0.0,0.0,0.0,0.0,0,0,0.0,
성북구,길음1동,6090,0,0,0,0,0,26,0,0,13,26,13,39,0,0.0,0.0,0.0,0.0,0,0,0.0,
성북구,길음2동,2429,3,0,0,0,1,9,0,0,9,13,9,22,4,0.0,0.0,0.0,0.0,0,4,48.0,12.0
성북구,돈암1동,1781,0,0,0,0,0,6,0,0,1,6,1,7,0,0.0,0.0,0.0,0.0,0,0,0.0,
성북구,돈암2동,628,0,0,0,0,0,5,0,0,3,5,3,8,0,0.0,0.0,0.0,0.0,0,0,0.0,
성북구,동선동,2201,1,0,0,0,0,37,0,0,10,38,10,48,1,0.0,0.0,0.0,0.0,0,1,9.0,9.0
성북구,보문동,2446,0,0,0,0,2,7,0,0,5,9,5,14,2,0.0,0.0,0.0,0.0,0,2,10.0,5.0
성북구,삼선동,3232,0,0,0,0,0,30,0,0,12,30,12,42,0,0.0,0.0,0.0,0.0,0,0,0.0,
성북구,석관동,2813,0,0,1,0,0,21,0,0,10,21,11,32,1,0.0,0.0,0.0,0.0,1,0,0.0,0.0
성북구,성북동,2103,0,0,0,0,0,14,0,0,4,14,4,18,0,0.0,0.0,0.0,0.0,0,0,0.0,
성북구,안암동,3784,1,0,0,1,0,5,0,0,2,7,2,9,2,1.0,91.0,14.0,105.0,0,2,524.0,262.0
성북구,월곡1동,2978,0,0,0,0,0,9,0,0,8,9,8,17,0,0.0,0.0,0.0,0.0,0,0,0.0,
성북구,월곡2동,3534,0,1,0,0,0,18,0,0,7,18,8,26,1,0.0,0.0,0.0,0.0,1,0,10.0,10.0
성북구,장위1동,2179,0,0,0,0,0,6,0,0,3,6,3,9,0,0.0,0.0,0.0,0.0,0,0,0.0,
성북구,장위2동,1084,0,0,0,0,1,11,0,0,4,12,4,16,1,0.0,0.0,0.0,0.0,0,1,6.0,6.0
성북구,장위3동,1251,0,0,0,0,0,6,0,0,3,6,3,9,0,0.0,0.0,0.0,0.0,0,0,0.0,
성북구,정릉1동,1392,0,0,0,0,1,7,0,0,3,8,3,11,1,0.0,0.0,0.0,0.0,0,1,6.0,6.0
성북구,정릉2동,770,0,0,1,0,1,15,0,0,6,16,7,23,2,0.0,0.0,0.0,0.0,1,1,6.0,3.0
성북구,정릉3동,1139,0,0,0,0,1,2,0,0,1,3,1,4,1,0.0,0.0,0.0,0.0,0,1,5.0,5.0
성북구,정릉4동,1622,0,0,0,0,0,12,0,0,5,12,5,17,0,0.0,0.0,0.0,0.0,0,0,0.0,
성북구,종암동,3740,1,0,0,0,1,26,0,0,11,28,11,39,2,1.0,0.0,1.0,1.0,0,2,10.0,5.0
송파구,가락1동,1248,0,0,0,0,0,18,0,0,7,18,7,25,0,0.0,0.0,0.0,0.0,0,0,0.0,
송파구,가락2동,1596,0,0,0,0,0,39,0,0,12,39,12,51,0,0.0,0.0,0.0,0.0,0,0,0.0,
송파구,가락본동,3119,8,0,0,0,2,28,0,1,16,39,16,55,11,1.0,16.0,3.0,19.0,0,11,160.0,14.545454545454545
송파구,거여1동,2403,0,0,1,0,1,7,0,0,3,8,4,12,2,0.0,0.0,0.0,0.0,1,1,4.0,2.0
송파구,거여2동,2057,0,0,0,0,0,36,1,0,7,36,8,44,1,0.0,0.0,0.0,0.0,1,0,4.0,4.0
송파구,마천1동,1130,0,0,0,0,0,8,0,0,4,8,4,12,0,0.0,0.0,0.0,0.0,0,0,0.0,
송파구,마천2동,1776,0,0,0,0,2,16,0,0,11,18,11,29,2,0.0,0.0,0.0,0.0,0,2,10.0,5.0
송파구,문정1동,1025,0,0,0,0,0,12,0,0,3,12,3,15,0,0.0,0.0,0.0,0.0,0,0,0.0,
송파구,문정2동,3870,2,0,0,0,0,67,0,0,19,69,19,88,2,0.0,0.0,0.0,0.0,0,2,17.0,8.5
송파구,방이1동,942,0,0,0,0,1,16,0,0,10,17,10,27,1,0.0,0.0,0.0,0.0,0,1,2.0,2.0
송파구,방이2동,1351,0,0,0,0,0,37,0,0,15,37,15,52,0,0.0,0.0,0.0,0.0,0,0,0.0,
송파구,삼전동,934,3,0,0,0,0,23,0,0,9,26,9,35,3,0.0,0.0,0.0,0.0,0,3,10.0,3.3333333333333335
송파구,석촌동,3201,1,0,0,0,0,46,0,0,25,47,25,72,1,0.0,0.0,0.0,0.0,0,1,31.0,31.0
송파구,송파1동,1011,3,0,0,0,0,22,0,0,12,25,12,37,3,0.0,0.0,0.0,0.0,0,3,17.0,5.666666666666667
송파구,송파2동,757,0,0,0,0,0,18,0,0,7,18,7,25,0,0.0,0.0,0.0,0.0,0,0,0.0,
송파구,오금동,5099,0,0,0,0,1,15,0,0,8,16,8,24,1,0.0,0.0,0.0,0.0,0,1,5.0,5.0
송파구,오륜동,1482,0,0,0,0,0,8,0,0,3,8,3,11,0,0.0,0.0,0.0,0.0,0,0,0.0,
송파구,잠실2동,2059,0,0,0,0,0,32,0,0,12,32,12,44,0,0.0,0.0,0.0,0.0,0,0,0.0,
송파구,잠실3동,1258,0,0,0,0,0,27,0,0,10,27,10,37,0,0.0,0.0,0.0,0.0,0,0,0.0,
송파구,잠실4동,545,0,0,0,0,0,34,0,0,8,34,8,42,0,0.0,0.0,0.0,0.0,0,0,0.0,
송파구,잠실6동,2722,1,1,0,0,0,60,0,0,15,61,16,77,2,0.0,0.0,0.0,0.0,1,1,13.0,6.5
송파구,잠실7동,861,0,0,0,0,0,2,0,0,1,2,1,3,0,0.0,0.0,0.0,0.0,0,0,0.0,
송파구,잠실본동,1048,2,0,0,0,0,77,0,0,31,79,31,110,2,0.0,0.0,0.0,0.0,0,2,13.0,6.5
송파구,장지동,6256,0,0,0,0,0,15,0,0,8,15,8,23,0,0.0,0.0,0.0,0.0,0,0,0.0,
송파구,풍납1동,587,1,0,0,0,0,5,0,0,5,6,5,11,1,0.0,0.0,0.0,0.0,0,1,1.0,1.0
송파구,풍납2동,5725,0,0,0,1,0,10,0,0,6,11,6,17,1,1.0,281.0,14.0,295.0,0,1,1506.0,1506.0
양천구,목1동,3861,1,0,0,0,0,66,0,0,27,67,27,94,1,0.0,0.0,0.0,0.0,0,1,18.0,18.0
양천구,목2동,1452,1,0,0,0,0,11,0,0,6,12,6,18,1,0.0,0.0,0.0,0.0,0,1,7.0,7.0
양천구,목3동,2339,0,0,0,0,0,30,0,0,13,30,13,43,0,0.0,0.0,0.0,0.0,0,0,0.0,
양천구,목4동,2191,0,0,0,0,0,19,0,0,12,19,12,31,0,0.0,0.0,0.0,0.0,0,0,0.0,
양천구,목5동,3186,0,0,0,1,0,22,0,0,10,23,10,33,1,1.0,90.0,9.0,99.0,0,1,424.0,424.0
양천구,신월1동,2126,0,0,0,0,0,9,0,0,5,9,5,14,0,0.0,0.0,0.0,0.0,0,0,0.0,
양천구,신월2동,1437,0,0,0,0,0,11,0,0,4,11,4,15,0,0.0,0.0,0.0,0.0,0,0,0.0,
양천구,신월3동,1544,0,0,0,0,1,7,0,0,2,8,2,10,1,0.0,0.0,0.0,0.0,0,1,7.0,7.0
양천구,신월4동,1161,0,0,0,0,0,11,0,0,2,11,2,13,0,0.0,0.0,0.0,0.0,0,0,0.0,
양천구,신월5동,916,1,0,0,0,0,3,0,0,3,4,3,7,1,0.0,0.0,0.0,0.0,0,1,15.0,15.0
양천구,신월6동,882,0,0,0,0,0,14,0,0,3,14,3,17,0,0.0,0.0,0.0,0.0,0,0,0.0,
양천구,신월7동,2296,0,0,0,0,0,10,0,0,5,10,5,15,0,0.0,0.0,0.0,0.0,0,0,0.0,
양천구,신정1동,1689,0,0,0,0,0,20,0,0,9,20,9,29,0,0.0,0.0,0.0,0.0,0,0,0.0,
양천구,신정2동,1694,0,0,0,0,0,18,0,0,9,18,9,27,0,0.0,0.0,0.0,0.0,0,0,0.0,
양천구,신정3동,11464,0,0,0,0,1,27,0,1,10,29,10,39,2,2.0,18.0,5.0,23.0,0,2,67.0,33.5
양천구,신정4동,2785,1,0,0,0,0,39,0,1,23,41,23,64,2,1.0,15.0,1.0,16.0,0,2,55.0,27.5
양천구,신정6동,6270,0,1,0,0,0,3,0,0,2,3,3,6,1,0.0,0.0,0.0,0.0,1,0,8.0,8.0
양천구,신정7동,3774,0,0,0,0,0,15,0,0,9,15,9,24,0,0.0,0.0,0.0,0.0,0,0,0.0,
영등포구,당산1동,2647,1,1,0,0,0,18,0,0,8,19,9,28,2,1.0,14.0,0.0,14.0,1,1,26.0,13.0
영등포구,당산2동,1460,0,0,0,0,0,56,0,0,15,56,15,71,0,0.0,0.0,0.0,0.0,0,0,0.0,
영등포구,대림1동,2745,0,0,0,0,0,15,0,2,6,17,6,23,2,1.0,75.0,3.0,78.0,0,2,306.0,153.0
영등포구,대림2동,1345,0,0,0,0,0,18,0,1,7,19,7,26,1,1.0,13.0,5.0,18.0,0,1,33.0,33.0
영등포구,대림3동,6791,1,0,0,0,1,11,0,0,8,13,8,21,2,0.0,0.0,0.0,0.0,0,2,16.0,8.0
영등포구,도림동,1243,0,0,0,0,0,7,0,0,7,7,7,14,0,0.0,0.0,0.0,0.0,0,0,0.0,
영등포구,문래동,2655,0,0,0,0,3,31,0,0,10,34,10,44,3,1.0,0.0,1.0,1.0,0,3,22.0,7.333333333333333
영등포구,신길1동,2365,1,0,0,0,0,7,0,1,3,9,3,12,2,1.0,24.0,0.0,24.0,0,2,64.0,32.0
영등포구,신길3동,2572,0,0,0,0,0,24,1,0,8,24,9,33,1,0.0,0.0,0.0,0.0,1,0,3.0,3.0
영등포구,신길4동,683,0,0,0,0,0,6,0,0,4,6,4,10,0,0.0,0.0,0.0,0.0,0,0,0.0,
영등포구,신길5동,972,0,0,0,0,0,2,0,0,2,2,2,4,0,0.0,0.0,0.0,0.0,0,0,0.0,
영등포구,신길6동,1796,1,0,0,0,0,29,0,0,8,30,8,38,1,0.0,0.0,0.0,0.0,0,1,7.0,7.0
영등포구,신길7동,1046,0,0,0,0,1,6,0,0,3,7,3,10,1,0.0,0.0,0.0,0.0,0,1,5.0,5.0
영등포구,양평1동,2221,1,0,0,0,0,6,0,0,6,7,6,13,1,0.0,0.0,0.0,0.0,0,1,21.0,21.0
영등포구,양평2동,2010,0,0,0,0,2,8,0,0,7,10,7,17,2,0.0,0.0,0.0,0.0,0,2,10.0,5.0
영등포구,여의동,14308,0,0,0,0,0,117,0,1,30,118,30,148,1,1.0,30.0,1.0,31.0,0,1,191.0,191.0
영등포구,영등포동,12158,4,0,0,0,2,65,0,2,19,73,19,92,8,3.0,12.0,45.0,57.0,0,8,137.0,17.125
영등포구,영등포본동,1501,0,0,0,0,0,13,0,0,5,13,5,18,0,0.0,0.0,0.0,0.0,0,0,0.0,
용산구,남영동,3791,0,0,0,0,0,22,0,0,4,22,4,26,0,0.0,0.0,0.0,0.0,0,0,0.0,
용산구,보광동,519,0,0,0,0,0,5,0,0,2,5,2,7,0,0.0,0.0,0.0,0.0,0,0,0.0,
용산구,서빙고동,1723,0,0,0,0,0,0,0,0,0,0,0,0,0,0.0,0.0,0.0,0.0,0,0,0.0,
용산구,용문동,1026,0,0,0,0,0,2,0,0,6,2,6,8,0,0.0,0.0,0.0,0.0,0,0,0.0,
용산구,용산2가동,341,0,0,0,0,0,3,0,0,2,3,2,5,0,0.0,0.0,0.0,0.0,0,0,0.0,
용산구,원효로1동,1124,0,0,0,0,0,12,0,0,2,12,2,14,0,0.0,0.0,0.0,0.0,0,0,0.0,
용산구,원효로2동,1638,0,0,0,0,0,4,0,0,1,4,1,5,0,0.0,0.0,0.0,0.0,0,0,0.0,
용산구,이촌1동,2105,1,0,0,0,0,19,0,0,5,20,5,25,1,0.0,0.0,0.0,0.0,0,1,10.0,10.0
용산구,이촌2동,505,0,0,0,0,0,0,0,0,1,0,1,1,0,0.0,0.0,0.0,0.0,0,0,0.0,
용산구,이태원1동,711,0,1,0,0,0,9,0,0,0,9,1,10,1,0.0,0.0,0.0,0.0,1,0,9.0,9.0
용산구,이태원2동,80,0,0,0,0,0,6,0,0,3,6,3,9,0,0.0,0.0,0.0,0.0,0,0,0.0,
용산구,청파동,2159,0,0,0,0,0,9,0,0,7,9,7,16,0,0.0,0.0,0.0,0.0,0,0,0.0,
용산구,한강로동,3781,0,0,0,0,0,51,0,0,16,51,16,67,0,0.0,0.0,0.0,0.0,0,0,0.0,
용산구,한남동,2713,0,0,0,0,0,21,0,1,5,22,5,27,1,1.0,68.0,4.0,72.0,0,1,348.0,348.0
용산구,효창동,2020,0,0,0,0,0,7,0,0,3,7,3,10,0,0.0,0.0,0.0,0.0,0,0,0.0,
용산구,후암동,1530,0,0,0,0,0,6,0,0,6,6,6,12,0,0.0,0.0,0.0,0.0,0,0,0.0,
은평구,갈현1동,863,0,0,0,0,1,27,0,1,7,29,7,36,2,1.0,6.0,13.0,19.0,0,2,32.0,16.0
은평구,갈현2동,3082,1,0,0,0,0,14,0,0,4,15,4,19,1,0.0,0.0,0.0,0.0,0,1,14.0,14.0
은평구,구산동,11126,1,0,1,0,1,13,0,0,5,15,6,21,3,0.0,0.0,0.0,0.0,1,2,12.0,4.0
은평구,녹번동,5087,2,1,0,0,1,12,0,0,11,15,12,27,4,1.0,0.0,2.0,2.0,1,3,24.0,6.0
은평구,대조동,2751,2,0,0,0,0,60,0,0,21,62,21,83,2,0.0,0.0,0.0,0.0,0,2,13.0,6.5
은평구,불광1동,3083,1,0,0,0,1,39,0,0,17,41,17,58,2,0.0,0.0,0.0,0.0,0,2,11.0,5.5
은평구,불광2동,1325,0,0,1,0,0,12,0,0,10,12,11,23,1,0.0,0.0,0.0,0.0,1,0,1.0,1.0
은평구,수색동,2865,0,0,0,0,0,7,0,0,2,7,2,9,0,0.0,0.0,0.0,0.0,0,0,0.0,
은평구,신사1동,4200,0,0,0,0,0,19,0,0,8,19,8,27,0,0.0,0.0,0.0,0.0,0,0,0.0,
은평구,신사2동,1825,0,0,0,0,0,7,0,0,3,7,3,10,0,0.0,0.0,0.0,0.0,0,0,0.0,
은평구,역촌동,13003,2,0,0,0,0,19,0,0,16,21,16,37,2,1.0,0.0,61.0,61.0,0,2,27.0,13.5
은평구,응암1동,4360,1,0,0,0,1,44,0,0,13,46,13,59,2,1.0,0.0,16.0,16.0,0,2,15.0,7.5
은평구,응암2동,3847,0,0,0,0,0,7,1,0,4,7,5,12,1,0.0,0.0,0.0,0.0,1,0,18.0,18.0
은평구,응암3동,2420,1,0,1,0,0,23,0,0,13,24,14,38,2,0.0,0.0,0.0,0.0,1,1,12.0,6.0
은평구,증산동,4913,0,0,0,0,0,10,0,0,6,10,6,16,0,0.0,0.0,0.0,0.0,0,0,0.0,
은평구,진관동,10175,0,0,0,0,0,34,0,1,18,35,18,53,1,1.0,79.0,17.0,96.0,0,1,274.0,274.0
종로구,가회동,407,0,0,0,0,0,0,0,0,5,0,5,5,0,0.0,0.0,0.0,0.0,0,0,0.0,
종로구,교남동,3610,0,0,0,1,0,11,0,1,6,13,6,19,2,2.0,76.0,18.0,94.0,0,2,438.0,219.0
종로구,무악동,1204,0,0,0,0,0,1,0,1,0,2,0,2,1,0.0,0.0,0.0,0.0,0,1,55.0,55.0
종로구,부암동,775,0,0,0,0,0,1,0,0,2,1,2,3,0,0.0,0.0,0.0,0.0,0,0,0.0,
종로구,사직동,2868,0,0,0,0,1,35,0,0,14,36,14,50,1,0.0,0.0,0.0,0.0,0,1,2.0,2.0
종로구,삼청동,863,0,0,0,0,0,5,0,0,2,5,2,7,0,0.0,0.0,0.0,0.0,0,0,0.0,
종로구,숭인1동,383,0,0,0,0,0,6,0,0,3,6,3,9,0,0.0,0.0,0.0,0.0,0,0,0.0,
종로구,숭인2동,866,1,0,0,0,0,11,0,0,3,12,3,15,1,0.0,0.0,0.0,0.0,0,1,5.0,5.0
종로구,이화동,15126,0,0,0,1,0,6,0,0,1,7,1,8,1,1.0,170.0,7.0,177.0,0,1,1488.0,1488.0
종로구,종로1.2.3.4가동,6777,1,0,0,0,0,61,0,0,28,62,28,90,1,0.0,0.0,0.0,0.0,0,1,4.0,4.0
종로구,종로5.6가동,1171,0,0,0,0,0,27,0,0,24,27,24,51,0,0.0,0.0,0.0,0.0,0,0,0.0,
종로구,창신1동,727,0,0,0,0,0,21,0,0,5,21,5,26,0,0.0,0.0,0.0,0.0,0,0,0.0,
종로구,창신2동,569,0,0,0,0,0,5,0,0,3,5,3,8,0,0.0,0.0,0.0,0.0,0,0,0.0,
종로구,창신3동,69,0,0,0,0,0,0,0,0,1,0,1,1,0,0.0,0.0,0.0,0.0,0,0,0.0,
종로구,청운효자동,3194,0,1,0,0,0,3,0,0,2,3,3,6,1,0.0,0.0,0.0,0.0,1,0,4.0,4.0
종로구,평창동,1835,1,0,0,0,0,5,0,0,5,6,5,11,1,0.0,0.0,0.0,0.0,0,1,6.0,6.0
종로구,혜화동,1878,0,0,0,0,0,12,0,0,6,12,6,18,0,0.0,0.0,0.0,0.0,0,0,0.0,
중구,광희동,2863,0,0,0,0,0,19,0,1,4,20,4,24,1,1.0,55.0,37.0,92.0,0,1,223.0,223.0
중구,다산동,820,1,0,0,0,0,20,0,0,7,21,7,28,1,0.0,0.0,0.0,0.0,0,1,7.0,7.0
중구,도원동,4,0,0,0,0,0,0,0,0,0,0,0,0,0,0.0,0.0,0.0,0.0,0,0,0.0,
중구,동인천동,1,0,0,0,0,0,0,0,0,0,0,0,0,0,0.0,0.0,0.0,0.0,0,0,0.0,
중구,동화동,1641,0,0,0,0,0,5,0,0,3,5,3,8,0,0.0,0.0,0.0,0.0,0,0,0.0,
중구,명동,2796,0,0,0,0,0,124,0,0,25,124,25,149,0,0.0,0.0,0.0,0.0,0,0,0.0,
중구,북성동,20,0,0,0,0,0,0,0,0,0,0,0,0,0,0.0,0.0,0.0,0.0,0,0,0.0,
중구,소공동,1646,0,0,0,0,0,29,0,0,10,29,10,39,0,0.0,0.0,0.0,0.0,0,0,0.0,
중구,신당5동,1001,0,0,0,0,0,13,0,0,8,13,8,21,0,0.0,0.0,0.0,0.0,0,0,0.0,
중구,신당동,476,1,1,0,0,0,8,0,0,1,9,2,11,2,0.0,0.0,0.0,0.0,1,1,14.0,7.0
중구,신흥동,17,0,0,0,0,0,0,0,0,0,0,0,0,0,0.0,0.0,0.0,0.0,0,0,0.0,
중구,약수동,1397,1,0,0,0,0,21,0,0,7,22,7,29,1,0.0,0.0,0.0,0.0,0,1,40.0,40.0
중구,연안동,2,0,0,0,0,0,0,0,0,0,0,0,0,0,0.0,0.0,0.0,0.0,0,0,0.0,
중구,영종동,511,0,0,0,0,0,0,0,0,0,0,0,0,0,0.0,0.0,0.0,0.0,0,0,0.0,
중구,율목동,52,0,0,0,0,0,0,0,0,0,0,0,0,0,0.0,0.0,0.0,0.0,0,0,0.0,
중구,을지로동,678,0,0,0,0,0,14,0,0,6,14,6,20,0,0.0,0.0,0.0,0.0,0,0,0.0,
중구,장충동,870,0,0,0,0,0,3,0,0,0,3,0,3,0,0.0,0.0,0.0,0.0,0,0,0.0,
중구,중림동,1545,0,0,0,0,0,8,0,0,5,8,5,13,0,0.0,0.0,0.0,0.0,0,0,0.0,
중구,청구동,1620,0,0,0,0,0,4,0,0,1,4,1,5,0,0.0,0.0,0.0,0.0,0,0,0.0,
중구,필동,879,0,0,0,0,0,9,0,0,4,9,4,13,0,0.0,0.0,0.0,0.0,0,0,0.0,
중구,황학동,1435,0,0,0,0,0,15,0,0,5,15,5,20,0,0.0,0.0,0.0,0.0,0,0,0.0,
중구,회현동,3790,0,0,0,0,0,34,0,0,12,34,12,46,0,0.0,0.0,0.0,0.0,0,0,0.0,
중랑구,망우3동,623,1,0,0,0,0,5,0,0,6,6,6,12,1,0.0,0.0,0.0,0.0,0,1,4.0,4.0
중랑구,망우본동,5346,5,0,0,0,0,39,1,1,16,45,17,62,7,1.0,0.0,3.0,3.0,1,6,63.0,9.0
중랑구,면목2동,2433,2,0,0,0,0,10,0,0,6,12,6,18,2,1.0,6.0,0.0,6.0,0,2,14.0,7.0
중랑구,면목4동,2531,0,0,0,0,0,2,0,0,4,2,4,6,0,0.0,0.0,0.0,0.0,0,0,0.0,
중랑구,면목5동,715,0,0,0,0,0,2,0,0,0,2,0,2,0,0.0,0.0,0.0,0.0,0,0,0.0,
중랑구,면목7동,1468,1,0,0,0,0,35,0,0,11,36,11,47,1,0.0,0.0,0.0,0.0,0,1,3.0,3.0
중랑구,면목본동,2740,0,0,0,0,0,34,0,0,16,34,16,50,0,0.0,0.0,0.0,0.0,0,0,0.0,
중랑구,면목제3.8동,3209,0,0,0,0,0,17,0,1,4,18,4,22,1,1.0,20.0,3.0,23.0,0,1,37.0,37.0
중랑구,묵1동,4133,2,0,0,0,0,16,0,0,7,18,7,25,2,0.0,0.0,0.0,0.0,0,2,11.0,5.5
중랑구,묵2동,2038,0,0,0,0,0,14,0,0,7,14,7,21,0,0.0,0.0,0.0,0.0,0,0,0.0,
중랑구,상봉1동,4281,0,0,0,0,0,12,0,0,5,12,5,17,0,0.0,0.0,0.0,0.0,0,0,0.0,
중랑구,상봉2동,4176,1,0,0,0,1,34,0,0,9,36,9,45,2,0.0,0.0,0.0,0.0,0,2,13.0,6.5
중랑구,신내1동,13529,0,0,0,0,0,16,0,1,9,17,9,26,1,1.0,41.0,15.0,56.0,0,1,221.0,221.0
중랑구,신내2동,4794,0,1,0,0,1,15,0,0,6,16,7,23,2,0.0,0.0,0.0,0.0,1,1,12.0,6.0
중랑구,중화1동,2490,1,0,0,0,0,10,0,0,5,11,5,16,1,0.0,0.0,0.0,0.0,0,1,2.0,2.0
중랑구,중화2동,2191,0,0,0,0,0,19,0,0,9,19,9,28,0,0.0,0.0,0.0,0.0,0,0,0.0,
