목적구,콜택시_의료목적지_건수,병원,보건소,보건지소,상급종합병원,요양병원,의원,정신병원,종합병원,한의원,P1_의료기관_합계,P2_의료기관_합계,의료기관_총수,병원급_총수(의원/한의원제외),병상보고기관수,중환자실병상수,격리병실병상수,총병상수,그룹1_총수,그룹2_총수,의사수_총합,그룹1_의사수,그룹2_의사수,기관당_평균의사수,정형외과_보유기관수_5종모집단,정형외과_전문의수_총합_5종모집단,재활의학과_보유기관수_5종모집단,재활의학과_전문의수_총합_5종모집단,신경과_보유기관수_5종모집단,신경과_전문의수_총합_5종모집단,신경외과_보유기관수_5종모집단,신경외과_전문의수_총합_5종모집단,안과_보유기관수_5종모집단,안과_전문의수_총합_5종모집단,이비인후과_보유기관수_5종모집단,이비인후과_전문의수_총합_5종모집단,정신건강의학과_보유기관수_5종모집단,정신건강의학과_전문의수_총합_5종모집단,소아청소년과_보유기관수_5종모집단,소아청소년과_전문의수_총합_5종모집단,내과_보유기관수_5종모집단,내과_전문의수_총합_5종모집단,심장혈관흉부외과_보유기관수_5종모집단,심장혈관흉부외과_전문의수_총합_5종모집단,성형외과_보유기관수_5종모집단,성형외과_전문의수_총합_5종모집단,구강악안면외과_보유기관수_5종모집단,구강악안면외과_전문의수_총합_5종모집단,외과_보유기관수_5종모집단,외과_전문의수_총합_5종모집단,비뇨의학과_보유기관수_5종모집단,비뇨의학과_전문의수_총합_5종모집단
강남구,5287,32,1,0,2,6,2178,0,2,397,2220,398,2618,43,5.0,336.0,60.0,396.0,1,42,2283,10,2273,53.093023255813954,27,97,17,30,19,58,24,88,4,56,7,45,5,21,12,96,34,328,6,31,9,34,4,8,20,140,8,32
강동구,9692,18,1,0,0,5,483,0,3,197,509,198,707,27,8.0,167.0,342.0,509.0,1,26,1025,8,1017,37.96296296296296,13,57,13,26,12,26,11,27,4,26,4,16,4,12,5,20,24,190,3,9,5,7,2,4,10,44,3,18
강북구,3579,8,1,0,0,4,240,0,2,95,254,96,350,15,4.0,24.0,4.0,28.0,1,14,151,9,142,10.066666666666666,8,13,6,13,7,3,7,7,1,0,1,0,2,1,2,4,15,21,0,0,1,1,0,0,6,12,2,0
강서구,7295,20,1,0,0,4,489,1,4,205,517,207,724,30,6.0,131.0,13.0,144.0,2,28,594,13,581,19.8,16,77,13,20,6,17,13,33,2,15,2,10,1,4,7,37,22,99,1,11,2,4,1,2,10,34,3,6
관악구,4244,11,1,0,0,2,356,0,1,138,370,139,509,15,2.0,26.0,5.0,31.0,1,14,185,11,174,12.333333333333334,12,26,8,6,5,6,11,9,0,0,1,1,1,1,2,5,12,34,1,0,1,1,0,0,7,15,2,2
광진구,3695,4,1,0,1,2,314,1,1,120,322,122,444,10,4.0,97.0,50.0,147.0,2,8,514,46,468,51.4,7,23,5,8,5,13,6,10,1,6,2,8,1,5,1,9,8,80,3,5,1,4,1,1,4,19,2,4
구로구,3393,10,1,1,1,7,309,1,1,117,328,120,448,22,6.0,129.0,12.0,141.0,3,19,727,9,718,33.04545454545455,10,24,12,17,9,17,12,23,2,10,5,8,4,9,5,45,16,102,3,8,4,8,1,3,13,43,7,8
금천구,1295,5,1,0,0,3,173,1,1,74,182,76,258,11,2.0,19.0,4.0,23.0,2,9,97,13,84,8.818181818181818,7,14,5,6,4,2,6,7,0,0,0,0,1,1,0,0,9,10,1,0,0,0,0,0,2,4,0,0
노원구,11531,5,1,1,0,7,398,0,3,146,413,148,561,17,6.0,124.0,311.0,435.0,2,15,671,9,662,39.47058823529412,13,42,11,10,10,18,11,19,4,12,4,12,4,14,7,20,14,100,4,7,4,6,3,2,10,39,6,11
도봉구,3164,4,1,0,0,6,176,2,1,84,187,87,274,14,1.0,24.0,8.0,32.0,3,11,199,16,183,14.214285714285714,4,18,9,8,7,12,6,4,2,2,1,1,2,1,3,5,10,34,1,1,1,3,0,0,5,7,1,2
동대문구,6664,12,1,0,1,5,299,3,3,149,320,153,473,25,5.0,148.0,62.0,210.0,4,21,732,22,710,29.28,15,41,14,20,12,21,12,12,3,12,5,10,5,12,7,20,20,124,2,5,2,4,1,0,9,25,8,10
동작구,5994,5,1,0,1,1,298,0,1,133,306,134,440,9,3.0,154.0,62.0,216.0,1,8,667,9,658,74.11111111111111,5,35,4,7,3,20,5,17,2,11,2,15,2,12,3,26,7,136,2,12,2,6,2,5,4,32,2,14
마포구,5248,6,1,0,0,3,438,0,0,148,447,149,596,10,0.0,0.0,0.0,0.0,1,9,65,7,58,6.5,7,16,4,6,3,2,6,4,0,0,0,0,1,1,2,1,6,6,0,0,2,4,0,0,4,3,1,0
서대문구,9587,2,1,1,1,5,224,0,1,93,233,95,328,11,3.0,261.0,51.0,312.0,2,9,1376,8,1368,125.0909090909091,5,37,4,15,5,27,5,39,1,23,4,18,2,23,4,76,10,245,2,20,1,11,1,0,6,81,3,18
서초구,3479,14,1,2,1,4,987,0,1,271,1007,274,1281,23,1.0,159.0,10.0,169.0,3,20,969,10,959,42.130434782608695,13,44,12,15,11,19,13,29,1,30,2,14,2,14,5,64,16,173,3,10,3,7,2,3,11,72,5,16
성동구,3225,4,1,0,1,3,259,0,1,100,268,101,369,10,3.0,94.0,135.0,229.0,1,9,441,11,430,44.1,7,19,6,6,4,18,6,8,1,8,2,5,1,4,3,15,9,65,2,5,2,5,1,2,4,15,3,5
성북구,3249,6,1,2,1,8,272,0,0,120,287,123,410,18,2.0,91.0,15.0,106.0,3,15,634,11,623,35.22222222222222,11,30,11,12,11,20,11,24,3,7,4,9,4,12,6,41,15,110,3,10,2,6,3,3,10,35,6,7
송파구,4859,22,1,1,1,7,690,1,1,273,721,276,997,34,2.0,297.0,17.0,314.0,3,31,1805,13,1792,53.088235294117645,18,77,14,24,11,46,15,48,3,35,3,26,3,19,4,69,26,339,2,45,6,18,2,4,12,161,2,24
양천구,4904,4,1,0,1,2,335,0,2,154,344,155,499,10,4.0,123.0,15.0,138.0,1,9,601,8,593,60.1,6,32,5,9,6,16,6,12,2,6,4,8,3,3,5,18,8,85,2,5,2,4,3,3,6,31,4,13
영등포구,7292,9,1,0,0,9,439,1,7,156,464,158,622,27,9.0,168.0,55.0,223.0,2,25,841,10,831,31.14814814814815,19,50,18,26,16,19,18,26,5,68,7,11,7,7,7,18,25,131,6,5,7,19,4,5,16,47,5,10
용산구,1960,1,1,0,0,0,176,0,1,63,178,64,242,3,1.0,68.0,4.0,72.0,1,2,367,9,358,122.33333333333331,2,15,2,5,1,8,1,6,1,9,1,5,1,5,1,12,2,65,1,7,1,4,1,1,2,12,1,6
은평구,5902,11,1,3,0,5,347,1,2,158,365,163,528,23,5.0,85.0,109.0,194.0,5,18,453,27,426,19.695652173913043,14,30,8,12,10,12,10,18,1,9,4,6,4,5,7,17,19,82,3,5,1,4,1,1,9,28,5,5
종로구,5015,3,1,0,2,1,210,0,2,110,218,111,329,9,3.0,246.0,25.0,271.0,1,8,2002,4,1998,222.44444444444449,5,59,6,24,8,41,4,42,4,39,4,24,4,44,6,89,8,244,3,31,4,16,2,2,5,90,5,23
중구,1523,3,1,0,0,0,326,0,1,98,330,99,429,5,1.0,55.0,37.0,92.0,1,4,284,9,275,56.8,3,11,3,1,2,8,3,6,2,5,1,4,1,3,2,2,4,40,1,5,1,2,1,1,3,30,2,6
중랑구,4629,13,1,0,0,2,280,1,3,120,298,122,420,20,4.0,67.0,21.0,88.0,2,18,380,12,368,19.0,15,40,10,12,7,10,12,17,1,1,2,3,4,6,7,11,18,61,1,3,1,0,1,1,4,16,4,4
