기준연도,route_number,route_number_normalized,seoul_route_id,route_type_code,endpoints,authorized_bus_count,low_floor_bus_count,low_floor_bus_rate,has_low_floor_bus,accessibility_status,stop_count,has_stop_sequence,congestion_data_available,congestion_row_count,max_low_floor_bus_load_per_bus,p95_low_floor_bus_load_per_bus,peak_load_hour,peak_load_stop_name,peak_load_direction,has_top25_low_floor_congestion,route_metadata_basis,ridership_basis
2025,01A,01A,100100001,5,예장주차장 - 예장주차장,15,15,1.0,1,available,25,1,1,912,4536.2,3520.62,20,남산서울타워(00009),예장주차장,1,data/raw/bus/all_bus_routes.json,data/processed/bus/버스_저상노선_시간대별_추정재차인원_혼잡도_2025.csv
2025,01B,01B,106000004,5,예장주차장 - 예장주차장,7,7,1.0,1,available,15,1,1,984,7452.29,4797.03,15,남산예장버스환승주차장(00001),예장주차장,1,data/raw/bus/all_bus_routes.json,data/processed/bus/버스_저상노선_시간대별_추정재차인원_혼잡도_2025.csv
2025,040,040,104000014,3,용산공영차고지 - 개포동,15,9,0.6,1,available,85,1,1,2304,4074.56,2143.01,7,내방역1번출구(00029),개포동,1,data/raw/bus/all_bus_routes.json,data/processed/bus/버스_저상노선_시간대별_추정재차인원_혼잡도_2025.csv
2025,0411,0411,104000012,4,용산차고지 - AT센터.양재꽃시장,22,21,0.9545,1,available,96,1,1,3192,2030.19,1125.51,10,효창공원앞역.이봉창역사울림관(00083),용산차고지,1,data/raw/bus/all_bus_routes.json,data/processed/bus/버스_저상노선_시간대별_추정재차인원_혼잡도_2025.csv
2025,100,100,100100549,3,하계동 - 용산구청,29,29,1.0,1,available,122,1,1,3168,2445.79,1613.18,7,창문여고앞(00022),용산구청,1,data/raw/bus/all_bus_routes.json,data/processed/bus/버스_저상노선_시간대별_추정재차인원_혼잡도_2025.csv
2025,101,101,100100006,3,우이동 - 서소문,31,19,0.6129,1,available,81,1,1,2328,5218.95,2916.56,8,도봉구보건소앞(00012),서소문,1,data/raw/bus/all_bus_routes.json,data/processed/bus/버스_저상노선_시간대별_추정재차인원_혼잡도_2025.csv
2025,102,102,100100007,3,상계주공7단지 - 동대문,20,20,1.0,1,available,67,1,1,1800,4099.1,2642.52,8,북부시장입구(00018),동대문,1,data/raw/bus/all_bus_routes.json,data/processed/bus/버스_저상노선_시간대별_추정재차인원_혼잡도_2025.csv
2025,1020,1020,100100131,4,정릉 - 교보문고,15,5,0.3333,1,available,54,1,1,1368,12941.4,7614.26,16,신교동(00022),교보문고,1,data/raw/bus/all_bus_routes.json,data/processed/bus/버스_저상노선_시간대별_추정재차인원_혼잡도_2025.csv
2025,105,105,100100010,3,상계주공7단지 - 숭례문,18,18,1.0,1,available,86,1,1,2448,3668.83,2169.97,7,삼육서울병원(00024),숭례문,1,data/raw/bus/all_bus_routes.json,data/processed/bus/버스_저상노선_시간대별_추정재차인원_혼잡도_2025.csv
2025,107,107,100100012,3,민락동차고지 - 종로5가,25,24,0.96,1,available,120,1,1,3000,3808.62,1443.3,7,장암주공2단지.장암우성아파트(00030),종로5가,1,data/raw/bus/all_bus_routes.json,data/processed/bus/버스_저상노선_시간대별_추정재차인원_혼잡도_2025.csv
2025,109,109,100100014,3,우이동 - 광화문,14,13,0.9286,1,available,64,1,1,1776,3175.54,1669.67,7,길음동동부아파트(00019),광화문,1,data/raw/bus/all_bus_routes.json,data/processed/bus/버스_저상노선_시간대별_추정재차인원_혼잡도_2025.csv
2025,110A,110A,100100016,,정릉북한산국립공원입구 - 정릉북한산국립공원입구,44,27,0.6136,1,available,88,1,1,2256,2551.56,1812.45,18,순천향대학병원(00035),정릉,1,data/raw/bus/all_bus_routes.json,data/processed/bus/버스_저상노선_시간대별_추정재차인원_혼잡도_2025.csv
2025,110B,110B,100100015,,정릉북한산국립공원입구 - 정릉북한산국립공원입구,44,27,0.6136,1,available,91,1,1,2304,3188.89,2000.85,16,연희교차로(00031),정릉,1,data/raw/bus/all_bus_routes.json,data/processed/bus/버스_저상노선_시간대별_추정재차인원_혼잡도_2025.csv
2025,111,111,104000009,3,민락동차고지 - 동대문,13,7,0.5385,1,available,116,1,1,3072,5521.57,2781.71,7,만가대사거리(00018),동대문,1,data/raw/bus/all_bus_routes.json,data/processed/bus/버스_저상노선_시간대별_추정재차인원_혼잡도_2025.csv
2025,1111,1111,100100132,4,번동 - 성북동,17,16,0.9412,1,available,77,1,1,2256,3459.44,1964.09,7,장위3동주민센터(00010),성북동,1,data/raw/bus/all_bus_routes.json,data/processed/bus/버스_저상노선_시간대별_추정재차인원_혼잡도_2025.csv
2025,1112,1112,107000007,4,정릉4동 - 성북동,12,11,0.9167,1,available,62,1,1,1728,2689.27,1571.9,7,성암국제무역고등학교(00009),성북동,1,data/raw/bus/all_bus_routes.json,data/processed/bus/버스_저상노선_시간대별_추정재차인원_혼잡도_2025.csv
2025,1113,1113,100100133,4,정릉 - 월곡동,5,0,0.0,0,unavailable,34,1,0,0,,,,,,0,data/raw/bus/all_bus_routes.json,data/processed/bus/버스_저상노선_시간대별_추정재차인원_혼잡도_2025.csv
2025,1115,1115,100100566,4,수유중학교혜화여고 - 미아삼거리역,6,6,1.0,1,available,30,1,1,792,4802.33,2806.1,7,미아초교(00011),미아삼거리역,1,data/raw/bus/all_bus_routes.json,data/processed/bus/버스_저상노선_시간대별_추정재차인원_혼잡도_2025.csv
2025,1116,1116,107000001,4,국민대학교 - 미아삼거리역,5,0,0.0,0,unavailable,30,1,0,0,,,,,,0,data/raw/bus/all_bus_routes.json,data/processed/bus/버스_저상노선_시간대별_추정재차인원_혼잡도_2025.csv
2025,1120,1120,100100138,4,하계동 - 삼양동입구,14,14,1.0,1,available,85,1,1,2496,2495.0,1229.27,18,서울북부지방법원등기국(00016),삼양동입구,1,data/raw/bus/all_bus_routes.json,data/processed/bus/버스_저상노선_시간대별_추정재차인원_혼잡도_2025.csv
2025,1124,1124,100100139,4,수유역 - 미아삼거리역,6,1,0.1667,1,available,37,1,1,984,36766.0,13544.5,7,경남아너스빌.꿈의숲해링턴아파트(00012),미아삼거리역,1,data/raw/bus/all_bus_routes.json,data/processed/bus/버스_저상노선_시간대별_추정재차인원_혼잡도_2025.csv
2025,1127,1127,100100143,4,수유역 - 도봉산,9,9,1.0,1,available,60,1,1,1608,3731.11,1584.46,7,태영데시앙아파트(00027),도봉산,1,data/raw/bus/all_bus_routes.json,data/processed/bus/버스_저상노선_시간대별_추정재차인원_혼잡도_2025.csv
2025,1128,1128,100100144,4,도봉산 - 월곡동,14,14,1.0,1,available,81,1,1,2184,3536.64,1565.87,7,강북중학교(00021),월곡동,1,data/raw/bus/all_bus_routes.json,data/processed/bus/버스_저상노선_시간대별_추정재차인원_혼잡도_2025.csv
2025,1132,1132,100100148,4,월계동 - 노원역,17,14,0.8235,1,available,65,1,1,2064,5630.43,3230.47,18,노원역1번출구(00035),노원역,1,data/raw/bus/all_bus_routes.json,data/processed/bus/버스_저상노선_시간대별_추정재차인원_혼잡도_2025.csv
2025,1135,1135,100100150,4,월계동 - 은행사거리,10,8,0.8,1,available,59,1,1,1872,7023.62,2274.67,18,중계역2번출구(00024),은행사거리,1,data/raw/bus/all_bus_routes.json,data/processed/bus/버스_저상노선_시간대별_추정재차인원_혼잡도_2025.csv
2025,1138,1138,100100153,4,상계4동 - 수유역,7,7,1.0,1,available,52,1,1,2232,3936.14,1888.38,7,태영데시앙아파트(00023),수유역,1,data/raw/bus/all_bus_routes.json,data/processed/bus/버스_저상노선_시간대별_추정재차인원_혼잡도_2025.csv
2025,1139,1139,100100154,4,상계4동 - 방학3동주민센터,11,11,1.0,1,available,72,1,1,2064,3212.64,1665.07,7,상계119안전센터(00009),방학3동주민센터,1,data/raw/bus/all_bus_routes.json,data/processed/bus/버스_저상노선_시간대별_추정재차인원_혼잡도_2025.csv
2025,1140,1140,100100155,4,중계동 - 광운대,5,5,1.0,1,available,49,1,1,1320,4112.2,2245.84,18,상계역3번출구(00015),광운대,1,data/raw/bus/all_bus_routes.json,data/processed/bus/버스_저상노선_시간대별_추정재차인원_혼잡도_2025.csv
2025,1144,1144,100100159,4,하계동 - 우이동,9,1,0.1111,1,available,61,1,1,1536,32631.0,12022.75,7,서울문화고등학교(00042),하계동,1,data/raw/bus/all_bus_routes.json,data/processed/bus/버스_저상노선_시간대별_추정재차인원_혼잡도_2025.csv
2025,1154,1154,100100164,4,하계동 - 신곡동,11,11,1.0,1,available,57,1,1,1392,5858.09,3281.18,7,장암주공2단지.장암우성아파트(00037),하계동,1,data/raw/bus/all_bus_routes.json,data/processed/bus/버스_저상노선_시간대별_추정재차인원_혼잡도_2025.csv
2025,1155,1155,,,,,,,,unknown,0,0,0,0,,,,,,0,data/raw/bus/all_bus_routes.json,data/processed/bus/버스_저상노선_시간대별_추정재차인원_혼잡도_2025.csv
2025,1165,1165,100100172,4,화계사 - 미아삼거리역,22,20,0.9091,1,available,66,1,1,1728,2921.75,1738.19,8,광산사거리(00011),미아삼거리역,1,data/raw/bus/all_bus_routes.json,data/processed/bus/버스_저상노선_시간대별_추정재차인원_혼잡도_2025.csv
2025,1167,1167,108000002,4,우이동 - 은행사거리,13,3,0.2308,1,available,51,1,1,1272,18743.0,12586.12,8,오봉초등학교(00008),은행사거리,1,data/raw/bus/all_bus_routes.json,data/processed/bus/버스_저상노선_시간대별_추정재차인원_혼잡도_2025.csv
2025,120,120,100100017,3,우이동 - 청량리,32,22,0.6875,1,available,90,1,1,3720,3736.73,2644.3,18,성북구보건소(00069),우이동,1,data/raw/bus/all_bus_routes.json,data/processed/bus/버스_저상노선_시간대별_추정재차인원_혼잡도_2025.csv
2025,121,121,100100583,3,화계사 - 서울숲,27,20,0.7407,1,available,86,1,1,2328,3889.85,2152.88,7,답십리1동주민센터.래미안위브(00031),서울숲,1,data/raw/bus/all_bus_routes.json,data/processed/bus/버스_저상노선_시간대별_추정재차인원_혼잡도_2025.csv
2025,1213,1213,100100175,4,용마문화복지센터 - 국민대학교,21,19,0.9048,1,available,68,1,1,1872,3858.11,2174.96,7,서울우유앞(00013),국민대학교,1,data/raw/bus/all_bus_routes.json,data/processed/bus/버스_저상노선_시간대별_추정재차인원_혼잡도_2025.csv
2025,1218,1218,100100177,4,수유역 - 답십리,19,9,0.4737,1,available,85,1,1,2592,5606.22,2501.42,7,이문동삼익아파트(00032),답십리,1,data/raw/bus/all_bus_routes.json,data/processed/bus/버스_저상노선_시간대별_추정재차인원_혼잡도_2025.csv
2025,1222,1222,100100179,4,월계동 - 고대앞,11,10,0.9091,1,available,57,1,1,2448,2983.6,1441.29,8,이문동우체국(00019),고대앞,1,data/raw/bus/all_bus_routes.json,data/processed/bus/버스_저상노선_시간대별_추정재차인원_혼잡도_2025.csv
2025,1224,1224,100100181,4,상계동 - 청량리,24,24,1.0,1,available,88,1,1,2328,3248.46,2253.81,16,롯데마트(00075),상계동,1,data/raw/bus/all_bus_routes.json,data/processed/bus/버스_저상노선_시간대별_추정재차인원_혼잡도_2025.csv
2025,1227,1227,100100184,4,하계동 - 제기동,14,14,1.0,1,available,67,1,1,1752,2512.71,1299.9,8,국민은행중화동지점(00016),제기동,1,data/raw/bus/all_bus_routes.json,data/processed/bus/버스_저상노선_시간대별_추정재차인원_혼잡도_2025.csv
2025,130,130,100100018,3,우이동 - 길동,42,24,0.5714,1,available,87,1,1,2352,5858.29,3398.6,7,숭례초교(00024),길동,1,data/raw/bus/all_bus_routes.json,data/processed/bus/버스_저상노선_시간대별_추정재차인원_혼잡도_2025.csv
2025,140,140,100100019,3,도봉산역 - AT센터,45,31,0.6889,1,available,88,1,1,2328,4554.23,2893.26,17,국가인권위.안중근활동터(00058),도봉산역,1,data/raw/bus/all_bus_routes.json,data/processed/bus/버스_저상노선_시간대별_추정재차인원_혼잡도_2025.csv
2025,141,141,100100020,3,도봉산 - 염곡동,37,37,1.0,1,available,105,1,1,2808,2893.73,1509.77,7,뚝섬서울숲(00034),염곡동,1,data/raw/bus/all_bus_routes.json,data/processed/bus/버스_저상노선_시간대별_추정재차인원_혼잡도_2025.csv
2025,142,142,100100021,3,도봉산 - 방배동,38,38,1.0,1,available,106,1,1,2808,2373.47,1291.44,7,성북구청.성북경찰서(00024),방배동,1,data/raw/bus/all_bus_routes.json,data/processed/bus/버스_저상노선_시간대별_추정재차인원_혼잡도_2025.csv
2025,143,143,100100022,3,정릉 - 개포동,50,34,0.68,1,available,113,1,1,2928,3416.12,1985.52,7,정릉길음시장(00009),개포동,1,data/raw/bus/all_bus_routes.json,data/processed/bus/버스_저상노선_시간대별_추정재차인원_혼잡도_2025.csv
2025,144,144,100100023,3,우이동 - 교대,39,19,0.4872,1,available,99,1,1,2640,5559.21,2796.73,7,서울시중부기술교육원.블루스퀘어(00041),교대,1,data/raw/bus/all_bus_routes.json,data/processed/bus/버스_저상노선_시간대별_추정재차인원_혼잡도_2025.csv
2025,145,145,100100024,3,번동 - 강남역,34,17,0.5,1,available,103,1,1,3384,7276.12,3026.0,7,동아.위더스빌아파트(00026),강남역,1,data/raw/bus/all_bus_routes.json,data/processed/bus/버스_저상노선_시간대별_추정재차인원_혼잡도_2025.csv
2025,146,146,100100025,3,상계주공7단지 - 강남역,41,41,1.0,1,available,135,1,1,3600,2137.83,1404.11,7,영동대교북단(00054),강남역,1,data/raw/bus/all_bus_routes.json,data/processed/bus/버스_저상노선_시간대별_추정재차인원_혼잡도_2025.csv
2025,147,147,100100026,3,월계동 - 도곡동,39,36,0.9231,1,available,115,1,1,5616,3327.53,1364.53,7,학동역(00044),도곡동,1,data/raw/bus/all_bus_routes.json,data/processed/bus/버스_저상노선_시간대별_추정재차인원_혼잡도_2025.csv
2025,148,148,100100027,3,번동 - 방배동,31,26,0.8387,1,available,84,1,1,2256,3177.69,1672.92,7,숭례초교(00014),방배동,1,data/raw/bus/all_bus_routes.json,data/processed/bus/버스_저상노선_시간대별_추정재차인원_혼잡도_2025.csv
2025,150,150,100100029,3,도봉산역 - 시흥대교,50,43,0.86,1,available,123,1,1,3192,2708.7,1597.36,7,문성초등학교(00067),도봉산역,1,data/raw/bus/all_bus_routes.json,data/processed/bus/버스_저상노선_시간대별_추정재차인원_혼잡도_2025.csv
2025,151,151,100100030,3,우이동 - 중앙대,35,19,0.5429,1,available,95,1,1,2448,5842.95,2720.21,7,삼선교.한성대학교(00029),중앙대,1,data/raw/bus/all_bus_routes.json,data/processed/bus/버스_저상노선_시간대별_추정재차인원_혼잡도_2025.csv
2025,152,152,100100031,3,화계사 - 삼막사사거리,51,32,0.6275,1,available,131,1,1,3600,3842.72,2018.67,7,청화병원(00089),화계사,1,data/raw/bus/all_bus_routes.json,data/processed/bus/버스_저상노선_시간대별_추정재차인원_혼잡도_2025.csv
2025,160,160,100100033,3,도봉산역광역환승센터 - 온수동종점,49,42,0.8571,1,available,120,1,1,4632,3466.33,1921.19,17,파크원타워.LG트윈타워(00079),도봉산역광역환승센터,1,data/raw/bus/all_bus_routes.json,data/processed/bus/버스_저상노선_시간대별_추정재차인원_혼잡도_2025.csv
2025,162,162,100100034,3,정릉 - 여의도,29,22,0.7586,1,available,77,1,1,2040,4353.27,2186.82,8,돈암2동주민센터입구.흥천사(00010),여의도,1,data/raw/bus/all_bus_routes.json,data/processed/bus/버스_저상노선_시간대별_추정재차인원_혼잡도_2025.csv
2025,163,163,100100032,3,우이동 - 대방역,42,24,0.5714,1,available,112,1,1,2880,5563.04,2712.23,7,광흥창역.서강동주민센터(00053),대방역,1,data/raw/bus/all_bus_routes.json,data/processed/bus/버스_저상노선_시간대별_추정재차인원_혼잡도_2025.csv
2025,171,171,100100036,3,국민대앞 - 월드컵파크7단지,29,17,0.5862,1,available,84,1,1,2160,4293.06,2473.47,17,창경궁.서울대학교병원(00072),국민대앞,1,data/raw/bus/all_bus_routes.json,data/processed/bus/버스_저상노선_시간대별_추정재차인원_혼잡도_2025.csv
2025,1711,1711,100100185,4,국민대 - 공덕동,23,20,0.8696,1,available,64,1,1,1656,5593.45,3199.2,17,신교동(00014),공덕동,1,data/raw/bus/all_bus_routes.json,data/processed/bus/버스_저상노선_시간대별_추정재차인원_혼잡도_2025.csv
2025,173,173,110000002,3,월계동 - 신촌기차역,25,24,0.96,1,available,112,1,1,3072,1536.67,973.27,4,우신향병원(00021),신촌기차역,1,data/raw/bus/all_bus_routes.json,data/processed/bus/버스_저상노선_시간대별_추정재차인원_혼잡도_2025.csv
2025,201,201,100100038,3,수택동차고지 - 서울역환승센터,19,17,0.8947,1,available,116,1,1,3336,2584.29,1470.26,17,동부제일병원.망우역사문화공원(중)(00090),수택동차고지,1,data/raw/bus/all_bus_routes.json,data/processed/bus/버스_저상노선_시간대별_추정재차인원_혼잡도_2025.csv
2025,2012,2012,100100186,4,중랑공영차고지 - 동대문역사문화공원,20,15,0.75,1,available,113,1,1,3024,3816.87,2051.01,7,성동세무서(00044),동대문역사문화공원,1,data/raw/bus/all_bus_routes.json,data/processed/bus/버스_저상노선_시간대별_추정재차인원_혼잡도_2025.csv
2025,2013,2013,100100188,4,용마문화복지센터 - 신당역,11,11,1.0,1,available,62,1,1,1608,5502.18,2030.0,7,동대문중학교(00017),신당역,1,data/raw/bus/all_bus_routes.json,data/processed/bus/버스_저상노선_시간대별_추정재차인원_혼잡도_2025.csv
2025,2014,2014,100100189,4,성수동 - 동대문역사문화공원,14,13,0.9286,1,available,67,1,1,3192,3146.62,940.17,8,천주교성수동성당앞(00018),동대문역사문화공원,1,data/raw/bus/all_bus_routes.json,data/processed/bus/버스_저상노선_시간대별_추정재차인원_혼잡도_2025.csv
2025,2015,2015,100100190,4,중랑공영차고지 - 동대문운동장,25,24,0.96,1,available,83,1,1,2736,3636.88,1717.41,7,답십리초등학교앞(00028),동대문운동장,1,data/raw/bus/all_bus_routes.json,data/processed/bus/버스_저상노선_시간대별_추정재차인원_혼잡도_2025.csv
2025,2016,2016,100100522,4,중랑공영차고지 - 이촌2동,25,19,0.76,1,available,138,1,1,3792,3097.84,1876.09,20,건대입구역사거리.건대병원(00107),중랑공영차고지,1,data/raw/bus/all_bus_routes.json,data/processed/bus/버스_저상노선_시간대별_추정재차인원_혼잡도_2025.csv
2025,202,202,100100039,3,불암동 - 후암동,36,36,1.0,1,available,131,1,1,3480,2997.58,1550.76,7,텐즈힐아파트.청계벽산아파트(00046),후암동,1,data/raw/bus/all_bus_routes.json,data/processed/bus/버스_저상노선_시간대별_추정재차인원_혼잡도_2025.csv
2025,2112,2112,100100191,4,면목동 - 성북동,14,2,0.1429,1,available,112,1,1,4632,48382.5,21692.2,18,장한평역3번출구(00091),면목동,1,data/raw/bus/all_bus_routes.json,data/processed/bus/버스_저상노선_시간대별_추정재차인원_혼잡도_2025.csv
2025,2211,2211,100100194,4,면목동 - 회기역,18,9,0.5,1,available,51,1,1,1848,18900.67,5349.95,8,현대벤처빌.현대썬앤빌(00039),회기역,1,data/raw/bus/all_bus_routes.json,data/processed/bus/버스_저상노선_시간대별_추정재차인원_혼잡도_2025.csv
2025,2212,2212,100100166,4,불암동 - 면목동(서일대),10,1,0.1,1,available,88,1,1,2496,20609.0,8325.0,7,경춘선숲길화랑대역공원(00014),면목동(서일대),1,data/raw/bus/all_bus_routes.json,data/processed/bus/버스_저상노선_시간대별_추정재차인원_혼잡도_2025.csv
2025,2221,2221,100100198,4,자양동 - 신설동,20,16,0.8,1,available,61,1,1,2304,4019.06,2124.77,18,답십리역사거리(00016),신설동,1,data/raw/bus/all_bus_routes.json,data/processed/bus/버스_저상노선_시간대별_추정재차인원_혼잡도_2025.csv
2025,2222,2222,100100199,4,자양동 - 고대앞,14,14,1.0,1,available,62,1,1,1584,3587.57,2066.48,8,신양초등학교앞(00011),고대앞,1,data/raw/bus/all_bus_routes.json,data/processed/bus/버스_저상노선_시간대별_추정재차인원_혼잡도_2025.csv
2025,2224,2224,100100201,4,성수동 - 강변역,11,0,0.0,0,unavailable,55,1,0,0,,,,,,0,data/raw/bus/all_bus_routes.json,data/processed/bus/버스_저상노선_시간대별_추정재차인원_혼잡도_2025.csv
2025,2227,2227,100100202,4,중랑차고지 - 광장동,22,22,1.0,1,available,108,1,1,3096,2663.32,1216.42,7,혜원여중고후문(00021),광장동,1,data/raw/bus/all_bus_routes.json,data/processed/bus/버스_저상노선_시간대별_추정재차인원_혼잡도_2025.csv
2025,2230,2230,100100203,4,면목동 - 경동시장,19,9,0.4737,1,available,92,1,1,2448,7476.56,3741.81,7,전동초등학교.전농동SK아파트(00039),경동시장,1,data/raw/bus/all_bus_routes.json,data/processed/bus/버스_저상노선_시간대별_추정재차인원_혼잡도_2025.csv
2025,2233,2233,100100204,4,면목동 - 옥수동,16,8,0.5,1,available,120,1,1,3696,11919.12,4487.69,18,장한평역3번출구(00104),면목동,1,data/raw/bus/all_bus_routes.json,data/processed/bus/버스_저상노선_시간대별_추정재차인원_혼잡도_2025.csv
2025,2236,2236,111000019,4,중랑차고지 - 신이문역,15,6,0.4,1,available,86,1,1,2592,4806.5,2018.25,7,신내9단지아파트.서울의료원(00072),중랑차고지,1,data/raw/bus/all_bus_routes.json,data/processed/bus/버스_저상노선_시간대별_추정재차인원_혼잡도_2025.csv
2025,2311,2311,100100599,4,중랑차고지 - 문정동,22,9,0.4091,1,available,117,1,1,3144,5560.0,2767.13,7,구의2동주민센터입구(00040),문정동,1,data/raw/bus/all_bus_routes.json,data/processed/bus/버스_저상노선_시간대별_추정재차인원_혼잡도_2025.csv
2025,2312,2312,100100611,4,강동차고지 - 중랑차고지,19,11,0.5789,1,available,105,1,1,5376,5426.27,2650.32,7,사가정역4번출구.사가정시장(00022),강동차고지,1,data/raw/bus/all_bus_routes.json,data/processed/bus/버스_저상노선_시간대별_추정재차인원_혼잡도_2025.csv
2025,240,240,100100407,3,중랑공영차고지 - 한강버스압구정선착장,22,20,0.9091,1,available,122,1,1,7944,2269.25,1314.75,7,영동대교북단(00050),한강버스압구정선착장,1,data/raw/bus/all_bus_routes.json,data/processed/bus/버스_저상노선_시간대별_추정재차인원_혼잡도_2025.csv
2025,241,241,100100595,3,중랑공영차고지 - 논현역,28,14,0.5,1,available,124,1,1,3072,4892.0,1892.25,7,옥정중학교입구(00056),논현역,1,data/raw/bus/all_bus_routes.json,data/processed/bus/버스_저상노선_시간대별_추정재차인원_혼잡도_2025.csv
2025,2412,2412,100100209,4,성수동 - 세곡동사거리,15,15,1.0,1,available,76,1,1,2112,4728.13,2685.49,18,수서역6번출구(00029),세곡동사거리,1,data/raw/bus/all_bus_routes.json,data/processed/bus/버스_저상노선_시간대별_추정재차인원_혼잡도_2025.csv
2025,2413,2413,100100210,4,성수동 - 개포동,11,11,1.0,1,available,69,1,1,1824,2789.73,1532.4,18,도곡역4번출구(00031),개포동,1,data/raw/bus/all_bus_routes.json,data/processed/bus/버스_저상노선_시간대별_추정재차인원_혼잡도_2025.csv
2025,2415,2415,100100211,4,자양동 - 대치동,20,12,0.6,1,available,52,1,1,1320,7176.0,1963.26,8,청담역7번출구(00018),대치동,1,data/raw/bus/all_bus_routes.json,data/processed/bus/버스_저상노선_시간대별_추정재차인원_혼잡도_2025.csv
2025,2416,2416,104000010,4,중랑공영차고지 - 삼성역,15,15,1.0,1,available,88,1,1,2400,4656.6,2218.9,18,장한평역3번출구(00064),중랑공영차고지,1,data/raw/bus/all_bus_routes.json,data/processed/bus/버스_저상노선_시간대별_추정재차인원_혼잡도_2025.csv
2025,242,242,104000006,3,중랑공영차고지 - 개포동,19,18,0.9474,1,available,108,1,1,2952,2977.89,1543.4,4,화양사거리(00024),개포동,1,data/raw/bus/all_bus_routes.json,data/processed/bus/버스_저상노선_시간대별_추정재차인원_혼잡도_2025.csv
2025,260,260,100100042,3,중랑차고지 - 국회의사당역,30,30,1.0,1,available,97,1,1,2616,3424.7,1884.54,7,마포역(00047),국회의사당역,1,data/raw/bus/all_bus_routes.json,data/processed/bus/버스_저상노선_시간대별_추정재차인원_혼잡도_2025.csv
2025,261,261,100100043,3,석관동(상진운수종점) - 여의도,33,27,0.8182,1,available,120,1,1,5592,2911.15,1532.56,7,마포역(00055),여의도,1,data/raw/bus/all_bus_routes.json,data/processed/bus/버스_저상노선_시간대별_추정재차인원_혼잡도_2025.csv
2025,262,262,100100044,3,중랑차고지 - 여의도,34,22,0.6471,1,available,136,1,1,3600,4217.45,2240.72,7,롯데캐슬노블레스(00033),여의도,1,data/raw/bus/all_bus_routes.json,data/processed/bus/버스_저상노선_시간대별_추정재차인원_혼잡도_2025.csv
2025,270,270,100100046,3,상암차고지 - 망우리(양원역),33,30,0.9091,1,available,98,1,1,2592,2461.9,1722.91,18,청량리역환승센터(00036),망우리(양원역),1,data/raw/bus/all_bus_routes.json,data/processed/bus/버스_저상노선_시간대별_추정재차인원_혼잡도_2025.csv
2025,271,271,100100047,3,용마문화복지센터 - 월드컵파크7단지,45,39,0.8667,1,available,123,1,1,3216,3094.62,2255.1,7,서울우유앞(00016),월드컵파크7단지,1,data/raw/bus/all_bus_routes.json,data/processed/bus/버스_저상노선_시간대별_추정재차인원_혼잡도_2025.csv
2025,272,272,100100048,3,면목동 - 남가좌동,41,28,0.6829,1,available,94,1,1,2544,4621.14,2804.64,7,혜화동로터리.여운형활동터(00030),남가좌동,1,data/raw/bus/all_bus_routes.json,data/processed/bus/버스_저상노선_시간대별_추정재차인원_혼잡도_2025.csv
2025,273,273,100100049,3,중랑공영차고지 - 홍대입구역,39,39,1.0,1,available,113,1,1,2928,2627.95,1531.23,17,서대문역사거리(00046),홍대입구역,1,data/raw/bus/all_bus_routes.json,data/processed/bus/버스_저상노선_시간대별_추정재차인원_혼잡도_2025.csv
2025,301,301,100100051,3,장지공영차고지 - 혜화동,42,27,0.6429,1,available,100,1,1,2520,2981.04,1977.74,18,압구정파출소(00037),혜화동,1,data/raw/bus/all_bus_routes.json,data/processed/bus/버스_저상노선_시간대별_추정재차인원_혼잡도_2025.csv
2025,3011,3011,100100438,4,장지공영차고지 - 한남동,23,15,0.6522,1,available,88,1,1,2184,3849.2,1766.39,9,강남구청역(00033),한남동,1,data/raw/bus/all_bus_routes.json,data/processed/bus/버스_저상노선_시간대별_추정재차인원_혼잡도_2025.csv
2025,302,302,100100052,3,상대원차고지 - 상왕십리역,29,25,0.8621,1,available,126,1,1,3336,2358.64,1331.71,7,성동세무서(00054),상왕십리역,1,data/raw/bus/all_bus_routes.json,data/processed/bus/버스_저상노선_시간대별_추정재차인원_혼잡도_2025.csv
2025,303,303,100100053,3,상대원차고지 - 신설동역,39,33,0.8462,1,available,106,1,1,2688,2572.52,1695.74,7,군자역.용마초등학교(00046),신설동역,1,data/raw/bus/all_bus_routes.json,data/processed/bus/버스_저상노선_시간대별_추정재차인원_혼잡도_2025.csv
2025,320,320,100100564,3,복정역환승센터 - 중랑구청,26,19,0.7308,1,available,88,1,1,2352,4380.21,2841.16,18,중곡동입구(00019),중랑구청,1,data/raw/bus/all_bus_routes.json,data/processed/bus/버스_저상노선_시간대별_추정재차인원_혼잡도_2025.csv
2025,3212,3212,100100212,4,강동차고지 - 강변역,10,7,0.7,1,available,67,1,1,1728,5659.14,2199.21,7,성내삼성청구아파트(00028),강변역,1,data/raw/bus/all_bus_routes.json,data/processed/bus/버스_저상노선_시간대별_추정재차인원_혼잡도_2025.csv
2025,3214,3214,100100213,4,마천동 - 강변역,11,6,0.5455,1,available,57,1,1,1464,6936.67,3529.53,8,신흥운수입구(00012),강변역,1,data/raw/bus/all_bus_routes.json,data/processed/bus/버스_저상노선_시간대별_추정재차인원_혼잡도_2025.csv
2025,3216,3216,100100215,4,오금동 - 경희대입구,20,14,0.7,1,available,91,1,1,2424,3780.79,2252.9,18,답십리역사거리(00028),경희대입구,1,data/raw/bus/all_bus_routes.json,data/processed/bus/버스_저상노선_시간대별_추정재차인원_혼잡도_2025.csv
2025,3217,3217,100100216,4,송파차고지 - 어린이대공원,29,27,0.931,1,available,83,1,1,2136,2333.74,1391.23,7,문정1동주민센터.로데오거리(00020),어린이대공원,1,data/raw/bus/all_bus_routes.json,data/processed/bus/버스_저상노선_시간대별_추정재차인원_혼잡도_2025.csv
2025,3220,3220,100100218,4,오금동 - 청량리,19,19,1.0,1,available,91,1,1,2424,2723.58,1533.26,18,화양사거리(00027),청량리,1,data/raw/bus/all_bus_routes.json,data/processed/bus/버스_저상노선_시간대별_추정재차인원_혼잡도_2025.csv
2025,3313,3313,100100219,4,복정역환승센터 - 잠실새내역,18,13,0.7222,1,available,42,1,1,1128,6296.31,4365.48,18,송파구청.방이맛골(00025),복정역환승센터,1,data/raw/bus/all_bus_routes.json,data/processed/bus/버스_저상노선_시간대별_추정재차인원_혼잡도_2025.csv
2025,3314,3314,100100220,4,장지공영차고지 - 종합운동장,17,17,1.0,1,available,69,1,1,1776,4094.0,1600.24,7,한양공원(00020),종합운동장,1,data/raw/bus/all_bus_routes.json,data/processed/bus/버스_저상노선_시간대별_추정재차인원_혼잡도_2025.csv
2025,3315,3315,100100221,4,장지공영차고지 - 삼전동사회복지관,23,19,0.8261,1,available,75,1,1,1992,5223.47,2977.62,7,송파나루역(00029),삼전동사회복지관,1,data/raw/bus/all_bus_routes.json,data/processed/bus/버스_저상노선_시간대별_추정재차인원_혼잡도_2025.csv
2025,3316,3316,100100222,4,마천동 - 천호역,10,10,1.0,1,available,42,1,1,1104,4527.4,2922.68,7,오륜사거리(00014),천호역,1,data/raw/bus/all_bus_routes.json,data/processed/bus/버스_저상노선_시간대별_추정재차인원_혼잡도_2025.csv
2025,3317,3317,100100478,4,남한산성입구 - 잠실새내역,11,1,0.0909,1,available,42,1,1,1536,58394.0,32014.25,8,가락쌍용1차아파트(00011),잠실새내역,1,data/raw/bus/all_bus_routes.json,data/processed/bus/버스_저상노선_시간대별_추정재차인원_혼잡도_2025.csv
2025,3318,3318,100100498,4,강동차고지 - 마천동,20,16,0.8,1,available,114,1,1,2856,4038.44,1777.31,7,고덕리엔파크1단지(00010),마천동,1,data/raw/bus/all_bus_routes.json,data/processed/bus/버스_저상노선_시간대별_추정재차인원_혼잡도_2025.csv
2025,3319,3319,100100501,4,장지공영차고지 - 잠실역7번출구,12,10,0.8333,1,available,57,1,1,1392,3508.0,1888.61,7,강동보건소앞(00020),잠실역7번출구,1,data/raw/bus/all_bus_routes.json,data/processed/bus/버스_저상노선_시간대별_추정재차인원_혼잡도_2025.csv
2025,3321,3321,100100578,4,강동공영차고지 - 강동구청,10,7,0.7,1,available,74,1,1,1872,5997.0,2668.23,8,천일중.구강사(00031),강동구청,1,data/raw/bus/all_bus_routes.json,data/processed/bus/버스_저상노선_시간대별_추정재차인원_혼잡도_2025.csv
2025,3322,3322,100100613,4,복정역환승센터 - 잠실종합운동장,19,17,0.8947,1,available,61,1,1,1584,3703.06,1528.19,18,문정역2번출구(00004),잠실종합운동장,1,data/raw/bus/all_bus_routes.json,data/processed/bus/버스_저상노선_시간대별_추정재차인원_혼잡도_2025.csv
2025,3323,3323,124000039,4,강동차고지 - 한강버스잠실선착장,15,13,0.8667,1,available,78,1,1,5712,4083.77,1592.33,7,초이동(00019),한강버스잠실선착장,1,data/raw/bus/all_bus_routes.json,data/processed/bus/버스_저상노선_시간대별_추정재차인원_혼잡도_2025.csv
2025,3324,3324,104000013,4,강동공영차고지 - 강동역,12,12,1.0,1,available,57,1,1,3816,4681.83,1710.17,18,래미안힐스테이트고덕(00014),강동역,1,data/raw/bus/all_bus_routes.json,data/processed/bus/버스_저상노선_시간대별_추정재차인원_혼잡도_2025.csv
2025,333,333,100100496,3,복정역환승센터 - 올림픽공원,28,25,0.8929,1,available,103,1,1,2616,2492.44,975.14,7,위례포레샤인.위례31단지후문(00014),올림픽공원,1,data/raw/bus/all_bus_routes.json,data/processed/bus/버스_저상노선_시간대별_추정재차인원_혼잡도_2025.csv
2025,340,340,100100055,3,강동공영차고지 - 강남역,35,24,0.6857,1,available,106,1,1,2736,4458.92,2328.1,7,아주중학교(00041),강남역,1,data/raw/bus/all_bus_routes.json,data/processed/bus/버스_저상노선_시간대별_추정재차인원_혼잡도_2025.csv
2025,341,341,100100056,3,강동공영차고지 - 우면동,24,23,0.9583,1,available,93,1,1,2424,2700.74,1694.03,7,잠실파크리오아파트상가.올림픽회관(00020),우면동,1,data/raw/bus/all_bus_routes.json,data/processed/bus/버스_저상노선_시간대별_추정재차인원_혼잡도_2025.csv
2025,3411,3411,100100223,4,강동차고지 - 한티역,17,15,0.8824,1,available,90,1,1,2280,3242.4,1628.3,7,잠실파크리오아파트상가.올림픽회관(00031),한티역,1,data/raw/bus/all_bus_routes.json,data/processed/bus/버스_저상노선_시간대별_추정재차인원_혼잡도_2025.csv
2025,3412,3412,100100224,4,강동차고지 - 강남역,22,16,0.7273,1,available,117,1,1,2856,2390.75,1175.91,7,한국전력공사강동송파지사(00030),강남역,1,data/raw/bus/all_bus_routes.json,data/processed/bus/버스_저상노선_시간대별_추정재차인원_혼잡도_2025.csv
2025,3413,3413,100100225,4,강동차고지 - 수서경찰서,26,21,0.8077,1,available,101,1,1,2544,3473.81,2367.1,8,서울프라임한방병원(00024),수서경찰서,1,data/raw/bus/all_bus_routes.json,data/processed/bus/버스_저상노선_시간대별_추정재차인원_혼잡도_2025.csv
2025,3414,3414,100100226,4,오금동 - 개포동,20,15,0.75,1,available,89,1,1,2352,3805.2,1656.55,7,송파나루역(00015),개포동,1,data/raw/bus/all_bus_routes.json,data/processed/bus/버스_저상노선_시간대별_추정재차인원_혼잡도_2025.csv
2025,3416,3416,100100228,4,마천동 - 은곡마을입구.리엔파크2단지,10,10,1.0,1,available,65,1,1,1608,3468.2,2074.85,18,수서역6번출구(00026),은곡마을입구.리엔파크2단지,1,data/raw/bus/all_bus_routes.json,data/processed/bus/버스_저상노선_시간대별_추정재차인원_혼잡도_2025.csv
2025,3417,3417,100100229,4,장지공영차고지 - 삼성역,23,15,0.6522,1,available,60,1,1,1536,5616.53,2024.65,8,잠실근린공원.성현교회(00025),삼성역,1,data/raw/bus/all_bus_routes.json,data/processed/bus/버스_저상노선_시간대별_추정재차인원_혼잡도_2025.csv
2025,342,342,124000038,3,강동공영차고지 - 압구정로데오역,26,16,0.6154,1,available,111,1,1,2880,5237.19,2161.79,7,고덕리엔파크1단지(00012),압구정로데오역,1,data/raw/bus/all_bus_routes.json,data/processed/bus/버스_저상노선_시간대별_추정재차인원_혼잡도_2025.csv
2025,3420,3420,100100579,4,복정역환승센터 - 구반포역,24,19,0.7917,1,available,89,1,1,2280,3370.79,1432.29,7,삼전역.잠실현대아파트(00022),구반포역,1,data/raw/bus/all_bus_routes.json,data/processed/bus/버스_저상노선_시간대별_추정재차인원_혼잡도_2025.csv
2025,3422,3422,100100232,4,장지공영차고지 - 한티역,17,12,0.7059,1,available,92,1,1,2640,2239.83,1017.03,7,송파레이크파크호반써밋1차정문(00090),한티역,1,data/raw/bus/all_bus_routes.json,data/processed/bus/버스_저상노선_시간대별_추정재차인원_혼잡도_2025.csv
2025,3426,3426,100100612,4,서울버스종점 - 청담동,21,15,0.7143,1,available,87,1,1,2232,2826.8,1141.79,7,LH수서아파트(00012),청담동,1,data/raw/bus/all_bus_routes.json,data/processed/bus/버스_저상노선_시간대별_추정재차인원_혼잡도_2025.csv
2025,343,343,107000002,3,복정역환승센터 - 압구정역,18,12,0.6667,1,available,69,1,1,1728,2864.0,1464.08,8,쌍용아파트(00022),압구정역,1,data/raw/bus/all_bus_routes.json,data/processed/bus/버스_저상노선_시간대별_추정재차인원_혼잡도_2025.csv
2025,345,345,124000036,3,복정역환승센터 - 구반포역,25,18,0.72,1,available,87,1,1,2112,2417.89,1511.84,18,장지역.가든파이브(00075),복정역환승센터,1,data/raw/bus/all_bus_routes.json,data/processed/bus/버스_저상노선_시간대별_추정재차인원_혼잡도_2025.csv
2025,350,350,100100553,3,복정역환승센터 - 노들역,26,26,1.0,1,available,97,1,1,2472,2018.04,1159.83,8,잠실근린공원.성현교회(00013),노들역,1,data/raw/bus/all_bus_routes.json,data/processed/bus/버스_저상노선_시간대별_추정재차인원_혼잡도_2025.csv
2025,360,360,100100057,3,복정역환승센터 - 여의도환승센터,51,33,0.6471,1,available,91,1,1,2328,4235.67,1964.61,7,신길역1번출구(00041),여의도환승센터,1,data/raw/bus/all_bus_routes.json,data/processed/bus/버스_저상노선_시간대별_추정재차인원_혼잡도_2025.csv
2025,361,361,100100454,3,복정역환승센터 - 여의도,25,19,0.76,1,available,95,1,1,2328,2908.42,1220.06,7,흑석동효사정앞(00044),여의도,1,data/raw/bus/all_bus_routes.json,data/processed/bus/버스_저상노선_시간대별_추정재차인원_혼잡도_2025.csv
2025,370,370,100100061,3,강동공영차고지 - 충정로역,39,38,0.9744,1,available,94,1,1,2400,2944.68,2038.51,7,신답초등학교.청계한신휴플러스(00032),충정로역,1,data/raw/bus/all_bus_routes.json,data/processed/bus/버스_저상노선_시간대별_추정재차인원_혼잡도_2025.csv
2025,400,400,100100596,3,염곡동 - 시청,23,14,0.6087,1,available,104,1,1,2736,3922.57,2384.02,16,국립중앙박물관용산가족공원(00030),시청,1,data/raw/bus/all_bus_routes.json,data/processed/bus/버스_저상노선_시간대별_추정재차인원_혼잡도_2025.csv
2025,401,401,100100062,3,장지공영차고지 - 서울역,28,19,0.6786,1,available,99,1,1,2640,3595.21,1876.03,7,이태원동남산대림아파트.용산동아파트(00043),서울역,1,data/raw/bus/all_bus_routes.json,data/processed/bus/버스_저상노선_시간대별_추정재차인원_혼잡도_2025.csv
2025,402,402,100100063,3,장지공영차고지 - 시청,37,26,0.7027,1,available,110,1,1,2976,2999.62,2033.27,17,장충단로입구(00044),시청,1,data/raw/bus/all_bus_routes.json,data/processed/bus/버스_저상노선_시간대별_추정재차인원_혼잡도_2025.csv
2025,405,405,100100597,3,염곡동 - 시청앞,17,9,0.5294,1,available,87,1,1,2472,4645.67,2757.16,17,장충단로입구(00057),시청앞,1,data/raw/bus/all_bus_routes.json,data/processed/bus/버스_저상노선_시간대별_추정재차인원_혼잡도_2025.csv
2025,406,406,100100064,3,개포동 - 서울역,17,17,1.0,1,available,68,1,1,1704,3452.59,1725.72,7,이태원동남산대림아파트.용산동아파트(00028),서울역,1,data/raw/bus/all_bus_routes.json,data/processed/bus/버스_저상노선_시간대별_추정재차인원_혼잡도_2025.csv
2025,420,420,100100068,3,개포동 - 청량리,37,37,1.0,1,available,89,1,1,4080,2501.65,1547.84,17,국립극장.반얀트리호텔(00025),청량리,1,data/raw/bus/all_bus_routes.json,data/processed/bus/버스_저상노선_시간대별_추정재차인원_혼잡도_2025.csv
2025,421,421,100100409,3,염곡동차고지 - 옥수동,39,23,0.5897,1,available,113,1,1,3072,3121.17,2077.93,17,보광동(00021),옥수동,1,data/raw/bus/all_bus_routes.json,data/processed/bus/버스_저상노선_시간대별_추정재차인원_혼잡도_2025.csv
2025,4211,4211,100100604,4,염곡동차고지 - 행당중학교,16,14,0.875,1,available,75,1,1,1872,3700.21,2075.6,7,언주역2번출구.차병원사거리(00062),염곡동차고지,1,data/raw/bus/all_bus_routes.json,data/processed/bus/버스_저상노선_시간대별_추정재차인원_혼잡도_2025.csv
2025,4212,4212,100100234,4,남태령역 - 중곡역,28,27,0.9643,1,available,72,1,1,1896,3992.59,2281.71,8,신사역1번출구(00015),중곡역,1,data/raw/bus/all_bus_routes.json,data/processed/bus/버스_저상노선_시간대별_추정재차인원_혼잡도_2025.csv
2025,422,422,107000008,3,구미동차고지 - 중곡역,15,0,0.0,0,unavailable,116,1,0,0,,,,,,0,data/raw/bus/all_bus_routes.json,data/processed/bus/버스_저상노선_시간대별_추정재차인원_혼잡도_2025.csv
2025,4312,4312,100100500,4,개포동 - 가락1동주민센터,27,17,0.6296,1,available,86,1,1,2208,2891.76,1733.69,8,영동시장.논현역3번출구(00017),가락1동주민센터,1,data/raw/bus/all_bus_routes.json,data/processed/bus/버스_저상노선_시간대별_추정재차인원_혼잡도_2025.csv
2025,4318,4318,100100237,4,남태령역 - 천호역,36,13,0.3611,1,available,108,1,1,2712,6671.15,2951.34,7,올림픽대교남단교차로(00043),천호역,1,data/raw/bus/all_bus_routes.json,data/processed/bus/버스_저상노선_시간대별_추정재차인원_혼잡도_2025.csv
2025,4319,4319,100100427,4,남태령역 - 잠실역,20,14,0.7,1,available,78,1,1,3528,4759.14,2184.85,8,방배역(00010),잠실역,1,data/raw/bus/all_bus_routes.json,data/processed/bus/버스_저상노선_시간대별_추정재차인원_혼잡도_2025.csv
2025,440,440,100100459,3,복정역환승센터 - 압구정동한양파출소앞,28,21,0.75,1,available,95,1,1,2448,3288.81,1707.03,7,세곡푸르지오.은곡삼거리(00025),압구정동한양파출소앞,1,data/raw/bus/all_bus_routes.json,data/processed/bus/버스_저상노선_시간대별_추정재차인원_혼잡도_2025.csv
2025,441,441,100100070,3,월암공영차고지 - 한강버스압구정선착장,29,22,0.7586,1,available,127,1,1,10992,3153.36,1476.08,7,민백마을(00029),한강버스압구정선착장,1,data/raw/bus/all_bus_routes.json,data/processed/bus/버스_저상노선_시간대별_추정재차인원_혼잡도_2025.csv
2025,4425,4425,100100609,4,상대원차고지 - 삼성역,19,16,0.8421,1,available,109,1,1,2808,3004.0,1236.73,7,LH수서아파트(00038),삼성역,1,data/raw/bus/all_bus_routes.json,data/processed/bus/버스_저상노선_시간대별_추정재차인원_혼잡도_2025.csv
2025,4432,4432,100100246,4,개포동 - 신원동,14,6,0.4286,1,available,58,1,1,2640,7606.67,3804.52,8,AT센터.양재꽃시장(00019),신원동,1,data/raw/bus/all_bus_routes.json,data/processed/bus/버스_저상노선_시간대별_추정재차인원_혼잡도_2025.csv
2025,4435,4435,122000001,4,개포동차고지 - 서초역,13,5,0.3846,1,available,56,1,1,2760,10756.0,4836.07,7,현대빌라.에코맘코리아(00037),개포동차고지,1,data/raw/bus/all_bus_routes.json,data/processed/bus/버스_저상노선_시간대별_추정재차인원_혼잡도_2025.csv
2025,452,452,113000002,3,송파공영차고지 - 중앙대학교,34,17,0.5,1,available,127,1,1,3552,4038.65,2013.91,7,세곡푸르지오.은곡삼거리(00037),중앙대학교,1,data/raw/bus/all_bus_routes.json,data/processed/bus/버스_저상노선_시간대별_추정재차인원_혼잡도_2025.csv
2025,461,461,100100071,3,장지공영차고지 - 여의도공원,40,25,0.625,1,available,139,1,1,3624,3826.16,1825.8,7,공군호텔(00063),여의도공원,1,data/raw/bus/all_bus_routes.json,data/processed/bus/버스_저상노선_시간대별_추정재차인원_혼잡도_2025.csv
2025,463,463,100100605,3,염곡동차고지 - 국회의사당,30,22,0.7333,1,available,95,1,1,2544,3437.0,1804.69,7,역삼역6번출구(00085),염곡동차고지,1,data/raw/bus/all_bus_routes.json,data/processed/bus/버스_저상노선_시간대별_추정재차인원_혼잡도_2025.csv
2025,470,470,100100073,3,상암차고지 - 안골마을,33,31,0.9394,1,available,85,1,1,4200,2593.84,1963.14,7,서대문우체국(00018),안골마을,1,data/raw/bus/all_bus_routes.json,data/processed/bus/버스_저상노선_시간대별_추정재차인원_혼잡도_2025.csv
2025,472,472,100100075,3,개포동차고지 - 신촌로타리,31,31,1.0,1,available,75,1,1,2856,2394.45,1405.32,9,강남구청역(00016),신촌로타리,1,data/raw/bus/all_bus_routes.json,data/processed/bus/버스_저상노선_시간대별_추정재차인원_혼잡도_2025.csv
2025,500,500,100100076,3,석수역 - 을지로입구,32,28,0.875,1,available,84,1,1,2160,4437.54,1916.5,7,상도2동아이파크.포스코더샵아파트(00027),을지로입구,1,data/raw/bus/all_bus_routes.json,data/processed/bus/버스_저상노선_시간대별_추정재차인원_혼잡도_2025.csv
2025,501,501,100100077,3,대학동고시촌입구 - 종로2가,18,18,1.0,1,available,59,1,1,1440,4076.28,2960.78,22,노들섬(00042),대학동고시촌입구,1,data/raw/bus/all_bus_routes.json,data/processed/bus/버스_저상노선_시간대별_추정재차인원_혼잡도_2025.csv
2025,5012,5012,100100248,4,가산동 - 용산역,22,16,0.7273,1,available,103,1,1,2568,3641.75,1825.05,7,영등포로터리(00036),용산역,1,data/raw/bus/all_bus_routes.json,data/processed/bus/버스_저상노선_시간대별_추정재차인원_혼잡도_2025.csv
2025,502,502,100100410,3,월암공영차고지 - 한국은행.신세계,24,22,0.9167,1,available,132,1,1,5976,2747.27,1485.83,7,민백마을(00030),한국은행.신세계,1,data/raw/bus/all_bus_routes.json,data/processed/bus/버스_저상노선_시간대별_추정재차인원_혼잡도_2025.csv
2025,503,503,100100078,3,광명공영차고지 - 서울역,16,12,0.75,1,available,89,1,1,1992,2459.75,1323.1,17,여의도역3번출구(00060),광명공영차고지,1,data/raw/bus/all_bus_routes.json,data/processed/bus/버스_저상노선_시간대별_추정재차인원_혼잡도_2025.csv
2025,504,504,100100079,3,광명공영주차장 - 남대문,33,32,0.9697,1,available,97,1,1,2856,3453.81,1840.55,7,청화병원(00033),남대문,1,data/raw/bus/all_bus_routes.json,data/processed/bus/버스_저상노선_시간대별_추정재차인원_혼잡도_2025.csv
2025,505,505,100100080,3,노온사동 - 서울역,29,16,0.5517,1,available,97,1,1,4296,5518.12,2594.27,7,금천우체국(00025),서울역,1,data/raw/bus/all_bus_routes.json,data/processed/bus/버스_저상노선_시간대별_추정재차인원_혼잡도_2025.csv
2025,506,506,100100081,3,신림중.삼성고.관악아트홀.도서관 - 을지로입구역.광교,19,19,1.0,1,available,100,1,1,2592,3802.53,2353.53,7,상도터널상도동(00036),을지로입구역.광교,1,data/raw/bus/all_bus_routes.json,data/processed/bus/버스_저상노선_시간대별_추정재차인원_혼잡도_2025.csv
2025,507,507,100100082,3,석수역 - 동대문역사문화공원,29,17,0.5862,1,available,105,1,1,2976,5914.29,2453.79,7,독산3동주민센터(00018),동대문역사문화공원,1,data/raw/bus/all_bus_routes.json,data/processed/bus/버스_저상노선_시간대별_추정재차인원_혼잡도_2025.csv
2025,540,540,100100083,3,군포공영차고지 - 서울성모병원,29,27,0.931,1,available,94,1,1,2208,3310.19,1925.27,7,민백마을(00020),서울성모병원,1,data/raw/bus/all_bus_routes.json,data/processed/bus/버스_저상노선_시간대별_추정재차인원_혼잡도_2025.csv
2025,541,541,100100574,3,군포공영차고지 - 강남역,22,19,0.8636,1,available,123,1,1,3144,3749.32,1415.98,7,형촌마을입구(00071),강남역,1,data/raw/bus/all_bus_routes.json,data/processed/bus/버스_저상노선_시간대별_추정재차인원_혼잡도_2025.csv
2025,5413,5413,100100249,4,시흥 - 고속터미널,27,26,0.963,1,available,86,1,1,2184,4829.23,2679.23,7,호림박물관(00019),고속터미널,1,data/raw/bus/all_bus_routes.json,data/processed/bus/버스_저상노선_시간대별_추정재차인원_혼잡도_2025.csv
2025,5511,5511,100100250,4,대학동고시촌입구 - 중앙대학교,16,16,1.0,1,available,73,1,1,2640,6298.75,3681.29,18,법대.사회대입구(00020),중앙대학교,1,data/raw/bus/all_bus_routes.json,data/processed/bus/버스_저상노선_시간대별_추정재차인원_혼잡도_2025.csv
2025,5513,5513,100100251,4,서울대학교 - 벽산블루밍아파트,9,9,1.0,1,available,44,1,1,1104,10984.78,7095.78,9,관악경찰서.관악소방서(00033),서울대학교,1,data/raw/bus/all_bus_routes.json,data/processed/bus/버스_저상노선_시간대별_추정재차인원_혼잡도_2025.csv
2025,5515,5515,100100252,4,금호타운아파트 - 청림동현대아파트,14,14,1.0,1,available,32,1,1,792,8293.36,6245.86,8,서울산업정보학교.삼성교(00006),청림동현대아파트,1,data/raw/bus/all_bus_routes.json,data/processed/bus/버스_저상노선_시간대별_추정재차인원_혼잡도_2025.csv
2025,5516,5516,100100253,4,대학동고시촌입구 - 노량진역,18,18,1.0,1,available,74,1,1,2232,5390.61,2072.86,9,서울대학교(00057),대학동고시촌입구,1,data/raw/bus/all_bus_routes.json,data/processed/bus/버스_저상노선_시간대별_추정재차인원_혼잡도_2025.csv
2025,5517,5517,100100254,4,한남운수대학동차고지 - 중앙대학교,15,15,1.0,1,available,90,1,1,3360,4195.73,1930.03,18,관악구청(00066),한남운수대학동차고지,1,data/raw/bus/all_bus_routes.json,data/processed/bus/버스_저상노선_시간대별_추정재차인원_혼잡도_2025.csv
2025,5522A,5522A,100100257,,보성운수기종점 - 난곡종점,23,8,0.3478,1,available,59,1,1,2688,23440.38,9127.17,7,신림청소년독서실.신림체육센터(00036),난곡,1,data/raw/bus/all_bus_routes.json,data/processed/bus/버스_저상노선_시간대별_추정재차인원_혼잡도_2025.csv
2025,5522B,5522B,100100258,,보성운수기종점 - 신림복지관앞,23,8,0.3478,1,available,54,1,1,2640,6770.0,2688.51,7,쑥고개입구(00041),신대방역,1,data/raw/bus/all_bus_routes.json,data/processed/bus/버스_저상노선_시간대별_추정재차인원_혼잡도_2025.csv
2025,5523,5523,100100259,4,난곡 - 서울대입구역,10,6,0.6,1,available,36,1,1,936,13872.17,5715.92,8,호림박물관(00011),서울대입구역,1,data/raw/bus/all_bus_routes.json,data/processed/bus/버스_저상노선_시간대별_추정재차인원_혼잡도_2025.csv
2025,5524,5524,100100260,4,난향차고지 - 중앙대학교,29,29,1.0,1,available,94,1,1,2688,2937.41,1491.39,7,신림청소년독서실.신림체육센터(00009),중앙대학교,1,data/raw/bus/all_bus_routes.json,data/processed/bus/버스_저상노선_시간대별_추정재차인원_혼잡도_2025.csv
2025,5525,5525,100100261,4,시흥동 - 보라매공원,7,6,0.8571,1,available,44,1,1,1152,6159.5,3438.28,7,호림박물관(00019),보라매공원,1,data/raw/bus/all_bus_routes.json,data/processed/bus/버스_저상노선_시간대별_추정재차인원_혼잡도_2025.csv
2025,5528,5528,100100263,4,가산동 - 사당역,21,19,0.9048,1,available,82,1,1,2256,2913.21,1780.67,7,관악산입구.관악아트홀.중앙도서관(00029),사당역,1,data/raw/bus/all_bus_routes.json,data/processed/bus/버스_저상노선_시간대별_추정재차인원_혼잡도_2025.csv
2025,5530,5530,100100264,4,군포공영차고지 - 사당역,29,26,0.8966,1,available,115,1,1,2808,2508.73,1479.1,7,남서울중학교.성보중고등학교(00046),사당역,1,data/raw/bus/all_bus_routes.json,data/processed/bus/버스_저상노선_시간대별_추정재차인원_혼잡도_2025.csv
2025,5531,5531,100100265,4,군포공영차고지 - 노들역,41,39,0.9512,1,available,110,1,1,2664,3739.51,1742.92,7,금천우체국(00042),노들역,1,data/raw/bus/all_bus_routes.json,data/processed/bus/버스_저상노선_시간대별_추정재차인원_혼잡도_2025.csv
2025,5535,5535,100100267,4,하안동 - 노량진,24,5,0.2083,1,available,82,1,1,1992,16984.2,8278.58,7,상도2동아이파크.포스코더샵아파트(00034),노량진,1,data/raw/bus/all_bus_routes.json,data/processed/bus/버스_저상노선_시간대별_추정재차인원_혼잡도_2025.csv
2025,5536,5536,100100268,4,하안동 - 중앙대,24,10,0.4167,1,available,65,1,1,1632,8917.3,4277.78,7,청화병원(00027),중앙대,1,data/raw/bus/all_bus_routes.json,data/processed/bus/버스_저상노선_시간대별_추정재차인원_혼잡도_2025.csv
2025,5537,5537,100100269,4,시흥동 - 가산디지털단지역,6,6,1.0,1,available,28,1,1,696,9270.17,4900.96,8,시흥모터스(00010),가산디지털단지역,1,data/raw/bus/all_bus_routes.json,data/processed/bus/버스_저상노선_시간대별_추정재차인원_혼잡도_2025.csv
2025,5611,5611,100100295,4,가산동 - 신도림역,5,0,0.0,0,unavailable,38,1,0,0,,,,,,0,data/raw/bus/all_bus_routes.json,data/processed/bus/버스_저상노선_시간대별_추정재차인원_혼잡도_2025.csv
2025,5615,5615,100100272,4,난곡 - 여의도,19,4,0.2105,1,available,64,1,1,1656,18435.25,9067.31,7,영등포역(00031),여의도,1,data/raw/bus/all_bus_routes.json,data/processed/bus/버스_저상노선_시간대별_추정재차인원_혼잡도_2025.csv
2025,5616,5616,100100273,4,가산동 - 영도중학교,18,18,1.0,1,available,116,1,1,4152,3468.83,1102.3,7,대신시장(00044),영도중학교,1,data/raw/bus/all_bus_routes.json,data/processed/bus/버스_저상노선_시간대별_추정재차인원_혼잡도_2025.csv
2025,5617,5617,100100274,4,시흥 - 구로디지털단지역,8,8,1.0,1,available,18,1,1,432,10514.25,4675.49,18,구로디지털단지역(중)(00009),구로디지털단지역,1,data/raw/bus/all_bus_routes.json,data/processed/bus/버스_저상노선_시간대별_추정재차인원_혼잡도_2025.csv
2025,5618,5618,100100275,4,구로동 - 구로동,23,16,0.6957,1,available,68,1,1,1704,6278.88,2204.65,7,도림새마을금고(00042),구로동,1,data/raw/bus/all_bus_routes.json,data/processed/bus/버스_저상노선_시간대별_추정재차인원_혼잡도_2025.csv
2025,5619,5619,100100276,4,시흥동 - 신도림역,13,12,0.9231,1,available,54,1,1,1368,6989.08,2938.27,8,독산3동주민센터(00014),신도림역,1,data/raw/bus/all_bus_routes.json,data/processed/bus/버스_저상노선_시간대별_추정재차인원_혼잡도_2025.csv
2025,5620,5620,100100277,4,시흥 - 선유도역,21,20,0.9524,1,available,68,1,1,1896,5716.0,2856.7,7,독산3동주민센터(00014),선유도역,1,data/raw/bus/all_bus_routes.json,data/processed/bus/버스_저상노선_시간대별_추정재차인원_혼잡도_2025.csv
2025,5623,5623,100100279,4,군포공영차고지 - 여의도,37,32,0.8649,1,available,120,1,1,2904,4639.56,1379.88,7,공군호텔(00057),여의도,1,data/raw/bus/all_bus_routes.json,data/processed/bus/버스_저상노선_시간대별_추정재차인원_혼잡도_2025.csv
2025,5625,5625,100100281,4,안양비산동 - 영등포역(영등포시장),19,14,0.7368,1,available,78,1,1,1944,4923.64,1827.45,7,금천우체국(00026),영등포역(영등포시장),1,data/raw/bus/all_bus_routes.json,data/processed/bus/버스_저상노선_시간대별_추정재차인원_혼잡도_2025.csv
2025,5626,5626,100100282,4,안양비산동 - 온수동종점,26,22,0.8462,1,available,106,1,1,2664,3224.64,1912.67,7,동양미래대학.구로성심병원(00068),안양비산동,1,data/raw/bus/all_bus_routes.json,data/processed/bus/버스_저상노선_시간대별_추정재차인원_혼잡도_2025.csv
2025,5627,5627,100100283,4,노온사동 - 구로디지털단지역,11,8,0.7273,1,available,67,1,1,2784,4212.38,2248.26,7,독산동정훈단지(00033),구로디지털단지역,1,data/raw/bus/all_bus_routes.json,data/processed/bus/버스_저상노선_시간대별_추정재차인원_혼잡도_2025.csv
2025,5630,5630,100100284,4,광명공영차고지 - 목동역,13,10,0.7692,1,available,71,1,1,1704,2572.9,1426.7,7,남구로역(00018),목동역,1,data/raw/bus/all_bus_routes.json,data/processed/bus/버스_저상노선_시간대별_추정재차인원_혼잡도_2025.csv
2025,5633,5633,100100285,4,노온사동 - 순복음교회,21,16,0.7619,1,available,112,1,1,2832,4754.69,1609.03,7,독산3동주민센터(00042),순복음교회,1,data/raw/bus/all_bus_routes.json,data/processed/bus/버스_저상노선_시간대별_추정재차인원_혼잡도_2025.csv
2025,5634,5634,100100266,4,광명공영차고지 - 여의도,15,11,0.7333,1,available,56,1,1,1536,5515.73,1930.0,7,금천우체국(00006),여의도,1,data/raw/bus/all_bus_routes.json,data/processed/bus/버스_저상노선_시간대별_추정재차인원_혼잡도_2025.csv
2025,571,571,100100084,3,가산동 - 진관공영차고지,28,28,1.0,1,available,121,1,1,3024,2526.61,1468.66,7,구산역1번출구(00044),진관공영차고지,1,data/raw/bus/all_bus_routes.json,data/processed/bus/버스_저상노선_시간대별_추정재차인원_혼잡도_2025.csv
2025,5712,5712,100100286,4,가산동기점 - 홍대입구역,27,27,1.0,1,available,92,1,1,2208,3697.56,2359.53,7,강서구청사거리.서울디지털대학교(00034),홍대입구역,1,data/raw/bus/all_bus_routes.json,data/processed/bus/버스_저상노선_시간대별_추정재차인원_혼잡도_2025.csv
2025,5713,5713,100100287,4,안양비산동 - 신촌기차역,25,25,1.0,1,available,92,1,1,2448,4220.56,1587.55,7,영등포공원.영등포문화원(00036),신촌기차역,1,data/raw/bus/all_bus_routes.json,data/processed/bus/버스_저상노선_시간대별_추정재차인원_혼잡도_2025.csv
2025,5714,5714,100100288,4,광명공영차고지 - 이대입구,34,34,1.0,1,available,95,1,1,2064,2006.62,1320.42,17,경방타임스퀘어.신세계백화점(00031),이대입구,1,data/raw/bus/all_bus_routes.json,data/processed/bus/버스_저상노선_시간대별_추정재차인원_혼잡도_2025.csv
2025,600,600,100100085,3,온수동 - 광화문,27,21,0.7778,1,available,71,1,1,2544,5788.76,2466.79,7,구일역.제일제당(00018),광화문,1,data/raw/bus/all_bus_routes.json,data/processed/bus/버스_저상노선_시간대별_추정재차인원_혼잡도_2025.csv
2025,601,601,100100086,3,개화동 - 혜화역,28,25,0.8929,1,available,77,1,1,2112,3386.32,2339.77,7,서대문우체국(00024),혜화역,1,data/raw/bus/all_bus_routes.json,data/processed/bus/버스_저상노선_시간대별_추정재차인원_혼잡도_2025.csv
2025,602,602,100100087,3,양천공영차고지 - 시청앞,26,26,1.0,1,available,87,1,1,2952,3937.04,1918.75,7,목3동주민센터.현대아이파크.실로암안과(00023),시청앞,1,data/raw/bus/all_bus_routes.json,data/processed/bus/버스_저상노선_시간대별_추정재차인원_혼잡도_2025.csv
2025,603,603,100100088,3,신월동 - 시청,21,12,0.5714,1,available,82,1,1,2904,5773.42,3652.86,7,목동이대병원.목동6단지앞(00023),시청,1,data/raw/bus/all_bus_routes.json,data/processed/bus/버스_저상노선_시간대별_추정재차인원_혼잡도_2025.csv
2025,604,604,100100089,3,신월동기점 - 중구청앞,20,15,0.75,1,available,89,1,1,2136,3856.33,2763.93,18,합정역(00070),신월동기점,1,data/raw/bus/all_bus_routes.json,data/processed/bus/버스_저상노선_시간대별_추정재차인원_혼잡도_2025.csv
2025,605,605,100100090,3,강서공영차고지.개화역 - 서울역.후암동,27,14,0.5185,1,available,105,1,1,2904,3685.29,1892.14,17,KBS스포츠월드(00021),서울역.후암동,1,data/raw/bus/all_bus_routes.json,data/processed/bus/버스_저상노선_시간대별_추정재차인원_혼잡도_2025.csv
2025,606,606,100100091,3,부천상동 - 조계사,22,22,1.0,1,available,125,1,1,2832,2176.45,1160.04,7,강서구청사거리.서울디지털대학교(00045),조계사,1,data/raw/bus/all_bus_routes.json,data/processed/bus/버스_저상노선_시간대별_추정재차인원_혼잡도_2025.csv
2025,6211,6211,100100289,4,신월동 - 상왕십리,24,15,0.625,1,available,110,1,1,2832,4262.6,1761.96,7,신월2동주민센터입구(00006),상왕십리,1,data/raw/bus/all_bus_routes.json,data/processed/bus/버스_저상노선_시간대별_추정재차인원_혼잡도_2025.csv
2025,640,640,100100093,3,신월동기점 - 강남역,21,13,0.619,1,available,79,1,1,2088,5757.23,2323.89,7,신월2동주민센터입구(00006),강남역,1,data/raw/bus/all_bus_routes.json,data/processed/bus/버스_저상노선_시간대별_추정재차인원_혼잡도_2025.csv
2025,641,641,100100094,3,문래동 - 양재동,35,25,0.7143,1,available,98,1,1,2640,4588.08,2314.15,7,영문초등학교(00005),양재동,1,data/raw/bus/all_bus_routes.json,data/processed/bus/버스_저상노선_시간대별_추정재차인원_혼잡도_2025.csv
2025,6411,6411,100100290,4,신정동 - 선릉역,27,21,0.7778,1,available,117,1,1,3144,2584.48,1088.55,4,비계(00044),선릉역,1,data/raw/bus/all_bus_routes.json,data/processed/bus/버스_저상노선_시간대별_추정재차인원_혼잡도_2025.csv
2025,643,643,100100096,3,양천차고지 - 강남역,28,25,0.8929,1,available,86,1,1,2088,4336.16,2248.02,7,이수교(00034),강남역,1,data/raw/bus/all_bus_routes.json,data/processed/bus/버스_저상노선_시간대별_추정재차인원_혼잡도_2025.csv
2025,650,650,100100097,3,외발산동 - 낙성대입구,25,17,0.68,1,available,97,1,1,2568,3373.12,2051.09,18,동작구청정문(00036),낙성대입구,1,data/raw/bus/all_bus_routes.json,data/processed/bus/버스_저상노선_시간대별_추정재차인원_혼잡도_2025.csv
2025,651,651,100100098,3,방화동 - 관악구청,25,19,0.76,1,available,99,1,1,2736,2864.37,1677.42,7,철산리버빌아파트(00033),관악구청,1,data/raw/bus/all_bus_routes.json,data/processed/bus/버스_저상노선_시간대별_추정재차인원_혼잡도_2025.csv
2025,6511,6511,100100291,4,구로동 - 서울대,12,3,0.25,1,available,89,1,1,2472,8472.33,4200.82,7,관악동부센트레빌아파트앞(00041),서울대,1,data/raw/bus/all_bus_routes.json,data/processed/bus/버스_저상노선_시간대별_추정재차인원_혼잡도_2025.csv
2025,6512,6512,100100292,4,구로동 - 서울대,24,19,0.7917,1,available,81,1,1,2040,2894.16,1410.35,7,대신시장(00068),구로동,1,data/raw/bus/all_bus_routes.json,data/processed/bus/버스_저상노선_시간대별_추정재차인원_혼잡도_2025.csv
2025,6514,6514,100100294,4,양천공영차고지 - 서울대학교,26,23,0.8846,1,available,107,1,1,7872,2346.22,1554.94,18,신길역5호선(00036),서울대학교,1,data/raw/bus/all_bus_routes.json,data/processed/bus/버스_저상노선_시간대별_추정재차인원_혼잡도_2025.csv
2025,6515,6515,100100521,4,양천공영차고지 - 경인교육대학교,33,31,0.9394,1,available,112,1,1,2952,3287.65,1381.71,7,구일역.제일제당(00012),경인교육대학교,1,data/raw/bus/all_bus_routes.json,data/processed/bus/버스_저상노선_시간대별_추정재차인원_혼잡도_2025.csv
2025,6516,6516,100100576,4,양천공영차고지 - 박미삼거리,19,19,1.0,1,available,121,1,1,3168,2078.53,927.5,8,KT구로지사(00073),양천공영차고지,1,data/raw/bus/all_bus_routes.json,data/processed/bus/버스_저상노선_시간대별_추정재차인원_혼잡도_2025.csv
2025,652,652,100100099,3,신월동기점 - 금천우체국,28,7,0.25,1,available,117,1,1,2904,11293.14,5542.31,7,개봉1동사거리(00043),금천우체국,1,data/raw/bus/all_bus_routes.json,data/processed/bus/버스_저상노선_시간대별_추정재차인원_혼잡도_2025.csv
2025,653,653,100100497,3,외발산동기점 - 가산디지털단지역,11,4,0.3636,1,available,56,1,1,1512,8922.75,3938.9,7,강서한방병원(00044),외발산동기점,1,data/raw/bus/all_bus_routes.json,data/processed/bus/버스_저상노선_시간대별_추정재차인원_혼잡도_2025.csv
2025,654,654,115000007,3,방화동 - 노들역,22,16,0.7273,1,available,103,1,1,2616,4113.38,2265.09,7,목동사거리(00025),노들역,1,data/raw/bus/all_bus_routes.json,data/processed/bus/버스_저상노선_시간대별_추정재차인원_혼잡도_2025.csv
2025,660,660,116000004,3,온수동 - 가양역,20,7,0.35,1,available,101,1,1,2520,8379.14,3677.07,7,동양미래대학.구로성심병원(00024),가양역,1,data/raw/bus/all_bus_routes.json,data/processed/bus/버스_저상노선_시간대별_추정재차인원_혼잡도_2025.csv
2025,661,661,100100102,3,부천상동 - 영등포신세계백화점,18,18,1.0,1,available,126,1,1,2688,1967.67,722.65,7,강서구청사거리.서울디지털대학교(00052),영등포신세계백화점,1,data/raw/bus/all_bus_routes.json,data/processed/bus/버스_저상노선_시간대별_추정재차인원_혼잡도_2025.csv
2025,6613,6613,100100453,4,양천공영차고지 - 대림역,10,1,0.1,1,available,81,1,1,3024,39676.0,12127.65,7,은정초등학교(00030),대림역,1,data/raw/bus/all_bus_routes.json,data/processed/bus/버스_저상노선_시간대별_추정재차인원_혼잡도_2025.csv
2025,6614,6614,100100297,4,양천공영차고지 - 부천옥길지구,15,3,0.2,1,available,91,1,1,2496,19011.33,6381.42,7,동방아파트.신월종합사회복지관(00013),부천옥길지구,1,data/raw/bus/all_bus_routes.json,data/processed/bus/버스_저상노선_시간대별_추정재차인원_혼잡도_2025.csv
2025,6615,6615,116000002,4,양천공영차고지 - 천왕역,7,2,0.2857,1,available,43,1,1,1080,14310.5,6374.65,7,별장쉐르빌앞(00017),천왕역,1,data/raw/bus/all_bus_routes.json,data/processed/bus/버스_저상노선_시간대별_추정재차인원_혼잡도_2025.csv
2025,6616,6616,100100298,4,철산동 - 온수동,13,13,1.0,1,available,80,1,1,2856,2979.23,1615.5,18,광명초등학교(00017),온수동,1,data/raw/bus/all_bus_routes.json,data/processed/bus/버스_저상노선_시간대별_추정재차인원_혼잡도_2025.csv
2025,6617,6617,100100299,4,양천공영차고지 - 목동우성아파트,10,0,0.0,0,unavailable,56,1,0,0,,,,,,0,data/raw/bus/all_bus_routes.json,data/processed/bus/버스_저상노선_시간대별_추정재차인원_혼잡도_2025.csv
2025,662,662,100100550,3,외발산동기점 - 여의나루역,17,13,0.7647,1,available,75,1,1,2424,5350.38,2138.36,7,구일역.제일제당(00027),여의나루역,1,data/raw/bus/all_bus_routes.json,data/processed/bus/버스_저상노선_시간대별_추정재차인원_혼잡도_2025.csv
2025,6620,6620,100100300,4,양천공영차고지 - 당산역,9,2,0.2222,1,available,61,1,1,1896,18801.5,6413.38,7,월촌초등학교(00022),당산역,1,data/raw/bus/all_bus_routes.json,data/processed/bus/버스_저상노선_시간대별_추정재차인원_혼잡도_2025.csv
2025,6623,6623,100100301,4,양천공영차고지 - 여의도,14,14,1.0,1,available,69,1,1,1920,3214.71,1447.31,7,영동초교(00034),여의도,1,data/raw/bus/all_bus_routes.json,data/processed/bus/버스_저상노선_시간대별_추정재차인원_혼잡도_2025.csv
2025,6625,6625,100100303,4,문래동 - 화곡역,12,3,0.25,1,available,74,1,1,2088,12878.0,4930.73,7,신월2동주민센터입구(00052),문래동,1,data/raw/bus/all_bus_routes.json,data/processed/bus/버스_저상노선_시간대별_추정재차인원_혼잡도_2025.csv
2025,6627,6627,100100304,4,양천공영차고지 - 이대목동병원,13,13,1.0,1,available,71,1,1,1752,3904.31,1755.84,7,강서구청.한국건강관리협회(00017),이대목동병원,1,data/raw/bus/all_bus_routes.json,data/processed/bus/버스_저상노선_시간대별_추정재차인원_혼잡도_2025.csv
2025,6628,6628,100100305,4,외발산동 - 여의도,25,17,0.68,1,available,59,1,1,1560,7082.06,3221.91,8,화곡동백구사(00009),여의도,1,data/raw/bus/all_bus_routes.json,data/processed/bus/버스_저상노선_시간대별_추정재차인원_혼잡도_2025.csv
2025,6629,6629,100100306,4,방화동 - 영등포역,24,19,0.7917,1,available,95,1,1,2544,2642.79,1377.63,8,목동사거리(00037),영등포역,1,data/raw/bus/all_bus_routes.json,data/processed/bus/버스_저상노선_시간대별_추정재차인원_혼잡도_2025.csv
2025,6630,6630,100100307,4,외발산동기점 - 영등포시장연흥극장,14,14,1.0,1,available,97,1,1,2424,2042.0,1299.46,7,목동사거리(00039),영등포시장연흥극장,1,data/raw/bus/all_bus_routes.json,data/processed/bus/버스_저상노선_시간대별_추정재차인원_혼잡도_2025.csv
2025,6631,6631,100100308,4,강서공영차고지.개화역 - 영등포시장,26,22,0.8462,1,available,92,1,1,2400,3465.73,1310.11,7,양평동한솔아파트(00037),영등포시장,1,data/raw/bus/all_bus_routes.json,data/processed/bus/버스_저상노선_시간대별_추정재차인원_혼잡도_2025.csv
2025,6632,6632,100100309,4,강서공영차고지.개화역 - 당산역,17,9,0.5294,1,available,66,1,1,1728,3399.44,1713.45,8,등촌3동주공10단지아파트(00021),당산역,1,data/raw/bus/all_bus_routes.json,data/processed/bus/버스_저상노선_시간대별_추정재차인원_혼잡도_2025.csv
2025,6633,6633,115000012,4,강서공영차고지 - 여의도역,11,3,0.2727,1,available,93,1,1,2568,11630.33,2647.63,7,신정교입구(00024),여의도역,1,data/raw/bus/all_bus_routes.json,data/processed/bus/버스_저상노선_시간대별_추정재차인원_혼잡도_2025.csv
2025,6637,6637,100100312,4,노온사동 - 목동,31,19,0.6129,1,available,79,1,1,2016,5984.47,2796.59,7,동양미래대학.구로성심병원(00021),목동,1,data/raw/bus/all_bus_routes.json,data/processed/bus/버스_저상노선_시간대별_추정재차인원_혼잡도_2025.csv
2025,6638,6638,100100313,4,철산동 - 오목교,12,12,1.0,1,available,69,1,1,1992,5829.83,2859.85,7,갈산초등학교후문(00028),오목교,1,data/raw/bus/all_bus_routes.json,data/processed/bus/버스_저상노선_시간대별_추정재차인원_혼잡도_2025.csv
2025,6640A,6640A,100100601,,양천공영차고지 - 양천공영차고지,19,5,0.2632,1,available,48,1,1,1224,10799.0,6365.05,7,신정2동주민센터(00011),양천공영차고지,1,data/raw/bus/all_bus_routes.json,data/processed/bus/버스_저상노선_시간대별_추정재차인원_혼잡도_2025.csv
2025,6640B,6640B,100100602,,양천공영차고지 - 양천공영차고지,19,5,0.2632,1,available,47,1,1,1152,11806.4,6472.54,7,동양미래대학.구로성심병원(00023),양천공영차고지,1,data/raw/bus/all_bus_routes.json,data/processed/bus/버스_저상노선_시간대별_추정재차인원_혼잡도_2025.csv
2025,6642,6642,100100316,4,강서공영차고지 - 가양9단지,13,4,0.3077,1,available,74,1,1,2040,12830.0,5167.44,7,마곡엠밸리15단지아파트(00011),가양9단지,1,data/raw/bus/all_bus_routes.json,data/processed/bus/버스_저상노선_시간대별_추정재차인원_혼잡도_2025.csv
2025,6645,6645,100100318,4,강서공영차고지 - 가양9단지,13,5,0.3846,1,available,68,1,1,1752,7645.4,3110.31,8,우장산휴먼빌아파트(00031),강서공영차고지,1,data/raw/bus/all_bus_routes.json,data/processed/bus/버스_저상노선_시간대별_추정재차인원_혼잡도_2025.csv
2025,6647,6647,100100320,4,강서공영차고지.개화역 - 강서면허시험장.메이필드호텔,13,4,0.3077,1,available,54,1,1,1512,5768.25,2307.83,7,공항동주민센터(00027),강서공영차고지.개화역,1,data/raw/bus/all_bus_routes.json,data/processed/bus/버스_저상노선_시간대별_추정재차인원_혼잡도_2025.csv
2025,6648,6648,115000005,4,방화동 - 양천구청,14,13,0.9286,1,available,77,1,1,2040,2606.46,1872.85,18,마곡나루역5번출구.서울식물원(00011),양천구청,1,data/raw/bus/all_bus_routes.json,data/processed/bus/버스_저상노선_시간대별_추정재차인원_혼잡도_2025.csv
2025,6657,6657,100100329,4,양천공영차고지 - 강서한강자이아파트,6,6,1.0,1,available,51,1,1,1272,3130.0,1791.2,7,대원시장(00014),강서한강자이아파트,1,data/raw/bus/all_bus_routes.json,data/processed/bus/버스_저상노선_시간대별_추정재차인원_혼잡도_2025.csv
2025,6712,6712,100100330,4,방화동 - 서강대학교,17,12,0.7059,1,available,86,1,1,2016,3645.67,2023.98,7,양평한신아파트.선유도공원입구(00031),서강대학교,1,data/raw/bus/all_bus_routes.json,data/processed/bus/버스_저상노선_시간대별_추정재차인원_혼잡도_2025.csv
2025,6713,6713,100100293,4,철산동 - 홍대입구역,20,20,1.0,1,available,73,1,1,3360,4933.35,1710.98,7,공군호텔(00025),홍대입구역,1,data/raw/bus/all_bus_routes.json,data/processed/bus/버스_저상노선_시간대별_추정재차인원_혼잡도_2025.csv
2025,6714,6714,100100331,4,양천공영차고지 - 이대부고,11,10,0.9091,1,available,68,1,1,1704,3894.9,2378.34,7,목3동주민센터.현대아이파크.실로암안과(00023),이대부고,1,data/raw/bus/all_bus_routes.json,data/processed/bus/버스_저상노선_시간대별_추정재차인원_혼잡도_2025.csv
2025,6715,6715,100100332,4,신월동 - 상암동,20,7,0.35,1,available,61,1,1,1536,10531.86,4872.14,7,신월2동주민센터입구(00006),상암동,1,data/raw/bus/all_bus_routes.json,data/processed/bus/버스_저상노선_시간대별_추정재차인원_혼잡도_2025.csv
2025,6716,6716,100100451,4,양천공영차고지 - 이대입구,27,25,0.9259,1,available,105,1,1,3432,3138.48,1637.21,7,수궁동주민센터(00094),양천공영차고지,1,data/raw/bus/all_bus_routes.json,data/processed/bus/버스_저상노선_시간대별_추정재차인원_혼잡도_2025.csv
2025,672,672,100100495,3,방화동기점 - 이대후문,15,15,1.0,1,available,80,1,1,2400,2173.0,1156.13,7,안양천입구(00034),이대후문,1,data/raw/bus/all_bus_routes.json,data/processed/bus/버스_저상노선_시간대별_추정재차인원_혼잡도_2025.csv
2025,673,673,100100551,3,부천상동 - 이대부고,17,17,1.0,1,available,108,1,1,2544,3701.18,1645.7,7,강서구청.한국건강관리협회(00035),이대부고,1,data/raw/bus/all_bus_routes.json,data/processed/bus/버스_저상노선_시간대별_추정재차인원_혼잡도_2025.csv
2025,674,674,111000008,3,신월동기점 - 연세대,12,3,0.25,1,available,58,1,1,1656,12628.33,6563.5,8,금호어울림.대원칸타빌아파트(00008),연세대,1,data/raw/bus/all_bus_routes.json,data/processed/bus/버스_저상노선_시간대별_추정재차인원_혼잡도_2025.csv
2025,700,700,100100440,3,대화동 - 숭례문,24,24,1.0,1,available,95,1,1,2400,2991.21,1238.51,7,서대문우체국(00038),숭례문,1,data/raw/bus/all_bus_routes.json,data/processed/bus/버스_저상노선_시간대별_추정재차인원_혼잡도_2025.csv
2025,701,701,100100103,3,진관차고지 - 종로2가,19,17,0.8947,1,available,73,1,1,1800,4277.24,1840.46,7,독립문역.한성과학고(00029),종로2가,1,data/raw/bus/all_bus_routes.json,data/processed/bus/버스_저상노선_시간대별_추정재차인원_혼잡도_2025.csv
2025,7011,7011,100100450,4,은평차고지 - 중구청,21,18,0.8571,1,available,79,1,1,2184,2976.67,2085.59,8,성산초등학교(00017),중구청,1,data/raw/bus/all_bus_routes.json,data/processed/bus/버스_저상노선_시간대별_추정재차인원_혼잡도_2025.csv
2025,7013A,7013A,100100449,,은평공영차고지 - 은평공영차고지(가상),17,9,0.5294,1,available,78,1,1,2040,2290.44,1107.86,18,SBS.YTN(00005),남대문시장,1,data/raw/bus/all_bus_routes.json,data/processed/bus/버스_저상노선_시간대별_추정재차인원_혼잡도_2025.csv
2025,7013B,7013B,100100448,,은평공영차고지 - 은평공영차고지(가상),17,9,0.5294,1,available,80,1,1,2088,2053.89,1044.8,8,공항철도디지털미디어시티역(00075),은평차고지,1,data/raw/bus/all_bus_routes.json,data/processed/bus/버스_저상노선_시간대별_추정재차인원_혼잡도_2025.csv
2025,7016,7016,100100447,4,은평차고지 - 상명대,32,32,1.0,1,available,106,1,1,2736,2129.38,1405.72,7,경복궁역3번출구(00048),상명대,1,data/raw/bus/all_bus_routes.json,data/processed/bus/버스_저상노선_시간대별_추정재차인원_혼잡도_2025.csv
2025,7017,7017,100100337,4,은평차고지 - 롯데백화점,23,22,0.9565,1,available,91,1,1,4368,2195.59,1347.02,7,서대문우체국(00032),롯데백화점,1,data/raw/bus/all_bus_routes.json,data/processed/bus/버스_저상노선_시간대별_추정재차인원_혼잡도_2025.csv
2025,7018,7018,100100338,4,북가좌동 - 무교동,18,16,0.8889,1,available,56,1,1,1368,4350.25,1895.6,7,홍지문.옥천암(00021),무교동,1,data/raw/bus/all_bus_routes.json,data/processed/bus/버스_저상노선_시간대별_추정재차인원_혼잡도_2025.csv
2025,7019,7019,100100339,4,은평차고지 - 서소문,26,13,0.5,1,available,89,1,1,2544,8699.31,3045.02,7,응암1동주민센터(00031),서소문,1,data/raw/bus/all_bus_routes.json,data/processed/bus/버스_저상노선_시간대별_추정재차인원_혼잡도_2025.csv
2025,7021,7021,100100340,4,은평차고지 - 을지로입구,23,23,1.0,1,available,75,1,1,1848,5011.48,2289.42,7,독립문역.한성과학고(00033),을지로입구,1,data/raw/bus/all_bus_routes.json,data/processed/bus/버스_저상노선_시간대별_추정재차인원_혼잡도_2025.csv
2025,7022,7022,100100341,4,구산동 - 서울역,19,15,0.7895,1,available,72,1,1,1800,4534.07,2455.93,7,자하문고개.윤동주문학관(00027),서울역,1,data/raw/bus/all_bus_routes.json,data/processed/bus/버스_저상노선_시간대별_추정재차인원_혼잡도_2025.csv
2025,7025,7025,100100446,4,은평차고지 - 종로6가,17,15,0.8824,1,available,71,1,1,2016,5386.07,2194.18,7,응암지구대(00019),종로6가,1,data/raw/bus/all_bus_routes.json,data/processed/bus/버스_저상노선_시간대별_추정재차인원_혼잡도_2025.csv
2025,702A,702A,100100104,,선진운수원당차고지.원신4통입구 - 선진운수원당차고지.원신4통입구,40,40,1.0,1,available,79,1,1,3648,2854.88,1494.36,7,신사동고개삼거리(00022),종로1가,1,data/raw/bus/all_bus_routes.json,data/processed/bus/버스_저상노선_시간대별_추정재차인원_혼잡도_2025.csv
2025,702B,702B,100100105,,선진운수원당차고지.원신4통입구 - 선진운수원당차고지.원신4통입구,40,40,1.0,1,available,80,1,1,3768,1321.97,667.76,7,신사동고개삼거리(00023),종로1가,1,data/raw/bus/all_bus_routes.json,data/processed/bus/버스_저상노선_시간대별_추정재차인원_혼잡도_2025.csv
2025,703,703,116000006,3,탄현역 - 숭례문,14,13,0.9286,1,available,116,1,1,3000,2684.0,1468.88,7,창릉호반써밋(00035),숭례문,1,data/raw/bus/all_bus_routes.json,data/processed/bus/버스_저상노선_시간대별_추정재차인원_혼잡도_2025.csv
2025,704,704,100100107,3,진관차고지 - 서울역환승센터,17,13,0.7647,1,available,77,1,1,4128,6449.08,2545.58,7,독립문역.한성과학고(00025),서울역환승센터,1,data/raw/bus/all_bus_routes.json,data/processed/bus/버스_저상노선_시간대별_추정재차인원_혼잡도_2025.csv
2025,705,705,100100587,3,진관공영차고지 - 롯데백화점,14,14,1.0,1,available,69,1,1,2496,2942.29,1440.21,7,안산초등학교(00028),롯데백화점,1,data/raw/bus/all_bus_routes.json,data/processed/bus/버스_저상노선_시간대별_추정재차인원_혼잡도_2025.csv
2025,706,706,111000027,3,진관공영차고지 - 서소문,10,10,1.0,1,available,64,1,1,1584,4556.6,1386.69,7,안산초등학교(00027),서소문,1,data/raw/bus/all_bus_routes.json,data/processed/bus/버스_저상노선_시간대별_추정재차인원_혼잡도_2025.csv
2025,707,707,111000022,3,고양시가좌동 - 롯데백화점,24,24,1.0,1,available,126,1,1,3384,2769.38,1173.86,7,안산초등학교(00059),롯데백화점,1,data/raw/bus/all_bus_routes.json,data/processed/bus/버스_저상노선_시간대별_추정재차인원_혼잡도_2025.csv
2025,708,708,123000011,3,진관차고지 - 서울역,16,13,0.8125,1,available,62,1,1,1584,4876.77,1945.44,7,독립문역.한성과학고(00025),서울역,1,data/raw/bus/all_bus_routes.json,data/processed/bus/버스_저상노선_시간대별_추정재차인원_혼잡도_2025.csv
2025,709,709,111000028,3,진관공영차고지 - 서울역버스환승센터,15,15,1.0,1,available,69,1,1,3456,4152.47,1356.13,7,독립문역.한성과학고(00029),서울역버스환승센터,1,data/raw/bus/all_bus_routes.json,data/processed/bus/버스_저상노선_시간대별_추정재차인원_혼잡도_2025.csv
2025,710,710,100100110,3,상암차고지 - 수유역.강북구청,24,22,0.9167,1,available,75,1,1,1968,3277.36,1941.62,17,현대그룹빌딩(00026),수유역.강북구청,1,data/raw/bus/all_bus_routes.json,data/processed/bus/버스_저상노선_시간대별_추정재차인원_혼잡도_2025.csv
2025,720,720,100100111,3,진관공영차고지 - 답십리,35,31,0.8857,1,available,111,1,1,2856,3171.16,1921.98,7,독립문역.한성과학고(00027),답십리,1,data/raw/bus/all_bus_routes.json,data/processed/bus/버스_저상노선_시간대별_추정재차인원_혼잡도_2025.csv
2025,721,721,100100112,3,북가좌동 - 건대입구역,37,27,0.7297,1,available,90,1,1,2424,3925.85,2385.63,7,DMC파크뷰자이(00006),건대입구역,1,data/raw/bus/all_bus_routes.json,data/processed/bus/버스_저상노선_시간대별_추정재차인원_혼잡도_2025.csv
2025,7211,7211,100100344,4,진관공영차고지 - 신설동,29,25,0.8621,1,available,109,1,1,2688,3390.04,2038.87,17,북악중학교(00042),신설동,1,data/raw/bus/all_bus_routes.json,data/processed/bus/버스_저상노선_시간대별_추정재차인원_혼잡도_2025.csv
2025,7212,7212,100100499,4,은평차고지 - 극동그린아파트앞,25,23,0.92,1,available,143,1,1,7512,2208.78,1188.86,7,수색초등학교(00135),은평차고지,1,data/raw/bus/all_bus_routes.json,data/processed/bus/버스_저상노선_시간대별_추정재차인원_혼잡도_2025.csv
2025,740,740,100100537,3,덕은동 - 삼성역,30,29,0.9667,1,available,93,1,1,2472,3280.34,1706.91,7,녹사평역(00031),삼성역,1,data/raw/bus/all_bus_routes.json,data/processed/bus/버스_저상노선_시간대별_추정재차인원_혼잡도_2025.csv
2025,741,741,123000010,3,진관차고지 - 세곡동사거리,35,21,0.6,1,available,95,1,1,3816,4547.19,2860.06,7,영천시장(00019),세곡동사거리,1,data/raw/bus/all_bus_routes.json,data/processed/bus/버스_저상노선_시간대별_추정재차인원_혼잡도_2025.csv
2025,742,742,100100116,3,구산동 - 교대역,32,32,1.0,1,available,132,1,1,3600,3000.38,1179.7,7,DMC파크뷰자이(00018),교대역,1,data/raw/bus/all_bus_routes.json,data/processed/bus/버스_저상노선_시간대별_추정재차인원_혼잡도_2025.csv
2025,750A,750A,100100114,,덕은동종점 - 덕은동종점,34,33,0.9706,1,available,83,1,1,2592,2128.03,1107.62,7,상도터널상도동(00053),덕은동종점,1,data/raw/bus/all_bus_routes.json,data/processed/bus/버스_저상노선_시간대별_추정재차인원_혼잡도_2025.csv
2025,750B,750B,100100565,,은평공영차고지 - 덕은교.은평차고지앞,34,33,0.9706,1,available,76,1,1,2328,1690.85,1044.07,17,이대후문(00014),서울대,1,data/raw/bus/all_bus_routes.json,data/processed/bus/버스_저상노선_시간대별_추정재차인원_혼잡도_2025.csv
2025,752,752,100100117,3,구산동 - 노량진,27,27,1.0,1,available,103,1,1,2808,3463.44,1586.35,7,독립문역.한성과학고(00015),노량진,1,data/raw/bus/all_bus_routes.json,data/processed/bus/버스_저상노선_시간대별_추정재차인원_혼잡도_2025.csv
2025,753,753,100100118,3,구산동 - 상도동,21,21,1.0,1,available,104,1,1,2808,2969.76,1569.06,18,샛강역4번출구.여의도자이(00039),상도동,1,data/raw/bus/all_bus_routes.json,data/processed/bus/버스_저상노선_시간대별_추정재차인원_혼잡도_2025.csv
2025,760,760,100100511,3,대화동 - 영등포소방서타임스퀘어,21,19,0.9048,1,available,101,1,1,2544,2279.84,908.63,18,월드컵경기장서측.문화비축기지(00043),영등포소방서타임스퀘어,1,data/raw/bus/all_bus_routes.json,data/processed/bus/버스_저상노선_시간대별_추정재차인원_혼잡도_2025.csv
2025,761,761,111000014,3,진관공영차고지 - 영등포역,20,20,1.0,1,available,83,1,1,2112,3990.65,2140.75,7,DMC파크뷰자이(00023),영등포역,1,data/raw/bus/all_bus_routes.json,data/processed/bus/버스_저상노선_시간대별_추정재차인원_혼잡도_2025.csv
2025,7611,7611,100100345,4,은평차고지 - 여의도,17,14,0.8235,1,available,80,1,1,2016,5218.79,2485.98,7,마포역(00038),여의도,1,data/raw/bus/all_bus_routes.json,data/processed/bus/버스_저상노선_시간대별_추정재차인원_혼잡도_2025.csv
2025,7612,7612,100100346,4,홍연2교 - 영등포구청역,17,17,1.0,1,available,47,1,1,1056,8030.71,4977.38,16,연희교차로(00015),영등포구청역,1,data/raw/bus/all_bus_routes.json,data/processed/bus/버스_저상노선_시간대별_추정재차인원_혼잡도_2025.csv
2025,7613,7613,100100347,4,구산동 - 여의도,16,16,1.0,1,available,88,1,1,2328,2721.25,1258.83,7,DMC파크뷰자이(00027),여의도,1,data/raw/bus/all_bus_routes.json,data/processed/bus/버스_저상노선_시간대별_추정재차인원_혼잡도_2025.csv
2025,771,771,100100437,3,대화동종점 - 디지털미디어시티역,11,10,0.9091,1,available,102,1,1,2520,2749.3,1378.64,7,서정마을(중)(00037),디지털미디어시티역,1,data/raw/bus/all_bus_routes.json,data/processed/bus/버스_저상노선_시간대별_추정재차인원_혼잡도_2025.csv
2025,7711,7711,100100348,4,덕은동종점 - 홍대입구역,9,4,0.4444,1,available,41,1,1,1056,11507.0,4955.19,7,성미약수터(00016),홍대입구역,1,data/raw/bus/all_bus_routes.json,data/processed/bus/버스_저상노선_시간대별_추정재차인원_혼잡도_2025.csv
2025,7713,7713,100100349,4,홍연2교 - 신촌오거리,15,15,1.0,1,available,68,1,1,2352,3036.47,1759.83,7,홍은현대아파트.스위스그랜드호텔(00008),홍연2교,1,data/raw/bus/all_bus_routes.json,data/processed/bus/버스_저상노선_시간대별_추정재차인원_혼잡도_2025.csv
2025,7715,7715,100100462,4,은평차고지 - 연신내역,13,12,0.9231,1,available,61,1,1,3792,5343.25,3243.88,7,구산역2번출구.예일여고(00023),연신내역,1,data/raw/bus/all_bus_routes.json,data/processed/bus/버스_저상노선_시간대별_추정재차인원_혼잡도_2025.csv
2025,7719,7719,124000008,4,북가좌동 - 녹번역,4,0,0.0,0,unavailable,33,1,0,0,,,,,,0,data/raw/bus/all_bus_routes.json,data/processed/bus/버스_저상노선_시간대별_추정재차인원_혼잡도_2025.csv
2025,7720,7720,100100352,4,구산동 - 신촌,16,16,1.0,1,available,76,1,1,1944,3296.19,2091.82,8,정원여중.스위스그랜드호텔(00028),신촌,1,data/raw/bus/all_bus_routes.json,data/processed/bus/버스_저상노선_시간대별_추정재차인원_혼잡도_2025.csv
2025,7722,7722,100100353,4,진관공영차고지 - 녹번역,12,12,1.0,1,available,49,1,1,1248,3068.42,2311.25,16,선일여고입구(00011),녹번역,1,data/raw/bus/all_bus_routes.json,data/processed/bus/버스_저상노선_시간대별_추정재차인원_혼잡도_2025.csv
2025,7723,7723,100100354,4,진관공영차고지 - 구파발역,9,7,0.7778,1,available,40,1,1,936,4935.14,2691.5,7,두산위브253동앞(00014),구파발역,1,data/raw/bus/all_bus_routes.json,data/processed/bus/버스_저상노선_시간대별_추정재차인원_혼잡도_2025.csv
2025,7727,7727,100100358,4,설문동 - 신촌,22,22,1.0,1,available,104,1,1,2568,2880.09,1575.89,7,서정마을(중)(00036),신촌,1,data/raw/bus/all_bus_routes.json,data/processed/bus/버스_저상노선_시간대별_추정재차인원_혼잡도_2025.csv
2025,7728,7728,100100359,4,대화동 - 신촌,22,19,0.8636,1,available,108,1,1,3600,4334.26,1275.45,7,상신초등학교입구(00040),신촌,1,data/raw/bus/all_bus_routes.json,data/processed/bus/버스_저상노선_시간대별_추정재차인원_혼잡도_2025.csv
2025,7730,7730,100100360,4,은평차고지 - 이북오도청,18,14,0.7778,1,available,74,1,1,1896,4471.64,2350.82,7,응암지구대(00022),이북오도청,1,data/raw/bus/all_bus_routes.json,data/processed/bus/버스_저상노선_시간대별_추정재차인원_혼잡도_2025.csv
2025,7734,7734,111000010,4,진관공영차고지 - 홍대입구역,27,27,1.0,1,available,98,1,1,4728,3672.19,2418.18,16,연희교차로(00044),홍대입구역,1,data/raw/bus/all_bus_routes.json,data/processed/bus/버스_저상노선_시간대별_추정재차인원_혼잡도_2025.csv
2025,7737,7737,100100363,4,은평공영차고지 - 파크빌아파트,14,6,0.4286,1,available,64,1,1,1608,9457.83,5268.43,17,연세대학교앞(00041),은평공영차고지,1,data/raw/bus/all_bus_routes.json,data/processed/bus/버스_저상노선_시간대별_추정재차인원_혼잡도_2025.csv
2025,7738,7738,100100364,4,은평공영차고지 - 홍제역,13,13,1.0,1,available,54,1,1,1392,3481.38,2350.68,8,DMC두산위브아파트(00013),홍제역,1,data/raw/bus/all_bus_routes.json,data/processed/bus/버스_저상노선_시간대별_추정재차인원_혼잡도_2025.csv
2025,7739,7739,100100552,4,은평공영차고지 - 서교가든,8,0,0.0,0,unavailable,43,1,0,0,,,,,,0,data/raw/bus/all_bus_routes.json,data/processed/bus/버스_저상노선_시간대별_추정재차인원_혼잡도_2025.csv
2025,8002,8002,107000003,4,상명대앞 - 경복궁역,0,0,0.0,0,unavailable,12,1,0,0,,,,,,0,data/raw/bus/all_bus_routes.json,data/processed/bus/버스_저상노선_시간대별_추정재차인원_혼잡도_2025.csv
2025,8111,8111,107000009,4,북악중학교 - 국민대앞,2,0,0.0,0,unavailable,30,1,0,0,,,,,,0,data/raw/bus/all_bus_routes.json,data/processed/bus/버스_저상노선_시간대별_추정재차인원_혼잡도_2025.csv
2025,8112,8112,110000006,4,온곡중학교 - 수락리버시티1단지정문,0,0,0.0,0,unavailable,26,1,0,0,,,,,,0,data/raw/bus/all_bus_routes.json,data/processed/bus/버스_저상노선_시간대별_추정재차인원_혼잡도_2025.csv
2025,8146,8146,110000004,3,7단지영업소 - 강남역,4,4,1.0,1,available,135,1,1,3600,10417.0,451.75,4,송정동서울숲아이파크(00049),강남역,1,data/raw/bus/all_bus_routes.json,data/processed/bus/버스_저상노선_시간대별_추정재차인원_혼잡도_2025.csv
2025,8221,8221,106000001,4,장안2동주민센터 - 답십리역,6,0,0.0,0,unavailable,15,1,0,0,,,,,,0,data/raw/bus/all_bus_routes.json,data/processed/bus/버스_저상노선_시간대별_추정재차인원_혼잡도_2025.csv
2025,8331,8331,124000010,4,마천동사거리 - 잠실역8번,5,0,0.0,0,unavailable,14,1,0,0,,,,,,0,data/raw/bus/all_bus_routes.json,data/processed/bus/버스_저상노선_시간대별_추정재차인원_혼잡도_2025.csv
2025,8332,8332,124000040,4,강동리버스트상가 - 중앙보훈병원역,0,0,0.0,0,unavailable,32,1,0,0,,,,,,0,data/raw/bus/all_bus_routes.json,data/processed/bus/버스_저상노선_시간대별_추정재차인원_혼잡도_2025.csv
2025,8441,8441,103000001,4,은곡마을.LH이편한세상 - 수서역5번출구,4,0,0.0,0,unavailable,10,1,0,0,,,,,,0,data/raw/bus/all_bus_routes.json,data/processed/bus/버스_저상노선_시간대별_추정재차인원_혼잡도_2025.csv
2025,8442출,8442출,121000002,,식유촌우면성당.서초호반써밋 - 서초호반써밋,0,0,0.0,0,unavailable,15,1,0,0,,,,,,0,data/raw/bus/all_bus_routes.json,data/processed/bus/버스_저상노선_시간대별_추정재차인원_혼잡도_2025.csv
2025,8442퇴,8442퇴,106000006,,양재역.서초문화예술회관 - 양재역.서초문화예술회관,0,0,0.0,0,unavailable,15,1,0,0,,,,,,0,data/raw/bus/all_bus_routes.json,data/processed/bus/버스_저상노선_시간대별_추정재차인원_혼잡도_2025.csv
2025,8541,8541,100100383,4,호압사 - 강남역,3,0,0.0,0,unavailable,56,1,0,0,,,,,,0,data/raw/bus/all_bus_routes.json,data/processed/bus/버스_저상노선_시간대별_추정재차인원_혼잡도_2025.csv
2025,8551,8551,108000001,4,봉천역 - 노량진역,5,1,0.2,1,available,24,1,1,672,43695.0,7108.65,7,상도2동아이파크.포스코더샵아파트(00008),노량진역,1,data/raw/bus/all_bus_routes.json,data/processed/bus/버스_저상노선_시간대별_추정재차인원_혼잡도_2025.csv
2025,8552,8552,116000001,4,신림복지관앞 - 신림역,2,0,0.0,0,unavailable,12,1,0,0,,,,,,0,data/raw/bus/all_bus_routes.json,data/processed/bus/버스_저상노선_시간대별_추정재차인원_혼잡도_2025.csv
2025,8553,8553,,,,,,,,unknown,0,0,0,0,,,,,,0,data/raw/bus/all_bus_routes.json,data/processed/bus/버스_저상노선_시간대별_추정재차인원_혼잡도_2025.csv
2025,8561,8561,116000005,4,신림동별빛거리 - 여의도환승센터,4,1,0.25,1,available,24,1,1,600,55026.0,6964.4,7,공군호텔(00009),여의도환승센터,1,data/raw/bus/all_bus_routes.json,data/processed/bus/버스_저상노선_시간대별_추정재차인원_혼잡도_2025.csv
2025,8641,8641,114000002,4,구로동 - 개포동,2,0,0.0,0,unavailable,117,1,0,0,,,,,,0,data/raw/bus/all_bus_routes.json,data/processed/bus/버스_저상노선_시간대별_추정재차인원_혼잡도_2025.csv
2025,8661,8661,120000003,4,역곡역 - 천왕역4번출구,0,0,0.0,0,unavailable,12,1,0,0,,,,,,0,data/raw/bus/all_bus_routes.json,data/processed/bus/버스_저상노선_시간대별_추정재차인원_혼잡도_2025.csv
2025,8671,8671,114000003,4,문래동시점 - 아현초등학교,2,2,1.0,1,available,31,1,1,768,11994.5,2435.55,7,영문초등학교(00005),아현초등학교,1,data/raw/bus/all_bus_routes.json,data/processed/bus/버스_저상노선_시간대별_추정재차인원_혼잡도_2025.csv
2025,8762출,8762출,113000003,,디지털미디어시티역2번출구 - 공항철도디지털미디어시티역,4,0,0.0,0,unavailable,15,1,0,0,,,,,,0,data/raw/bus/all_bus_routes.json,data/processed/bus/버스_저상노선_시간대별_추정재차인원_혼잡도_2025.csv
2025,8762퇴,8762퇴,112000006,,디지털미디어시티역2번출구 - 공항철도디지털미디어시티역,4,0,0.0,0,unavailable,15,1,0,0,,,,,,0,data/raw/bus/all_bus_routes.json,data/processed/bus/버스_저상노선_시간대별_추정재차인원_혼잡도_2025.csv
2025,8771,8771,111000009,4,구산중.구산교회 - 녹번역,4,0,0.0,0,unavailable,12,1,0,0,,,,,,0,data/raw/bus/all_bus_routes.json,data/processed/bus/버스_저상노선_시간대별_추정재차인원_혼잡도_2025.csv
2025,8772,8772,100100525,4,진관공영차고지 - 북한산성입구,0,0,0.0,0,unavailable,28,1,0,0,,,,,,0,data/raw/bus/all_bus_routes.json,data/processed/bus/버스_저상노선_시간대별_추정재차인원_혼잡도_2025.csv
2025,8773출,8773출,112000003,,선진운수종점 - 선진운수종점,5,2,0.4,1,available,76,1,0,0,,,,,,0,data/raw/bus/all_bus_routes.json,data/processed/bus/버스_저상노선_시간대별_추정재차인원_혼잡도_2025.csv
2025,8773퇴,8773퇴,112000007,,선진운수종점 - 선진운수종점,5,2,0.4,1,available,76,1,0,0,,,,,,0,data/raw/bus/all_bus_routes.json,data/processed/bus/버스_저상노선_시간대별_추정재차인원_혼잡도_2025.csv
2025,8774,8774,100100387,4,구산동 - 서대문구청,5,5,1.0,1,available,59,1,1,2544,4425.8,1610.57,7,응암3동주민센터(00024),서대문구청,1,data/raw/bus/all_bus_routes.json,data/processed/bus/버스_저상노선_시간대별_추정재차인원_혼잡도_2025.csv
2025,N13,N13,100100593,15,상계주공7단지 - 복정역환승센터,12,12,1.0,1,available,146,1,1,11808,2872.67,1568.83,1,동묘앞.서울혜화경찰서(00038),상계주공7단지,1,data/raw/bus/all_bus_routes.json,data/processed/bus/버스_저상노선_시간대별_추정재차인원_혼잡도_2025.csv
2025,N15,N15,100100610,15,우이동 - 남태령역,12,12,1.0,1,available,146,1,1,7920,3894.83,2307.75,1,신설동역1번출구(00044),우이동,1,data/raw/bus/all_bus_routes.json,data/processed/bus/버스_저상노선_시간대별_추정재차인원_혼잡도_2025.csv
2025,N16,N16,100100592,15,도봉차고지 - 온수동차고지,12,12,1.0,1,available,132,1,1,7224,3196.75,1610.58,2,돈암사거리.성신여대입구(00043),도봉차고지,1,data/raw/bus/all_bus_routes.json,data/processed/bus/버스_저상노선_시간대별_추정재차인원_혼잡도_2025.csv
2025,N26,N26,100100586,15,강서공영차고지 - 중랑공영차고지,10,10,1.0,1,available,134,1,1,6816,4281.1,2015.7,1,종로4가.종묘(00044),중랑공영차고지,1,data/raw/bus/all_bus_routes.json,data/processed/bus/버스_저상노선_시간대별_추정재차인원_혼잡도_2025.csv
2025,N30,N30,100100591,15,강동공영차고지 - 서울역환승센터,4,0,0.0,0,unavailable,96,1,0,0,,,,,,0,data/raw/bus/all_bus_routes.json,data/processed/bus/버스_저상노선_시간대별_추정재차인원_혼잡도_2025.csv
2025,N31,N31,104000011,15,강동공영차고지 - 국민대,8,8,1.0,1,available,146,1,1,7392,2873.88,1653.8,1,잠실진주아파트(00047),강동공영차고지,1,data/raw/bus/all_bus_routes.json,data/processed/bus/버스_저상노선_시간대별_추정재차인원_혼잡도_2025.csv
2025,N37,N37,100100585,15,복정역환승센터 - 진관공영차고지,8,6,0.75,1,available,112,1,1,5616,4467.67,1812.83,1,서대문역사거리.적십자병원(00037),진관공영차고지,1,data/raw/bus/all_bus_routes.json,data/processed/bus/버스_저상노선_시간대별_추정재차인원_혼잡도_2025.csv
2025,N51,N51,117000002,15,시흥동차고지 - 하계동차고지,8,4,0.5,1,available,162,1,1,14184,6380.0,3796.24,1,합정역(00055),시흥동차고지,1,data/raw/bus/all_bus_routes.json,data/processed/bus/버스_저상노선_시간대별_추정재차인원_혼잡도_2025.csv
2025,N61,N61,100100589,15,양천공영차고지 - 상계주공7단지,16,16,1.0,1,available,188,1,1,10032,2959.88,1913.81,1,사당1동상점가(00068),양천공영차고지,1,data/raw/bus/all_bus_routes.json,data/processed/bus/버스_저상노선_시간대별_추정재차인원_혼잡도_2025.csv
2025,N62,N62,100100588,15,양천공영차고지 - 면목동차고지,12,9,0.75,1,available,167,1,1,14016,4075.11,2635.0,0,합정역(00057),양천공영차고지,1,data/raw/bus/all_bus_routes.json,data/processed/bus/버스_저상노선_시간대별_추정재차인원_혼잡도_2025.csv
2025,N64,N64,115000010,15,강서공영차고지 - 염곡공영차고지,8,8,1.0,1,available,166,1,1,8880,3000.12,1879.88,1,남성초등학교(00026),강서공영차고지,1,data/raw/bus/all_bus_routes.json,data/processed/bus/버스_저상노선_시간대별_추정재차인원_혼잡도_2025.csv
2025,N72,N72,111000017,15,은평공영차고지 - 중랑공영차고지,9,7,0.7778,1,available,170,1,1,8832,3621.71,1712.43,0,공덕오거리(00029),중랑공영차고지,1,data/raw/bus/all_bus_routes.json,data/processed/bus/버스_저상노선_시간대별_추정재차인원_혼잡도_2025.csv
2025,N73,N73,123000013,15,복정역환승센터 - 구산동차고지,8,7,0.875,1,available,159,1,1,13560,3493.14,2201.09,1,동교로사거리(00058),구산동차고지,1,data/raw/bus/all_bus_routes.json,data/processed/bus/버스_저상노선_시간대별_추정재차인원_혼잡도_2025.csv
2025,N75,N75,111000016,15,진관공영차고지 - 신림2동차고지,12,12,1.0,1,available,176,1,1,8736,3218.0,1504.94,1,연희104고지앞.구성산회관(00059),진관공영차고지,1,data/raw/bus/all_bus_routes.json,data/processed/bus/버스_저상노선_시간대별_추정재차인원_혼잡도_2025.csv
2025,서울02출,서울02출,115000011,,(임시)풍무홈플러스 - 김포공항역3번출구,0,0,0.0,0,unavailable,7,1,0,0,,,,,,0,data/raw/bus/all_bus_routes.json,data/processed/bus/버스_저상노선_시간대별_추정재차인원_혼잡도_2025.csv
2025,서울02퇴,서울02퇴,115000013,,김포공항역3번출구 - 수행마을.홈플러스,0,0,0.0,0,unavailable,7,1,0,0,,,,,,0,data/raw/bus/all_bus_routes.json,data/processed/bus/버스_저상노선_시간대별_추정재차인원_혼잡도_2025.csv
2025,서울04출,서울04출,111000021,,도래울마을1단지 - 가양역8번출구.마포중고교,0,0,0.0,0,unavailable,13,1,0,0,,,,,,0,data/raw/bus/all_bus_routes.json,data/processed/bus/버스_저상노선_시간대별_추정재차인원_혼잡도_2025.csv
2025,서울04퇴,서울04퇴,111000025,,가양역7번출구.마포중고교 - 도래울마을1단지,0,0,0.0,0,unavailable,12,1,0,0,,,,,,0,data/raw/bus/all_bus_routes.json,data/processed/bus/버스_저상노선_시간대별_추정재차인원_혼잡도_2025.csv
2025,서울05출,서울05출,109000002,,율정마을7.8단지 - 도봉산역광역환승센터,0,0,0.0,0,unavailable,9,1,0,0,,,,,,0,data/raw/bus/all_bus_routes.json,data/processed/bus/버스_저상노선_시간대별_추정재차인원_혼잡도_2025.csv
2025,서울05퇴,서울05퇴,109000004,,도봉산역광역환승센터 - 율정마을7.8단지,0,0,0.0,0,unavailable,9,1,0,0,,,,,,0,data/raw/bus/all_bus_routes.json,data/processed/bus/버스_저상노선_시간대별_추정재차인원_혼잡도_2025.csv
2025,서울07출,서울07출,102000001,,양재역.서초문화예술회관 - 기업성장센터,0,0,0.0,0,unavailable,9,1,0,0,,,,,,0,data/raw/bus/all_bus_routes.json,data/processed/bus/버스_저상노선_시간대별_추정재차인원_혼잡도_2025.csv
2025,서울07퇴,서울07퇴,106000005,,기업성장센터 - 양재역,0,0,0.0,0,unavailable,9,1,0,0,,,,,,0,data/raw/bus/all_bus_routes.json,data/processed/bus/버스_저상노선_시간대별_추정재차인원_혼잡도_2025.csv
2025,서울08출,서울08출,111000023,,화정역3호선 - 디지털미디어시티역,0,0,0.0,0,unavailable,13,1,0,0,,,,,,0,data/raw/bus/all_bus_routes.json,data/processed/bus/버스_저상노선_시간대별_추정재차인원_혼잡도_2025.csv
2025,서울08퇴,서울08퇴,111000026,,디지털미디어시티역 - 화정역4번출구,0,0,0.0,0,unavailable,13,1,0,0,,,,,,0,data/raw/bus/all_bus_routes.json,data/processed/bus/버스_저상노선_시간대별_추정재차인원_혼잡도_2025.csv
2025,서울09출,서울09출,110000007,,민락교 - 노원역9번출구,0,0,0.0,0,unavailable,14,1,0,0,,,,,,0,data/raw/bus/all_bus_routes.json,data/processed/bus/버스_저상노선_시간대별_추정재차인원_혼잡도_2025.csv
2025,서울09퇴,서울09퇴,110000008,,노원역1번출구 - 민락교,0,0,0.0,0,unavailable,14,1,0,0,,,,,,0,data/raw/bus/all_bus_routes.json,data/processed/bus/버스_저상노선_시간대별_추정재차인원_혼잡도_2025.csv
2025,서울10출,서울10출,109000003,,현대힐스테이트아파트 - 도봉산역광역환승센터,0,0,0.0,0,unavailable,8,1,0,0,,,,,,0,data/raw/bus/all_bus_routes.json,data/processed/bus/버스_저상노선_시간대별_추정재차인원_혼잡도_2025.csv
2025,서울10퇴,서울10퇴,109000006,,도봉산역 - 현대힐스테이트아파트,0,0,0.0,0,unavailable,8,1,0,0,,,,,,0,data/raw/bus/all_bus_routes.json,data/processed/bus/버스_저상노선_시간대별_추정재차인원_혼잡도_2025.csv
