사용월,노선명,역명,역명정규화,station_key,운행엘리베이터보유여부,운행엘리베이터수,엘리베이터연결층,엘리베이터설치위치,운행휠체어리프트보유여부,운행휠체어리프트수,휠체어리프트운행구간,휠체어리프트설치위치,안전발판보유여부,안전발판수,휠체어접근가능화장실보유여부,장애인화장실설치위치,장애인화장실층
2025-12,1호선,서울역,서울,1호선|서울,1,4,"외부#1 | 지하B1→지상1 | 2번 출입구; 내부#1 | 지하B2→지하B1 | 시청 방면5-1,남영 방면6-4; 외부#3 | 지하B1→지상1 | 3번 출입구; 외부#2 | 지하B1→지상1 | 4번 출입구","2번 출입구; 시청 방면5-1,남영 방면6-4; 3번 출입구; 4번 출입구",0,0,없음,없음,1,1,1,지하1층 2번 출입구 부근,B1
2025-12,1호선,시청,시청,1호선|시청,1,3,"외부#1 | 지하B1→지상1 | 1,2번 출입구 사이; 내부#1 | 지하B2→지하B1 | 종각 방면3-2; 내부#2 | 지하B2→지하B1 | 서울역 방면8-3","1,2번 출입구 사이; 종각 방면3-2; 서울역 방면8-3",0,0,없음,없음,1,1,1,지하1층 5번 출입구 부근,B1
2025-12,1호선,신설동,신설동,1호선|신설동,1,5,"내부#1 | 지하B2→지하B1 | 제기동 방면3-4; 내부#2 | 지하B2→지하B1 | 동묘앞 방면8-1; 외부#3 | 지하B1→지상1 | 4,5번 출입구 사이; 외부#2 | 지하B1→지상1 | 2,3번 출입구 사이; 외부#1 | 지하B1→지상1 | 12번 출입구","제기동 방면3-4; 동묘앞 방면8-1; 4,5번 출입구 사이; 2,3번 출입구 사이; 12번 출입구",1,4,내부1 | 지하B2→지하B1 | 제기동 방면측; 내부2 | 지하B2→지하B1 | 동묘앞 방면측; 내부3 | 지하B2→지하B1 | 연결통로(대합실 방면); 내부4 | 지하B2→지하B1 | 연결통로(대합실 방면),제기동 방면측; 동묘앞 방면측; 연결통로(대합실 방면),1,1,1,대합실(지하1층) 고객안전실 앞,B1
2025-12,2호선,강남,강남,2호선|강남,1,4,내부#1 | 지하B2→지하B1 | 역삼 방면8-1; 내부#2 | 지하B2→지하B1 | 교대 방면3-4; 외부#1 | 지하B1→지상1 | 1번 출입구; 외부#2 | 지하B1→지상1 | 10번 출입구,역삼 방면8-1; 교대 방면3-4; 1번 출입구; 10번 출입구,0,0,없음,없음,1,1,1,"1층 고객안전실(1,12번 출입구),개집표기 내부",B1
2025-12,2호선,건대입구,건대입구,2호선|건대입구,1,2,외부#1 | 지상1→지상3 | 6번 출입구; 내부#1 | 지상2→지상3 | 성수 방면5-4,6번 출입구; 성수 방면5-4,0,0,없음,없음,1,1,1,대합실 2층 통로 중앙,2
2025-12,2호선,교대(법원.검찰청),교대(법원.검찰청),2호선|교대(법원.검찰청),1,3,외부#1 | 지하B1→지상1 | 5번 출입구; 내부#1 | 지하B2→지하B1 | 강남 방면8-4; 내부#2 | 지하B2→지하B1 | 서초 방면3-1,5번 출입구; 강남 방면8-4; 서초 방면3-1,0,0,없음,없음,1,1,1,"대합실 1층 1,2,3,4,번 출입구 쪽",B1
2025-12,2호선,낙성대(강감찬),낙성대(강감찬),2호선|낙성대(강감찬),1,3,내부#2 | 지하B2→지하B1 | 서울대입구 방면3-3; 외부#1 | 지하B1→지상1 | 6번 출입구; 내부#1 | 지하B2→지하B1 | 사당 방면8-2,서울대입구 방면3-3; 6번 출입구; 사당 방면8-2,0,0,없음,없음,1,1,1,"대합실 1층 고객안내부스앞(3,4,5,6번 출입구쪽)",B1
2025-12,2호선,도림천,도림천,2호선|도림천,1,2,내부#1 | 지하B3→지하B2 | 신도림 방면4-4; 외부#1 | 지하B3→지하B1 | 양천구청 방면2-4,신도림 방면4-4; 양천구청 방면2-4,0,0,없음,없음,1,1,0,"지상1층, 고객안전실 옆(개집표기 외부)",1
2025-12,2호선,문래,문래,2호선|문래,1,4,내부#1 | 지하B2→지하B1 | 신도림 방면7-4; 내부#2 | 지하B2→지하B1 | 영등포구청 방면4-1; 외부#2 | 지하B1→지상1 | 1번 출입구; 외부#1 | 지하B1→지상1 | 5번 출입구,신도림 방면7-4; 영등포구청 방면4-1; 1번 출입구; 5번 출입구,0,0,없음,없음,1,1,1,"지하1층 대합실(개집표기 외부, 2,3번 출입구방향)",B1
2025-12,2호선,방배,방배,2호선|방배,1,3,내부#1 | 지하B2→지하B1 | 서초 방면8-3; 내부#2 | 지하B2→지하B1 | 사당 방면3-1; 외부#1 | 지하B1→지상1 | 3번 출입구,서초 방면8-3; 사당 방면3-1; 3번 출입구,0,0,없음,없음,1,1,1,"서초방면 대합실 끝(1,4번 출입구방향),개집표기 외부",B1
2025-12,2호선,봉천,봉천,2호선|봉천,1,2,"내부#1 | 지하B2→지하B1 | 서울대입구 방면6-3, 신림 방면5-1; 외부#1 | 지하B1→지상1 | 4번 출입구","서울대입구 방면6-3, 신림 방면5-1; 4번 출입구",0,0,없음,없음,1,1,1,"B1 아이센터 맞은편(1,6번 출입구)개집표기 외부",B1
2025-12,2호선,삼성(무역센터),삼성(무역센터),2호선|삼성(무역센터),1,5,"외부#2 | 지하B1→지상1 | 6번 출입구; 외부#4 | 지하B1→지상1 | 4번 출입구; 외부#1 | 지하B1→지상1 | 1번 출입구; 외부#3 | 지하B1→지상1 | 8번 출입구; 내부#1 | 지하B2→지하B1 | 종합운동장 방면3-1, 선릉 방면8-4","6번 출입구; 4번 출입구; 1번 출입구; 8번 출입구; 종합운동장 방면3-1, 선릉 방면8-4",0,0,내부1 | 지하B1→지하B1 | 코액스 측 연결계단,코액스 측 연결계단,1,1,1,대합실 1층 통로 중앙,B1
2025-12,2호선,상왕십리,상왕십리,2호선|상왕십리,1,3,외부#1 | 지하B1→지상1 | 1-1번 출입구; 내부#1 | 지하B2→지하B1 | 신당 방면8-1; 내부#2 | 지하B2→지하B1 | 왕십리 방면3-4,1-1번 출입구; 신당 방면8-1; 왕십리 방면3-4,0,0,없음,없음,1,1,1,"대합실 1층 5,6번 출입구 앞",B1
2025-12,2호선,서울대입구(관악구청),서울대입구(관악구청),2호선|서울대입구(관악구청),1,3,"외부#1 | 지하B1→지상1 | 6번 출입구; 내부#1 | 지하B2→지하B1 | 봉천 방면5-2, 낙성대 방면6-3; 외부#2 | 지하B1→지상1 | 2번 출입구","6번 출입구; 봉천 방면5-2, 낙성대 방면6-3; 2번 출입구",0,0,없음,없음,1,1,1,"대합실 1층 (7,8번 출입구쪽)",B1
2025-12,2호선,서초,서초,2호선|서초,1,4,"외부#2 | 지하B1→지상1 | 3,4번 출입구; 내부#1 | 지하B2→지하B1 | 교대 방면2-4; 내부#2 | 지하B2→지하B1 | 방배 방면9-1; 외부#1 | 지하B1→지상1 | 1번 출입구","3,4번 출입구; 교대 방면2-4; 방배 방면9-1; 1번 출입구",0,0,없음,없음,1,1,1,"교대방면 대합실(1,2,7,8번 출입구),개집표기 외부",B1
2025-12,2호선,선릉,선릉,2호선|선릉,1,3,외부#1 | 지하B1→지상1 | 1번 출입구; 외부#2 | 지하B1→지상1 | 5번 출입구; 외부#3 | 지하B1→지상1 | 10번 출입구,1번 출입구; 5번 출입구; 10번 출입구,0,0,없음,없음,1,1,1,대합실 1층 1번 출입구 앞,B1
2025-12,2호선,시청,시청,2호선|시청,1,2,"외부#1 | 지하B1→지상1 | 9번 출입구; 내부#1 | 지하B3→지하B1 | 충정로 방면6-2, 을지로입구 방면5-3","9번 출입구; 충정로 방면6-2, 을지로입구 방면5-3",0,0,없음,없음,1,1,1,"지하2층 환승통로; 지하1층 9,10번 출입구 옆",B2; B1
2025-12,2호선,신답,신답,2호선|신답,1,2,내부#1 | 지상1→지상2 | 용두 방면2-4; 내부#2 | 지상1→지상2 | 용답 방면3-2,용두 방면2-4; 용답 방면3-2,0,0,없음,없음,1,1,1,1층 대합실,1
2025-12,2호선,신도림,신도림,2호선|신도림,1,4,"내부#1 | 지하B2→지하B1 | 대림 방면4-4, 문래 방면7-4; 외부#1 | 지하B1→지상2 | 1번 출입구; 내부#2 | 지하B2→지하B1 | 대림 방면3-2; 외부#2 | 지하B1→지상1 | 3번 출입구","대림 방면4-4, 문래 방면7-4; 1번 출입구; 대림 방면3-2; 3번 출입구",0,0,없음,없음,1,1,1,"지하1층 대합실 (개집표기 내부, 1번 출입구방향); 지하1층 대합실(개집표기 외부,1번 출입구방향)",B1
2025-12,2호선,신림,신림,2호선|신림,1,3,"내부#1 | 지하B2→지하B1 | 신대방 방면7-1, 봉천 방면4-4; 외부#1 | 지하B1→지상1 | 1번 출입구; 외부#2 | 지하B1→지상1 | 5번 출입구","신대방 방면7-1, 봉천 방면4-4; 1번 출입구; 5번 출입구",0,0,없음,없음,1,1,1,"B1 고객안전실 맞은편(3,4번 출입구),개집표기 외부",B1
2025-12,2호선,신설동,신설동,2호선|신설동,1,3,내부#1 | 지하B2→지하B1 | 신설동 방면4-4; 외부#2 | 지하B2→지상1 | 9번 출입구; 외부#1 | 지하B1→지상1 | 9번 출입구,신설동 방면4-4; 9번 출입구,0,0,없음,없음,1,1,1,대합실(지하1층) 고객안전실 옆,B1
2025-12,2호선,신정네거리,신정네거리,2호선|신정네거리,1,3,내부#1 | 지하B3→지하B2 | 까치산 방면4-1; 내부#2 | 지하B3→지하B2 | 양천구청 방면3-4; 외부#1 | 지하B2→지상1 | 2번 출입구,까치산 방면4-1; 양천구청 방면3-4; 2번 출입구,1,1,"내부1 | 지하B2→지하B3 | 2,3번 출입구","2,3번 출입구",1,1,0,"B1 대합실(개집표기 외부, 2번, 3번 출입구방향)",B1
2025-12,2호선,신촌,신촌,2호선|신촌,1,4,외부#1 | 지하B1→지상1 | 4번 출입구; 내부#1 | 지하B2→지하B1 | 홍대입구 방면6-4; 내부#2 | 지하B2→지하B1 | 이대 방면4-4; 외부#2 | 지하B1→지상1 | 6번 출입구,4번 출입구; 홍대입구 방면6-4; 이대 방면4-4; 6번 출입구,0,0,없음,없음,1,1,1,"지하1층 대합실, 5번 출입구 옆",B1
2025-12,2호선,아현,아현,2호선|아현,1,4,외부#2 | 지하B1→지상1 | 1번 출입구; 외부#1 | 지하B1→지상1 | 3번 출입구; 내부#1 | 지하B2→지하B1 | 이대 방면7-2; 내부#2 | 지하B2→지하B1 | 충정로 방면4-3,1번 출입구; 3번 출입구; 이대 방면7-2; 충정로 방면4-3,0,0,없음,없음,1,1,1,지하1층 대합실 이대역방면 끝단,B1
2025-12,2호선,양천구청,양천구청,2호선|양천구청,1,3,내부#1 | 지하B2→지하B1 | 신정네거리 방면4-1; 내부#2 | 지하B2→지하B1 | 도림천 방면3-3; 외부#1 | 지하B1→지상1 | 1번 출입구,신정네거리 방면4-1; 도림천 방면3-3; 1번 출입구,0,0,없음,없음,1,1,1,"B1 대합실(개집표기 내부,신정자량사업소출입구 옆)",B1
2025-12,2호선,용답,용답,2호선|용답,1,2,1 | 지상2→지상3 | 신답방면2-2; 2 | 지상2→지상3 | 성수방면3-3,신답방면2-2; 성수방면3-3,1,1,내부2 | 지상1→지상2 | 신답 방면1-4,신답 방면1-4,1,1,1,대합실,1
2025-12,2호선,용두(동대문구청),용두(동대문구청),2호선|용두(동대문구청),1,3,외부#1 | 지하B1→지상1 | 3번 출입구; 외부#2 | 지하B1→지상1 | 4번 출입구; 내부#1 | 지하B2→지하B1 | 신설동 방면4-3; 내부#2 | 지하B2→지하B1 | 신답 방면1-1,3번 출입구; 4번 출입구; 신설동 방면4-3; 신답 방면1-1,0,0,없음,없음,1,1,1,"(내선대합실)5번 출입구 입구; (외선대합실)1,2번 출입구 입구; (외선승강장)2-2 승강장 앞; (내선승강장)3-3 승강장 앞",B1; 2
2025-12,2호선,을지로3가,을지로3가,2호선|을지로3가,1,2,내부#1 | 지하B2→지하B1 | 을지로입구 방면8-3; 내부#2 | 지하B2→지하B1 | 을지로4가 방면3-2,을지로입구 방면8-3; 을지로4가 방면3-2,0,0,없음,없음,1,1,1,지하1층 (다)개집표기 옆,B1
2025-12,2호선,을지로4가,을지로4가,2호선|을지로4가,1,3,외부#1 | 지하B1→지상1 | 8번 출입구; 내부#1 | 지하B2→지하B1 | 을지로3가 방면3-2; 내부#2 | 지하B2→지하B1 | 동대문역사문화공원 방면8-3,8번 출입구; 을지로3가 방면3-2; 동대문역사문화공원 방면8-3,0,0,없음,없음,1,1,1,"지하1층 1,2번 출입구 옆",B1
2025-12,2호선,을지로입구,을지로입구,2호선|을지로입구,1,4,"내부#2 | 지하B2→지하B1 | 을지로3가 방면6-2; 외부#1 | 지하B1→지상1 | 1번 출입구; 내부#1 | 지하B2→지하B1 | 시청 방면5-3; 외부#2 | 지하B1→지상1 | 5,6번 출입구 사이","을지로3가 방면6-2; 1번 출입구; 시청 방면5-3; 5,6번 출입구 사이",0,0,없음,없음,1,1,1,지하1층 (다)개집표기 옆,B1
2025-12,2호선,이대,이대,2호선|이대,1,3,"외부#2 | 지하B1→지상1 | 2번 출입구; 외부#1 | 지하B1→지상1 | 6번 출입구; 내부#1 | 지하B2→지하B1 | 신촌 방면2-2, 아현 방면9-3","2번 출입구; 6번 출입구; 신촌 방면2-2, 아현 방면9-3",0,0,없음,없음,1,1,1,지하1층 대합실 5번 출입구 옆,B1
2025-12,2호선,잠실(송파구청),잠실(송파구청),2호선|잠실(송파구청),1,4,외부#2 | 지하B1→지상1 | 1번 출입구; 외부#1 | 지하B1→지상1 | 6번 출입구; 내부#1 | 지하B2→지하B1 | 잠실나루 방면5-2; 내부#2 | 지하B2→지하B1 | 잠실새내 방면6-3,1번 출입구; 6번 출입구; 잠실나루 방면5-2; 잠실새내 방면6-3,1,1,내부1 | 지하B1→지하B1 | 잠실쇼핑센터 측 연결계단,잠실쇼핑센터 측 연결계단,1,1,1,"대합실 1층 1,2번 출입구 앞",B1
2025-12,2호선,잠실나루,잠실나루,2호선|잠실나루,1,2,내부#1 | 지상1→지상2 | 강변 방면3-4; 내부#2 | 지상1→지상2 | 잠실 방면8-1,강변 방면3-4; 잠실 방면8-1,0,0,없음,없음,1,1,1,대합실 1층 통로 중앙,1
2025-12,2호선,잠실새내,잠실새내,2호선|잠실새내,1,4,외부#1 | 지하B1→지상1 | 7번 출입구; 내부#1 | 지하B2→지하B1 | 잠실방면7-3; 내부#2 | 지하B2→지하B1 | 종합운동장 방면4-1; 외부#2 | 지하B1→지상1 | 2번 출입구,7번 출입구; 잠실방면7-3; 종합운동장 방면4-1; 2번 출입구,0,0,없음,없음,1,1,1,대합실 1층 2번 출입구 앞,B1
2025-12,2호선,종합운동장,종합운동장,2호선|종합운동장,1,3,내부#1 | 지하B2→지하B1 | 잠실새내 방면2-4; 외부#1 | 지하B1→지상1 | 6번 출입구; 내부#2 | 지하B2→지하B1 | 삼성 방면8-4,잠실새내 방면2-4; 6번 출입구; 삼성 방면8-4,0,0,없음,없음,1,1,1,"대합실 1층 1,2번 출입구 앞 (잠실새내측); 대합실 1층 5번 출입구 앞 (삼성측)",B1
2025-12,2호선,충정로(경기대입구),충정로(경기대입구),2호선|충정로(경기대입구),1,2,"내부#1 | 지하B3→지하B2 | 아현 방면2-1, 시청 방면9-4; 외부#1 | 지하B2→지상1 | 5번 출입구","아현 방면2-1, 시청 방면9-4; 5번 출입구",0,0,없음,없음,1,1,1,지하2층 아현방면 끝단,B2
2025-12,2호선,한양대,한양대,2호선|한양대,1,2,외부#1 | 지상1→지상2 | 4번 출입구(육교) 측; 내부#1 | 지상1→지상2 | 왕십리 방면3-3,4번 출입구(육교) 측; 왕십리 방면3-3,1,1,내부1 | 지상1→지상2 | 뚝섬 방면8-2,뚝섬 방면8-2,1,1,1,고객안전실 맞은편,2
2025-12,2호선,합정,합정,2호선|합정,1,4,"내부#2 | 지하B2→지하B1 | 홍대입구 방면7-3; 내부#1 | 지하B2→지하B1 | 당산 방면4-1; 외부#2 | 지하B1→지상1 | 1,2번 출입구 사이; 외부#1 | 지하B1→지상1 | 3,4번 출입구 사이","홍대입구 방면7-3; 당산 방면4-1; 1,2번 출입구 사이; 3,4번 출입구 사이",0,0,없음,없음,1,1,1,"지하1층 대합실, 1,2번 출입구",B1
2025-12,2호선,홍대입구,홍대입구,2호선|홍대입구,1,2,"외부#1 | 지하B1→지상1 | 8번 출입구; 내부#1 | 지하B2→지하B1 | 합정 방면7-2, 신촌 방면4-3","8번 출입구; 합정 방면7-2, 신촌 방면4-3",0,0,없음,없음,1,1,1,"지하1층 대합실, 2번 출입구 옆",B1
2025-12,3호선,가락시장,가락시장,3호선|가락시장,1,3,내부#1 | 지하B4→지하B2 | 수서 방면8-2; 내부#2 | 지하B4→지하B2 | 경찰병원 방면3-2; 외부#1 | 지하B2→지상1 | 7번 출입구,수서 방면8-2; 경찰병원 방면3-2; 7번 출입구,0,0,없음,없음,1,1,1,대합실 B2층 고객안전실 앞(개집표기 외부); 대합실 B2층 고객상담실앞(개집표기 내부),B2
2025-12,3호선,경복궁(정부서울청사),경복궁(정부서울청사),3호선|경복궁(정부서울청사),1,2,"외부#1 | 지하B2→지상1 | 4번 출입구; 내부#1 | 지하B3→지하B2 | 독립문 방면6-2, 안국 방면5-3","4번 출입구; 독립문 방면6-2, 안국 방면5-3",0,0,없음,없음,1,1,0,지하2층 대합실 (가)개집표기 내부,B2
2025-12,3호선,경찰병원,경찰병원,3호선|경찰병원,1,4,외부#2 | 지하B1→지상1 | 3번 출입구; 외부#1 | 지하B1→지상1 | 1번 출입구; 내부#1 | 지하B3→지하B1 | 가락시장 방면4-2; 내부#2 | 지하B3→지하B1 | 오금 방면 7-3,3번 출입구; 1번 출입구; 가락시장 방면4-2; 오금 방면 7-3,0,0,없음,없음,1,1,1,대합실 B1층 아이센터 옆(개집표기 외부); 대합실 B1층 고객안전실 앞(개집표기 내부),B1
2025-12,3호선,고속터미널,고속터미널,3호선|고속터미널,1,2,내부#1 | 지하B3→지하B2 | 잠원 방면8-2; 내부#2 | 지하B3→지하B2 | 교대 방면3-3,잠원 방면8-2; 교대 방면3-3,0,0,없음,없음,1,1,0,없음,없음
2025-12,3호선,교대(법원.검찰청),교대(법원.검찰청),3호선|교대(법원.검찰청),1,2,"외부#1 | 지하B1→지상1 | 13번 출입구; 내부#1 | 지하B3→지하B1 | 고속터미널 방면4-2, 남부터미널 방면7-3","13번 출입구; 고속터미널 방면4-2, 남부터미널 방면7-3",1,1,"내부1 | 지하B1→지하B1 | B1층 2,3호선 연결계단","B1층 2,3호선 연결계단",1,1,1,"대합실1층 고객안전실 맞은편,개집표기 외부",B1
2025-12,3호선,구파발,구파발,3호선|구파발,1,2,"외부#1 | 지하B1→지상1 | 1번 출입구; 내부#1 | 지하B2→지하B1 | 지축 방면5-3, 연신내 방면6-2","1번 출입구; 지축 방면5-3, 연신내 방면6-2",0,0,없음,없음,1,1,1,지하1층 대합실 (가)개집표기 외부,B1
2025-12,3호선,금호,금호,3호선|금호,1,3,"외부#2 | 지하B1→지상1 | 3번 출입구 측; 내부#1 | 지하B2→지하B1 | 약수 방면3-2, 옥수 방면8-3; 외부#1 | 지하B1→지상1 | 2번 출입구","3번 출입구 측; 약수 방면3-2, 옥수 방면8-3; 2번 출입구",0,0,없음,없음,1,1,1,지하1층 (가)개집표기 내 대합실,B1
2025-12,3호선,남부터미널(예술의전당),남부터미널(예술의전당),3호선|남부터미널(예술의전당),1,3,내부#1 | 지하B3→지하B2 | 교대 방면3-2; 내부#2 | 지하B3→지하B2 | 양재 방면8-2; 외부#1 | 지하B2→지상1 | 5번 출입구,교대 방면3-2; 양재 방면8-2; 5번 출입구,0,0,없음,없음,1,1,1,대합실 B2층 고객안전실 앞,B2
2025-12,3호선,녹번,녹번,3호선|녹번,1,3,"외부#2 | 지하B1→지상1 | 1번 출입구; 외부#1 | 지하B1→지상1 | 3번 출입구; 내부#1 | 지하B2→지하B1 | 불광 방면3-1, 홍제 방면8-4","1번 출입구; 3번 출입구; 불광 방면3-1, 홍제 방면8-4",0,0,없음,없음,1,1,1,지하1층 대합실 개집표기 외부,B1
2025-12,3호선,대치,대치,3호선|대치,1,2,"내부#1 | 지하B3→지하B1 | 도곡 방면1-1, 학여울 방면10-4; 외부#1 | 지하B1→지상1 | 7번 출입구","도곡 방면1-1, 학여울 방면10-4; 7번 출입구",0,0,없음,없음,1,1,0,대합실 B1층 고객안전실 앞,B1
2025-12,3호선,도곡,도곡,3호선|도곡,0,0,없음,없음,0,0,없음,없음,1,1,0,대합실  B2층 개집표기 외부,B2
2025-12,3호선,독립문,독립문,3호선|독립문,1,2,"내부#1 | 지하B3→지하B2 | 무악재 방면9-1, 경복궁 방면2-4; 외부#1 | 지하B2→지상1 | 4번 출입구","무악재 방면9-1, 경복궁 방면2-4; 4번 출입구",0,0,없음,없음,1,1,0,지하2층 대합실 (나)개집표기 내부,B2
2025-12,3호선,동대입구,동대입구,3호선|동대입구,1,4,"외부#2 | 지하B2→지상1 | 2번 출입구; 내부#2 | 지하B2→지하B1 | 대합실(F계단 측, 3~5번 출입구 방향); 외부#1 | 지하B2→지상1 | 6번 출입구; 내부#1 | 지하B3→지하B2 | 충무로 방면3-1, 약수 방면8-4","2번 출입구; 대합실(F계단 측, 3~5번 출입구 방향); 6번 출입구; 충무로 방면3-1, 약수 방면8-4",0,0,없음,없음,1,1,1,대합실 2층 (가)개집표기 앞,B2
2025-12,3호선,매봉,매봉,3호선|매봉,1,3,내부#1 | 지하B2→지하B1 | 양재 방면5-4; 내부#2 | 지하B2→지하B1 | 도곡 방면6-1; 외부#1 | 지하B1→지상1 | 1번 출입구,양재 방면5-4; 도곡 방면6-1; 1번 출입구,0,0,없음,없음,1,1,1,대합실 B1층개집표기옆,B1
2025-12,3호선,수서,수서,3호선|수서,1,4,외부#1 | 지하B1→지상1 | 1번 출입구; 외부#2 | 지하B1→지상1 | 5번 출입구; 내부#1 | 지하B2→지하B1 | 가락시장 방면3-2; 내부#2 | 지하B2→지하B1 | 일원 방면8-3,1번 출입구; 5번 출입구; 가락시장 방면3-2; 일원 방면8-3,0,0,없음,없음,1,1,1,대합실 B1층 고객안전실좌측(개집표기 내부),B1
2025-12,3호선,신사,신사,3호선|신사,1,4,내부#1 | 지하B2→지하B1 | 압구정 방면3-1; 내부#2 | 지하B2→지하B1 | 잠원 방면8-3; 외부#1 | 지하B1→지상1 | 1번 출입구; 외부#2 | 지하B1→지상1 | 8번 출입구,압구정 방면3-1; 잠원 방면8-3; 1번 출입구; 8번 출입구,0,0,없음,없음,1,1,1,지하 1층,B1
2025-12,3호선,압구정,압구정,3호선|압구정,1,4,내부#1 | 지하B2→지하B1 | 옥수 방면8-2; 내부#2 | 지하B2→지하B1 | 신사 방면3-2; 외부#2 | 지하B1→지상1 | 3번 출입구; 외부#1 | 지하B1→지상1 | 2번 출입구,옥수 방면8-2; 신사 방면3-2; 3번 출입구; 2번 출입구,0,0,없음,없음,1,1,1,지하 1층,B1
2025-12,3호선,양재(서초구청),양재(서초구청),3호선|양재(서초구청),1,5,외부#2 | 지하B1→지상1 | 11번 출입구; 외부#1 | 지하B1→지상1 | 4번 출입구; 내부#1 | 지하B2→지하B1 | 남부터미널 방면3-1; 외부#3 | 지하B1→지상1 | 1번 출입구; 내부#2 | 지하B2→지하B1 | 매봉 방면8-4,11번 출입구; 4번 출입구; 남부터미널 방면3-1; 1번 출입구; 매봉 방면8-4,0,0,없음,없음,1,1,1,"대합실 B1층 상선 방향(9-4),개집표기 내부",B1
2025-12,3호선,오금,오금,3호선|오금,1,3,외부#1 | 지하B1→지상1 | 1번 출입구; 내부#1 | 지하B4→지하B1 | 경찰병원 방면5-1; 내부#2 | 지하B4→지하B1 | 오금 방면6-4,1번 출입구; 경찰병원 방면5-1; 오금 방면6-4,0,0,없음,없음,1,1,1,"대합실 B1층 1,2번 출입구 옆(개집표기 외부); 대합실 B1층 1,2번 출입구옆(개집표기 내부)",B1
2025-12,3호선,옥수,옥수,3호선|옥수,1,3,"외부#1 | 지상1→지상2 | 5,6번 출입구; 내부#1 | 지상2→지상3 | 금호 방면10-1; 내부#2 | 지상2→지상3 | 압구정 방면1-2","5,6번 출입구; 금호 방면10-1; 압구정 방면1-2",0,0,없음,없음,1,1,1,3층 환승통로측; 3층 금호역측,3
2025-12,3호선,을지로3가,을지로3가,3호선|을지로3가,1,2,"내부#1 | 지하B3→지하B1 | 종로3가 방면6-3, 충무로 방면5-2; 외부#1 | 지하B1→지상1 | 10번 출입구","종로3가 방면6-3, 충무로 방면5-2; 10번 출입구",0,0,없음,없음,1,1,0,가 대합실 고객안전실 아래 지하 2층,B2
2025-12,3호선,일원,일원,3호선|일원,1,4,내부#1 | 지하B3→지하B2 | 대청 방면6-3; 내부#2 | 지하B3→지하B2 | 수서 방면5-2; 외부#2 | 지하B2→지상1 | 1번 출입구; 외부#3 | 지하B2→지상1 | 1번 출입구,대청 방면6-3; 수서 방면5-2; 1번 출입구,0,0,없음,없음,1,1,1,"대합실 B2층 7번 출입구옆, 고객안전실 앞",B2
2025-12,3호선,잠원,잠원,3호선|잠원,1,3,외부#1 | 지하B1→지상1 | 1번 출입구; 내부#1 | 지하B2→지하B1 | 신사 방면3-3; 내부#2 | 지하B2→지하B1 | 고속터미널 방면8-2,1번 출입구; 신사 방면3-3; 고속터미널 방면8-2,0,0,없음,없음,1,1,1,대합실 B1층 고객안전실 앞(개집표기 내부),B1
2025-12,3호선,지축,지축,3호선|지축,1,1,"내부#1 | 지상1→지상2 | 삼송 방면9-3, 구파발 방면2-2","삼송 방면9-3, 구파발 방면2-2",0,0,없음,없음,1,1,0,없음,없음
2025-12,3호선,학여울,학여울,3호선|학여울,1,3,외부#1 | 지하B4→지상1 | 1번 출입구; 내부#1 | 지하B5→지하B4 | 대치 방면5-4; 내부#2 | 지하B5→지하B4 | 대청 방면6-1,1번 출입구; 대치 방면5-4; 대청 방면6-1,0,0,없음,없음,1,1,1,대합실 B4층 외부 E/V 옆 (개집표기 외부),B4
2025-12,4호선,남태령,남태령,4호선|남태령,1,3,"외부#1 | 지하B1→지상1 | 2번 출입구; 내부#2 | 지하B2→지하B1 | 1번 출입구; 내부#1 | 지하B3→지하B2 | 사당 방면3-3,선바위 방면8-2","2번 출입구; 1번 출입구; 사당 방면3-3,선바위 방면8-2",0,0,없음,없음,1,1,1,(지하2층 고객안전실 옆),B2
2025-12,4호선,노원,노원,4호선|노원,1,3,외부#1 | 지상1→지상2 | 2번 출입구; 외부#2 | 지상1→지상3 | 9번 출입구; 내부#1 | 지상2→지상3 | 상계 방면8-4,2번 출입구; 9번 출입구; 상계 방면8-4,0,0,없음,없음,1,1,1,2층 대합실 (나)개집표기 내부,2
2025-12,4호선,명동,명동,4호선|명동,1,2,"내부#1 | 지하B4→지하B1 | 충무로 방면1-1,회현 방면10-4; 외부#1 | 지하B1→지상1 | 1번 출입구","충무로 방면1-1,회현 방면10-4; 1번 출입구",0,0,없음,없음,1,1,0,"B1 2~8번 출입구쪽,개집표기 내부",B1
2025-12,4호선,미아(서울사이버대학),미아(서울사이버대학),4호선|미아(서울사이버대학),1,3,"내부#1 | 지하B2→지하B1 | 수유 방면8-2; 내부#2 | 지하B2→지하B1 | 미아사거리 방면3-4; 외부#1 | 지하B1→지상1 | 1,2번 출입구 사이","수유 방면8-2; 미아사거리 방면3-4; 1,2번 출입구 사이",0,0,없음,없음,1,1,1,"대합실 지하1층 교양휴게실 앞 (3,4번개집표기방향)",B1
2025-12,4호선,미아사거리,미아사거리,4호선|미아사거리,1,2,내부#1 | 지하B2→지하B1 | 미아 방면3-1; 내부#2 | 지하B2→지하B1 | 길음 방면8-3,미아 방면3-1; 길음 방면8-3,0,0,없음,없음,1,1,1,지하1층 고객안전실 옆,B1
2025-12,4호선,삼각지(전쟁기념관)(전쟁기념관),삼각지(전쟁기념관)(전쟁기념관),4호선|삼각지(전쟁기념관)(전쟁기념관),1,5,"내부#1 | 지하B2→지하B1 | 숙대입구 방면4-3; 내부#2 | 지하B2→지하B1 | 신용산 방면7-2; 외부#3 | 지하B1→지상1 | 3번 출입구; 외부#1 | 지하B1→지상1 | 1,2번 출입구; 외부#2 | 지하B1→지상1 | 5,6번 출입구","숙대입구 방면4-3; 신용산 방면7-2; 3번 출입구; 1,2번 출입구; 5,6번 출입구",0,0,없음,없음,1,1,1,게이트 내부 신용산측,B1
2025-12,4호선,상계,상계,4호선|상계,1,1,"외부#1 | 지상1→지상2 | 대합실(1,2번 출입구 사이)","대합실(1,2번 출입구 사이)",1,2,내부1 | 지상2→지상3 | 당고개 방면3-1; 내부2 | 지상2→지상3 | 노원 방면8-3,당고개 방면3-1; 노원 방면8-3,1,1,1,2층 대합실 (나)개집표기 내부,2
2025-12,4호선,서울역,서울,4호선|서울,1,2,"외부#1 | 지하B1→지상1 | 12번 출입구; 내부#1 | 지하B2→지하B1 | 회현 방면9-1,숙대입구 방면2-4","12번 출입구; 회현 방면9-1,숙대입구 방면2-4",0,0,없음,없음,1,1,1,"14번 출입구  옆, 11번 출입구 물품보관함 건너편",B1
2025-12,4호선,성신여대입구(돈암),성신여대입구(돈암),4호선|성신여대입구(돈암),1,4,외부#2 | 지하B1→지상1 | 2번 출입구; 내부#1 | 지하B2→지하B1 | 길음 방면8-2; 내부#2 | 지하B2→지하B1 | 한성대입구 방면3-4; 외부#1 | 지하B1→지상1 | 3번 출입구,2번 출입구; 길음 방면8-2; 한성대입구 방면3-4; 3번 출입구,0,0,없음,없음,1,1,1,지하1층 고객 안내부스에서 10m 안쪽,B1
2025-12,4호선,숙대입구(갈월),숙대입구(갈월),4호선|숙대입구(갈월),1,3,내부#1 | 지하B2→지하B1 | 서울역(4) 방면8-1; 내부#2 | 지하B2→지하B1 | 삼각지 방면3-3; 외부#1 | 지하B1→지상1 | 10번 출입구,서울역(4) 방면8-1; 삼각지 방면3-3; 10번 출입구,0,0,없음,없음,1,1,1,B1 (가)대합실과 (나)대합실 연결통로 가운데,B1
2025-12,4호선,신용산,신용산,4호선|신용산,1,4,내부#1 | 지하B1→지하B2 | 삼각지 방면8-2; 내부#2 | 지하B1→지하B2 | 이촌 방면3-2; 외부#1 | 지하B2→지상1 | 1번 출입구; 외부#2 | 지하B1→지상1 | 4번 출입구,삼각지 방면8-2; 이촌 방면3-2; 1번 출입구; 4번 출입구,0,0,없음,없음,1,1,1,지하1층 삼각지측,B1
2025-12,4호선,충무로,충무로,4호선|충무로,1,4,"내부#3 | 지하B4→지하B2 | 을지로3가 방면7-4,동대입구 방면4-1; 내부#1 | 지하B3→지하B1 | 동대문역사문화공원 방면8-1; 내부#2 | 지하B3→지하B1 | 명동 방면3-3; 외부#1 | 지하B1→지상1 | 7번 출입구","을지로3가 방면7-4,동대입구 방면4-1; 동대문역사문화공원 방면8-1; 명동 방면3-3; 7번 출입구",0,0,없음,없음,1,1,1,"지하2층 3,4,5,6,7번 출입구쪽,개집표기 내부",B2
2025-12,4호선,한성대입구(삼선교),한성대입구(삼선교),4호선|한성대입구(삼선교),1,3,"외부#1 | 지하B1→지상1 | 3,4번 출입구 사이; 외부#2 | 지하B1→지상1 | 5번 출입구; 내부#1 | 지하B2→지하B1 | 성신여대입구 방면6-1,길음 방면5-4","3,4번 출입구 사이; 5번 출입구; 성신여대입구 방면6-1,길음 방면5-4",0,0,없음,없음,1,1,1,"1번 출입구방향, (가)개집표기 쪽(개집표기 외부)",B1
2025-12,4호선,혜화,혜화,4호선|혜화,1,4,내부#1 | 지하B2→지하B1 | 한성대입구 방면7-4; 내부#2 | 지하B2→지하B1 | 동대문(4) 방면3-4; 외부1 | 지하B1→지상1 | 2번 출입구; 외부2 | 지하B1→지상1 | 3번 출입구,한성대입구 방면7-4; 동대문(4) 방면3-4; 2번 출입구; 3번 출입구,0,0,없음,없음,1,1,1,(지하1층 3번 출입구 방면),B1
2025-12,4호선,회현(남대문시장),회현(남대문시장),4호선|회현(남대문시장),1,2,"내부#1 | 지하B4→지하B1 | 서울역 방면1-4,명동 방면10-1; 외부#1 | 지하B1→지상1 | 3,4,5번 출입구 중심","서울역 방면1-4,명동 방면10-1; 3,4,5번 출입구 중심",0,0,없음,없음,1,1,1,개집표기 내부 지하2층,B2
2025-12,5호선,개롱,개롱,5호선|개롱,1,3,"1 | 지하B1→지하B2 | 오금 방면5-1; 2 | 지하B1→지하B2 | 거여 방면4-4; 3 | 지하B1→지상1 | 3,4번 출입구 사이","오금 방면5-1; 거여 방면4-4; 3,4번 출입구 사이",0,0,없음,없음,0,0,1,"1,4번호 출입구 사이",B1
2025-12,5호선,거여,거여,5호선|거여,1,3,1 | 지하B1→지하B2 | 개롱 방면6-2; 2 | 지하B1→지하B2 | 마천 방면3-2; 3 | 지하B1→지상1 | 2번 출입구,개롱 방면6-2; 마천 방면3-2; 2번 출입구,0,0,없음,없음,1,1,1,대합실 1층 8번 출입구 앞,B1
2025-12,5호선,공덕,공덕,5호선|공덕,1,2,1 | 지하B3→지하B1 | 환승통로(애오개 방면8-4 마포 방면1-1); 2 | 지하B1→지상1 | 2번 출입구,환승통로(애오개 방면8-4 마포 방면1-1); 2번 출입구,0,0,없음,없음,1,1,1,대합실 1층 3번 출입구 앞,B1
2025-12,5호선,광나루(장신대),광나루(장신대),5호선|광나루(장신대),1,3,1 | 지하B2→지하B3 | 아차산 방면5-1; 2 | 지하B2→지하B3 | 천호 방면4-4; 3 | 지하B2→지상1 | 1번 출입구; 4 | 지하B1→지상1 | 3번 출입구,아차산 방면5-1; 천호 방면4-4; 1번 출입구; 3번 출입구,1,1,1 | 지하B1→지하B2 | 대합실,대합실,1,1,1,지하1층,B1
2025-12,5호선,광화문(세종문화회관),광화문(세종문화회관),5호선|광화문(세종문화회관),1,2,"2 | 지하B2→지하B4 | 서대문 방면1-1,종로3가 방면8-4; 1 | 지하B2→지상1 | 서대문 방면1-1, 종로3가 방면8-4","서대문 방면1-1,종로3가 방면8-4; 서대문 방면1-1, 종로3가 방면8-4",0,0,없음,없음,1,1,1,세종측 대합실 지하1층,B1
2025-12,5호선,군자(능동),군자(능동),5호선|군자(능동),1,3,"1 | 지하B3→지하B1 | 장한평 방면5-3, 아차산 방면4-1; 2 | 지하B3→지하B1 | 장한평 방면4-3, 아차산 방면5-1; 3 | 지하B1→지상1 | 4번 출입구","장한평 방면5-3, 아차산 방면4-1; 장한평 방면4-3, 아차산 방면5-1; 4번 출입구",0,0,없음,없음,1,1,1,지하1층 대합실 (가)개집표기 앞,B1
2025-12,5호선,길동,길동,5호선|길동,1,3,1 | 지하B2→지하B3 | 강동 방면5-1; 2 | 지하B2→지하B3 | 굽은다리 방면4-4; 3 | 지하B1→지하BM2 | 대합실(1번 출입구 세븐일레븐 옆),강동 방면5-1; 굽은다리 방면4-4; 대합실(1번 출입구 세븐일레븐 옆),0,0,없음,없음,0,0,1,대합실 지하1층 3번 출입구 옆,B1
2025-12,5호선,답십리,답십리,5호선|답십리,1,4,3 | 지하B2→지상1 | 2번 출입구; 4 | 지하B2→지상1 | 6번 출입구; 1 | 지하B2→지하B3 | 마장 방면4-4; 2 | 지하B2→지하B3 | 장한평 방면5-1,2번 출입구; 6번 출입구; 마장 방면4-4; 장한평 방면5-1,1,1,1 | 지하B1→지하B1 | 대합실,대합실,1,1,0,"B1층 5,6번 출입구 방향",B1
2025-12,5호선,마곡,마곡,5호선|마곡,1,5,"5 | 지하B1→지상1 | 3번 출입구; 6 | 지하B1→지상1 | 4,5번 출입구 사이; 1 | 지하B1→지하B2 | 송정 방면4-4; 2 | 지하B1→지하B2 | 발산 방면5-1; 3 | 지하B1→지상1 | 1번 출입구; 4 | 지하B1→지상1 | 6,7번 출입구 사이","3번 출입구; 4,5번 출입구 사이; 송정 방면4-4; 발산 방면5-1; 1번 출입구; 6,7번 출입구 사이",0,0,없음,없음,0,0,1,지하1층 대합실 2번 출입구 하단,B1
2025-12,5호선,마장,마장,5호선|마장,1,3,3 | 지하B2→지상1 | 2번 출입구; 1 | 지하B2→지하B3 | 왕십리 방면4-4; 2 | 지하B2→지하B3 | 답십리 방면5-1,2번 출입구; 왕십리 방면4-4; 답십리 방면5-1,0,0,없음,없음,0,0,1,지하2층 대합실,B2
2025-12,5호선,마천,마천,5호선|마천,1,3,2 | 지하B1→지하B4 | 거여 방면4-3; 3 | 지상1→지하B1 | 1번 출입구; 1 | 지하B4→지하B2 | 마천 방면5-2,거여 방면4-3; 1번 출입구; 마천 방면5-2,0,0,없음,없음,0,0,1,대합실 지하1층 1번 출입구 방향에서우측 코너,B1
2025-12,5호선,마포,마포,5호선|마포,1,2,"1 | 지하B1→지하B5 | 여의나루 방면5-1, 공덕 방면4-4; 2 | 지하B1→지상1 | 2번 출입구","여의나루 방면5-1, 공덕 방면4-4; 2번 출입구",0,0,없음,없음,1,1,1,대합실 1층 토니모리좌측,B1
2025-12,5호선,목동,목동,5호선|목동,1,3,1 | 지하B1→지하B2 | 신정 방면5-1; 2 | 지하B1→지하B2 | 오목교 방면4-4; 3 | 지하B1→지상1 | 5번 출입구,신정 방면5-1; 오목교 방면4-4; 5번 출입구,0,0,없음,없음,1,1,1,대합실 지하1층 7번 출입구 옆,B1
2025-12,5호선,방이,방이,5호선|방이,1,4,1 | 지하B1→지하B2 | 올림픽공원 방면4-4; 2 | 지하B1→지하B2 | 오금 방면5-1; 3 | 지하B1→지상1 | 3번 출입구; 4 | 지하B1→지상1 | 1번 출입구,올림픽공원 방면4-4; 오금 방면5-1; 3번 출입구; 1번 출입구,0,0,없음,없음,0,0,1,"대합실 지하1층 3,4번 출입구방향",B1
2025-12,5호선,서대문,서대문,5호선|서대문,1,3,"1 | 지하B1→지하B4 | 충정로 방면3-2, 광화문 방면6-3; 2 | 지하B1→지상1 | 2번 출입구; 3 | 지하BM1→지상1 | 5,6번 출입구 사이","충정로 방면3-2, 광화문 방면6-3; 2번 출입구; 5,6번 출입구 사이",0,0,없음,없음,1,1,1,"지하1층 대합실 1, 2번 출입구 내려와서 왼쪽",B1
2025-12,5호선,송정,송정,5호선|송정,1,4,1 | 지하B2→지하B3 | 김포공항 방면5-1; 2 | 지하B2→지하B3 | 마곡 방면5-1; 3 | 지하B2→지상1 | 2번 출입구; 4 | 지하B1→지상1 | 3번 출입구,김포공항 방면5-1; 마곡 방면5-1; 2번 출입구; 3번 출입구,0,0,없음,없음,1,1,1,대합실 2층 ES 1호기 앞,B2
2025-12,5호선,신정(은행정),신정(은행정),5호선|신정(은행정),1,2,1 | 지하B2→지하B3 | 까치산 방면8-1; 2 | 지하B2→지하B3 | 목동 방면1-4,까치산 방면8-1; 목동 방면1-4,0,0,없음,없음,1,1,1,"2,3번 출입구 지하 (가)대합실 운임지역 내부",B2
2025-12,5호선,애오개,애오개,5호선|애오개,1,5,1 | 지하B3→지하B4 | 공덕 방면4-4; 2 | 지하B3→지하B4 | 충정로 방면5-1; 3 | 지하B1→지하B3 | 대합실; 4 | 지하B1→지상1 | 2번 출입구; 5 | 지하B1→지상1 | 3번 출입구,공덕 방면4-4; 충정로 방면5-1; 대합실; 2번 출입구; 3번 출입구,0,0,없음,없음,1,1,1,대합실 1층개집표기 통과 후좌측,B1
2025-12,5호선,여의나루,여의나루,5호선|여의나루,1,2,"1 | 지하B1→지하B5 | 여의도 방면6-2, 마포 방면3-3; 2 | 지하BM1→지하B1 | 대합실(경사형); 3 | 지하BM1→지상1 | 4번 출입구","여의도 방면6-2, 마포 방면3-3; 대합실(경사형); 4번 출입구",0,0,없음,없음,1,1,1,지하1층 대합실 비운임지역 ES옆,B1
2025-12,5호선,여의도,여의도,5호선|여의도,1,2,1 | 지하B1→지하B4 | 신길 방면6-4; 2 | 지하B1→지하B4 | 여의나루 방면6-4,신길 방면6-4; 여의나루 방면6-4,0,0,없음,없음,1,1,1,대합실1층  (가)개집표기 옆,B1
2025-12,5호선,영등포시장,영등포시장,5호선|영등포시장,1,3,3 | 지하B1→지상1 | 2번 출입구; 1 | 지하B5→지하B6 | 영등포구청 방면4-3; 2 | 지하B1→지하B6 | 신길 방면5-2,2번 출입구; 영등포구청 방면4-3; 신길 방면5-2,0,0,없음,없음,1,1,1,"대합실 1층  2, 3번 출입구 앞",B1
2025-12,5호선,오금,오금,5호선|오금,1,3,1 | 지하B1→지하B2 | 방이 방면4-4; 2 | 지하B1→지하B2 | 개롱 방면5-1; 3 | 지하B2→지하B3 | 환승통로(방이 방면8-4); 4 | 지하B2→지하B3 | 환승통로(개롱 방면1-1); 5 | 지하B1→지상1 | 5번 출입구,방이 방면4-4; 개롱 방면5-1; 환승통로(방이 방면8-4); 환승통로(개롱 방면1-1); 5번 출입구,0,0,없음,없음,0,0,1,대합실 지하1층 방이역 방향,B1
2025-12,5호선,오목교(목동운동장앞),오목교(목동운동장앞),5호선|오목교(목동운동장앞),1,3,1 | 지하B1→지하B3 | 목동 방면7-1; 2 | 지하B1→지하B3 | 양평 방면2-4; 3 | 지하B1→지상1 | 7번 출입구,목동 방면7-1; 양평 방면2-4; 7번 출입구,0,0,없음,없음,1,1,1,대합실 B1층 3번 출입구 방향 임대상가 옆,B1
2025-12,5호선,올림픽공원(한국체대),올림픽공원(한국체대),5호선|올림픽공원(한국체대),1,3,1 | 지하B2→지하B3 | 둔촌동 방면3-2; 2 | 지하B2→지하B3 | 방이 방면6-3; 4 | 지하B2→지상1 | 2번 출입구,둔촌동 방면3-2; 방이 방면6-3; 2번 출입구,0,0,없음,없음,0,0,1,대합실 지하1층 2번 출입구 앞,B1
2025-12,5호선,을지로4가,을지로4가,5호선|을지로4가,1,1,"1 | 지하B1→지하B5 | 동대문역사문화공원방면 1-1,종로3가방면 10-4","동대문역사문화공원방면 1-1,종로3가방면 10-4",0,0,없음,없음,0,0,1,"대합실 B1층, 
B2층 내려가는 계단 앞",B1
2025-12,5호선,충정로(경기대입구),충정로(경기대입구),5호선|충정로(경기대입구),1,2,"1 | 지하B5→지하B1 | 애오개 방면3-3, 서대문 방면6-2; 2 | 지하B1→지상1 | 8번 출입구","애오개 방면3-3, 서대문 방면6-2; 8번 출입구",0,0,없음,없음,1,1,1,대합실 B1층 8번 출입구 방향 아이센터 맞은 편,B1
2025-12,6호선,고려대(종암),고려대(종암),6호선|고려대(종암),1,4,"1 | 지하B1→지하B4 | 안암 방면6-2; 2 | 지하B1→지하B4 | 월곡 방면3-2; 3 | 지하B1→지상1 | 1번 출입구; 4 | 지하B1→지상1 | 3,4번 출입구 사이","안암 방면6-2; 월곡 방면3-2; 1번 출입구; 3,4번 출입구 사이",0,0,없음,없음,1,1,1,지하 1층 대합실(개집표기 내부),B1
2025-12,6호선,공덕,공덕,6호선|공덕,1,5,1 | 지하B1→지하B2 | 대흥 방면4-4; 2 | 지하B1→지하B2 | 효창공원 방면4-4; 3 | 지하B1→지상1 | 5번 출입구; 4 | 지하B2→지하B3 | 대흥 방면1-1; 5 | 지하B2→지하B3 | 효창공원앞 방면8-4,대흥 방면4-4; 효창공원 방면4-4; 5번 출입구; 대흥 방면1-1; 효창공원앞 방면8-4,0,0,없음,없음,0,0,1,대합실 1층 7번 출입구 앞,B1
2025-12,6호선,광흥창(서강),광흥창(서강),6호선|광흥창(서강),1,3,"1 | 지하B2→지상1 | 1번 출입구; 2 | 지하B2→지하B3 | 상수 방면1-2, 대흥 방면8-3; 3 | 지하B1→지상1 | 4번 출입구","1번 출입구; 상수 방면1-2, 대흥 방면8-3; 4번 출입구",0,0,없음,없음,0,0,1,"대합실 2층 (1,2,5,6번 출입구방향)",B2
2025-12,6호선,녹사평(용산구청),녹사평(용산구청),6호선|녹사평(용산구청),1,3,"1 | 지하B4→지하B5 | 삼각지 방면4-3, 이태원 방면5-1; 2 | 지하B2→지하B4 | 대합실; 3 | 지하B2→지상1 | 3번 출입구","삼각지 방면4-3, 이태원 방면5-1; 대합실; 3번 출입구",0,0,없음,없음,1,1,1,"대합실 지하1층 1,2번 출입구 진입 방향",B1
2025-12,6호선,대흥(서강대앞),대흥(서강대앞),6호선|대흥(서강대앞),1,3,"3 | 지하B2→지상1 | 3번 출구; 1 | 지하B2→지하B3 | 광흥창 방면4-4, 공덕 방면5-1; 2 | 지하B1→지하B2 | 대합실","3번 출구; 광흥창 방면4-4, 공덕 방면5-1; 대합실",0,0,없음,없음,0,0,1,대합실 1층 4번 출입구 앞,B1
2025-12,6호선,돌곶이,돌곶이,6호선|돌곶이,1,3,1 | 지하B1→지하B2 | 상월곡 방면4-4; 2 | 지하B1→지하B2 | 석계 방면4-4; 3 | 지하B1→지상1 | 3번 출입구,상월곡 방면4-4; 석계 방면4-4; 3번 출입구,0,0,없음,없음,0,0,1,"지하 1층 대합실(6,7번 출입구 사이)",B1
2025-12,6호선,디지털미디어시티,디지털미디어시티,6호선|디지털미디어시티,1,3,1 | 지하B1→지하B2 | 증산 방면1-1; 2 | 지하B1→지하B2 | 월드컵경기장 방면8-4; 3 | 지하B1→지상1 | 4번 출입구,증산 방면1-1; 월드컵경기장 방면8-4; 4번 출입구,1,2,1 | 지하B2→지하B3 | 증산 방면8-4; 2 | 지하B3→지하B2 | 월드컵경기장 방면1-1,증산 방면8-4; 월드컵경기장 방면1-1,0,0,1,"대합실 지하1층 4번 출입구 옆; 대합실 지하1층 2,3번 출입구 옆",B1
2025-12,6호선,망원,망원,6호선|망원,1,2,1 | 지하B1→지하B2 | 마포구청 방면5-1; 2 | 지하B2→지상1 | 합정 방면5-2,마포구청 방면5-1; 합정 방면5-2,0,0,없음,없음,0,0,1,B1 대합실 1번 출입구 옆,B1
2025-12,6호선,보문,보문,6호선|보문,1,1,"1 | 지하B2→지하B3 | 창신 방면4-4 , 안암 방면5-1","창신 방면4-4 , 안암 방면5-1",0,0,없음,없음,0,0,1,지하2층 대합실 아이센터 옆,B2
2025-12,6호선,봉화산(서울의료원),봉화산(서울의료원),6호선|봉화산(서울의료원),1,3,3 | 지하B2→지하B1 | 신내 방면8-3; 4 | 지하B2→지하B1 | 화랑대 방면1-2; 1 | 지하B1→지상1 | 2번 출입구; 2 | 지하B1→지상1 | 4번 출입구,신내 방면8-3; 화랑대 방면1-2; 2번 출입구; 4번 출입구,0,0,없음,없음,0,0,1,지하 1층 대합실(고객상담실 옆),B1
2025-12,6호선,삼각지(전쟁기념관)(전쟁기념관),삼각지(전쟁기념관)(전쟁기념관),6호선|삼각지(전쟁기념관)(전쟁기념관),1,5,"1 | 지하B3→지하B4 | 효창공원앞 방면1-1,녹사평 방면8-4; 2 | 지하B3→지하B4 | 녹사평 방면1-1, 효창공원앞 방면8-4; 3 | 지하B3→지상1 | 8번 출입구; 4 | 지하B3→지상1 | 12번 출입구; 5 | 지하B3→지하B4 | 환승통로(효창공원앞 방면6-1,녹사평 방면4-4)","효창공원앞 방면1-1,녹사평 방면8-4; 녹사평 방면1-1, 효창공원앞 방면8-4; 8번 출입구; 12번 출입구; 환승통로(효창공원앞 방면6-1,녹사평 방면4-4)",0,0,없음,없음,0,0,0,"대합실 1층 7,8번 출입구 측면",B1
2025-12,6호선,상수,상수,6호선|상수,1,3,"3 | 지하B2→지하B1 | 대합실; 1 | 지하B2→지하B3 | 합정 방면4-4, 광흥창 방면5-1; 2 | 지하B1→지상1 | 3번 출입구","대합실; 합정 방면4-4, 광흥창 방면5-1; 3번 출입구",0,0,없음,없음,0,0,1,B2 대합실 상가 미샤 옆,B2
2025-12,6호선,석계,석계,6호선|석계,1,3,1 | 지하B2→지하B3 | 돌곶이 방면3-3; 2 | 지하B2→지하B3 | 태릉입구 방면6-2; 3 | 지하B2→지상1 | 1번 출입구; 4 | 지하B2→지상1 | 4번 출입구,돌곶이 방면3-3; 태릉입구 방면6-2; 1번 출입구; 4번 출입구,1,2,1 | 지하B2→지하B3 | 돌곶이 방면1-1; 2 | 지하B2→지하B3 | 태릉입구 방면8-4,돌곶이 방면1-1; 태릉입구 방면8-4,0,0,1,지하 2층 대합실(환승통로); 지하 1층 대합실(7번 출입구 앞),B2; B1
2025-12,6호선,안암(고대병원앞),안암(고대병원앞),6호선|안암(고대병원앞),1,3,1 | 지하B2→지하B3 | 보문 방면5-2; 2 | 지하B2→지하B3 | 고려대 방면4-3; 3 | 지하B2→지상1 | 1번 출입구,보문 방면5-2; 고려대 방면4-3; 1번 출입구,0,0,없음,없음,0,0,1,"대합실 B1층 3,4번 출입구 계단 인근; 대합실 B2층 봉화산방면 승강장 계단 인근",B1; B2
2025-12,6호선,증산(명지대앞),증산(명지대앞),6호선|증산(명지대앞),1,3,1 | 지하B1→지하B2 | 새절 방면5-1; 2 | 지하B1→지하B2 | 디지털미디어시티 방면4-3; 3 | 지하B1→지상1 | 2번 출입구,새절 방면5-1; 디지털미디어시티 방면4-3; 2번 출입구,0,0,없음,없음,0,0,1,대합실 1층 1번 출입구 옆,B1
2025-12,6호선,한강진,한강진,6호선|한강진,1,3,1 | 지하B3→지하B4 | 이태원 방면5-2; 2 | 지하B1→지하B4 | 버티고개 방면4-2; 3 | 지하B1→지상1 | 3번 출입구,이태원 방면5-2; 버티고개 방면4-2; 3번 출입구,0,0,없음,없음,0,0,1,대합실 B1층 임대상가(gs25)옆,B1
2025-12,6호선,합정,합정,6호선|합정,1,3,1 | 지하B1→지하B4 | 망원 방면4-2; 2 | 지하B3→지하B4 | 상수 방면5-1; 3 | 지하B1→지상1 | 6번 출입구,망원 방면4-2; 상수 방면5-1; 6번 출입구,1,1,1 | 지하B2→지하B3 | 대합실,대합실,1,1,0,대합실 1층 8번 출입구 앞,B1
2025-12,6호선,화랑대(서울여대입구),화랑대(서울여대입구),6호선|화랑대(서울여대입구),1,4,5 | 지하B1→지상1 | 3번 출입구; 1 | 지하B1→지하B2 | 태릉입구 방면5-4; 2 | 지하B1→지하B2 | 봉화산 방면4-1; 3 | 지하B1→지상1 | 1번 출입구; 4 | 지하B1→지상1 | 7번 출입구,3번 출입구; 태릉입구 방면5-4; 봉화산 방면4-1; 1번 출입구; 7번 출입구,0,0,없음,없음,1,1,1,지하 1층 대합실(개집표기 외부),B1
2025-12,6호선,효창공원앞,효창공원앞,6호선|효창공원앞,1,2,"1 | 지하B2→지하B3 | 공덕 방면5-3, 삼각지 방면4-2; 2 | 지하B1→지하B2 | 대합실","공덕 방면5-3, 삼각지 방면4-2; 대합실",0,0,없음,없음,0,0,1,"대합실 1층 3,6번 출입구 앞",B1
2025-12,7호선,가산디지털단지,가산디지털단지,7호선|가산디지털단지,1,4,1 | 지하B2→지하B4 | 남구로 방면5-4; 2 | 지하B2→지하B4 | 철산 방면4-1; 3 | 지하B1→지하B2 | 대합실; 4 | 지하B1→지상1 | 9번 출입구,남구로 방면5-4; 철산 방면4-1; 대합실; 9번 출입구,1,3,1 | 지하B1→지하BM1 | 4번 출입구; 3 | 지상2→지하B1 | 환승통로(1호선 독산 방면); 4 | 지상2→지하B1 | 환승통로(1호선 구로 방면),4번 출입구; 환승통로(1호선 독산 방면); 환승통로(1호선 구로 방면),1,1,0,대합실 1층 4번 출입구 방향,B1
2025-12,7호선,강남구청,강남구청,7호선|강남구청,1,2,1 | 지하B2→지하B3 | 청담 방면1-1; 2 | 지하B2→지하B3 | 학동 방면8-4,청담 방면1-1; 학동 방면8-4,0,0,없음,없음,1,1,1,B2층 대합실 (가)아이센터 맞은편,B2
2025-12,7호선,건대입구,건대입구,7호선|건대입구,1,2,1 | 지하B2→지하B3 | 어린이대공원 방면5-4; 2 | 지하B2→지하B3 | 자양방면 4-1,어린이대공원 방면5-4; 자양방면 4-1,1,1,3 | 지상2→지하B1 | 뚝섬유원지 방면1-1,뚝섬유원지 방면1-1,1,1,1,B2층 개집표기 옆,B2
2025-12,7호선,고속터미널,고속터미널,7호선|고속터미널,1,3,3 | 지하B2→지상1 | 4번 출입구; 1 | 지하B3→지하B2 | 반포 방면3-3; 2 | 지하B3→지하B2 | 내방 방면6-2,4번 출입구; 반포 방면3-3; 내방 방면6-2,1,4,"1 | 지하B1→지하B3 | 환승통로(3,9호선 방면); 2 | 지하B2→지하B3 | 대합실(3번 출입구 방면); 3 | M1→지하B1 | 3번 출입구; 4 | M1→지하B1 | 4,5,6번 출입구 방면 통로","환승통로(3,9호선 방면); 대합실(3번 출입구 방면); 3번 출입구; 4,5,6번 출입구 방면 통로",1,1,0,대합실 지하1층 3번 출입구 왼쪽,B1
2025-12,7호선,광명사거리,광명사거리,7호선|광명사거리,1,3,3 | 지하B3→지하B2 | 철산 방면1-1; 1 | 지하B2→지하B3 | 천왕 방면2-1; 2 | 지하B2→지상1 | 2번 출입구,철산 방면1-1; 천왕 방면2-1; 2번 출입구,0,0,없음,없음,0,0,1,"대합실 2층 연결통로 (가)아이센터,(나)아이센터 중간",B2
2025-12,7호선,군자(능동),군자(능동),7호선|군자(능동),1,1,외부1 | 지하B1→지상1 | 7번 출입구,7번 출입구,0,0,없음,없음,0,0,0,없음,없음
2025-12,7호선,내방,내방,7호선|내방,1,5,1 | 지하B2→지하B3 | 고속터미널(7) 방면 5-2; 2 | 지하B2→지하B3 | 이수(7) 방면 4-2; 3 | 지하B1→지하B2 | 고객안전실 측; 4 | 지하B1→지상1 | 3번 출입구; 5 | 지하B1→지상1 | 5번 출입구,고속터미널(7) 방면 5-2; 이수(7) 방면 4-2; 고객안전실 측; 3번 출입구; 5번 출입구,0,0,없음,없음,0,0,1,대합실 지하1층 5~8번 출입구방면,B1
2025-12,7호선,노원,노원,7호선|노원,1,4,"4 | 지하B1→지상1 | 5번 출입구; 1 | 지하B3→지하B1 | 마들 방면4-4, 중계 방면4-3; 3 | 지하B1→지상1 | 6번 출입구; 2 | 지하B1→지상1 | 3번 출입구","5번 출입구; 마들 방면4-4, 중계 방면4-3; 6번 출입구; 3번 출입구",0,0,없음,없음,1,1,1,"지하2층 대합실, (가)아이센터 앞",B2
2025-12,7호선,논현,논현,7호선|논현,1,3,1 | 지하B2→지하B3 | 학동 방면7-4; 2 | 지하B2→지하B3 | 반포 방면2-1; 3 | 지하B2→지상1 | 10번 출입구,학동 방면7-4; 반포 방면2-1; 10번 출입구,0,0,없음,없음,0,0,1,"대합실 B1층 7,8번 출입구 근처; 대합실 2층 메트로의원 상가 뒤편",B1; B2
2025-12,7호선,마들,마들,7호선|마들,1,4,"1 | 지하B1→지하B3 | 수락산 방면8-4, 노원 방면1-1; 2 | 지하B1→지상1 | 5번 출입구; 3 | 지하B1→지상1 | 4번 출입구; 4 | 지하B1→지상1 | 2번 출입구","수락산 방면8-4, 노원 방면1-1; 5번 출입구; 4번 출입구; 2번 출입구",1,1,1 | 지하B1→지하B2 | 화장실 측(B2),화장실 측(B2),1,1,0,대합실 B2 에스컬레이터 앞,B2
2025-12,7호선,면목,면목,7호선|면목,1,3,1 | 지하B1→지하B4 | 상봉 방면4-4; 2 | 지하B3→지하B4 | 사가정 방면5-2; 3 | 지하B1→지상1 | 3번 출입구,상봉 방면4-4; 사가정 방면5-2; 3번 출입구,0,0,없음,없음,1,1,1,B1층 아이센터 앞,B1
2025-12,7호선,반포,반포,7호선|반포,1,4,1 | 지하B2→지하B3 | 논현 방면5-1; 2 | 지하B2→지하B3 | 고속터미널(7) 방면4-4; 3 | 지하B2→지상1 | 6번 출입구; 4 | 지하B2→지상1 | 1번 출입구,논현 방면5-1; 고속터미널(7) 방면4-4; 6번 출입구; 1번 출입구,1,1,1 | 지하B1→지하B2 | 대합실(1~6번 출입구 방면),대합실(1~6번 출입구 방면),0,0,1,대합실 지하2층 계단 옆,B2
2025-12,7호선,수락산,수락산,7호선|수락산,1,3,2 | 지하B3→지하B2 | 도봉산 방면1-1; 3 | 지하B3→지하B2 | 마들 방면8-2; 1 | 지하B2→지상1 | 1번 출입구,도봉산 방면1-1; 마들 방면8-2; 1번 출입구,0,0,없음,없음,1,1,1,대합실 지하2층 고객안전실 앞,B2
2025-12,7호선,신대방삼거리,신대방삼거리,7호선|신대방삼거리,1,4,1 | 지하B2→지하B3 | 장승배기 방면4-4; 2 | 지하B2→지하B3 | 보라매 방면4-4; 3 | 지하B1→지하B2 | 고객안전실 측; 4 | 지하B1→지상1 | 3번 출입구,장승배기 방면4-4; 보라매 방면4-4; 고객안전실 측; 3번 출입구,0,0,없음,없음,0,0,1,대합실 2층,B2
2025-12,7호선,어린이대공원(세종대),어린이대공원(세종대),7호선|어린이대공원(세종대),1,4,1 | 지하B3→지하B1 | 군자 방면3-3; 2 | 지하B3→지하B1 | 건대입구 방면6-2; 3 | 지하B1→지상1 | 1번 출입구; 4 | 지하B1→지상1 | 5번 출입구,군자 방면3-3; 건대입구 방면6-2; 1번 출입구; 5번 출입구,0,0,없음,없음,1,1,1,B2층  아이센터 옆,B2
2025-12,7호선,온수(성공회대입구),온수(성공회대입구),7호선|온수(성공회대입구),1,3,1 | 지하B1→지하B2 | 천왕 방면4-4; 2 | 지하B1→지하B2 | 까치울 방면5-1; 3 | 지하B1→지상1 | 2번 출입구,천왕 방면4-4; 까치울 방면5-1; 2번 출입구,1,1,5 | 지상1→지하B1 | 6번 출입구,6번 출입구,0,0,1,대합실 1층 4번 출입구 방향,B1
2025-12,7호선,장암,장암,7호선|장암,0,0,없음,없음,0,0,없음,없음,0,0,1,1층개집표기 옆,1
2025-12,7호선,철산,철산,7호선|철산,1,4,1 | 지하B1→지하B2 | 가산디지털단지 방면5-1; 2 | 지하B1→지하B2 | 광명사거리 방면4-4; 3 | 지하B1→지상1 | 1번 출입구; 4 | 지하B1→지상1 | 4번 출입구,가산디지털단지 방면5-1; 광명사거리 방면4-4; 1번 출입구; 4번 출입구,0,0,없음,없음,1,1,1,대합실 1층 3번 출입구 방향,B1
2025-12,7호선,청담,청담,7호선|청담,1,4,3 | 지하B3→지하B4 | 장암 방면7-4; 지하B3→지하B4 | 석남 방면2-1; 1 | 지하B3→지상1 | 5번 출입구; 2 | 지하B3→지상1 | 10번 출입구,장암 방면7-4; 석남 방면2-1; 5번 출입구; 10번 출입구,0,0,없음,없음,0,0,1,B3 대합실 (나)아이센터 옆,B3
2025-12,7호선,하계,하계,7호선|하계,1,3,"4 | 지하B1→지상1 | 6번 출입구; 2 | 지하B3→지하B1 | 중계 방면4-4, 공릉 방면5-1; 3 | 지하B1→지상1 | 1번 출입구","6번 출입구; 중계 방면4-4, 공릉 방면5-1; 1번 출입구",0,0,없음,없음,1,1,1,지하1층 4번 출입구,B1
2025-12,7호선,학동,학동,7호선|학동,1,3,1 | 지하B2→지하B3 | 강남구청 방면4-4; 2 | 지하B2→지하B3 | 논현 방면5-1; 3 | 지하B2→지상1 | 3번 출입구,강남구청 방면4-4; 논현 방면5-1; 3번 출입구,0,0,없음,없음,0,0,1,"B2 1,2번 출입구 계단 옆",B3
2025-12,8호선,가락시장,가락시장,8호선|가락시장,1,6,"1 | 지하B2→지하B1 | 송파 방면5-4; 2 | 지하B2→지하B1 | 문정 방면2-3; 3 | 지하B3→지하B2 | 암사 방면6-4; 4 | 지하B3→지하B2 | 환승통로(문정 방면1-1); 5 | 지하B2→지상1 | 1,2번 출입구 사이; 6 | 지하B1→지상1 | 3,4번 출입구 사이","송파 방면5-4; 문정 방면2-3; 암사 방면6-4; 환승통로(문정 방면1-1); 1,2번 출입구 사이; 3,4번 출입구 사이",0,0,없음,없음,0,0,1,B1층 대합실과 가락몰 연결통로 사이,B1
2025-12,8호선,남한산성입구(성남법원.검찰청),남한산성입구(성남법원.검찰청),8호선|남한산성입구(성남법원.검찰청),1,2,1 | 지하B2→지하B3 | 산성 방면3-4; 2 | 지하B3→지상1 | 단대오거리 방면4-1,산성 방면3-4; 단대오거리 방면4-1,0,0,없음,없음,0,0,1,대합실 지하2층 에스컬레이터 근처,B2
2025-12,8호선,단대오거리,단대오거리,8호선|단대오거리,1,3,1 | 지하B3→지하B1 | 남한산성입구 방면2-4; 2 | 지하B3→지하B1 | 신흥 방면5-1; 3 | 지하B1→지상1 | 4번 출입구,남한산성입구 방면2-4; 신흥 방면5-1; 4번 출입구,0,0,없음,없음,1,1,1,대합실 지하1층 2호기E/V 옆,B1
2025-12,8호선,모란,모란,8호선|모란,1,3,1 | 지하B3→지하B1 | 수진 방면5-2; 2 | 지하B3→지하B2 | 모란 방면2-3; 3 | 지하B1→지상1 | 11번 출입구,수진 방면5-2; 모란 방면2-3; 11번 출입구,0,0,없음,없음,1,1,1,B2층 대합실 상행 E/S 옆,B2
2025-12,8호선,몽촌토성(평화의문),몽촌토성(평화의문),8호선|몽촌토성(평화의문),1,4,"1 | 지하B3→지하B2 | 강동구청 방면3-4; 2 | 지하B3→지하B2 | 잠실 방면3-4; 3 | 지하B2→지하B1 | 대합실; 4 | 지하B1→지상1 | 대합실(B1, 4번 출입구 화장실 앞)","강동구청 방면3-4; 잠실 방면3-4; 대합실; 대합실(B1, 4번 출입구 화장실 앞)",0,0,없음,없음,1,1,1,"대합실 B1층 1,2,3번 출입구 방향",B1
2025-12,8호선,문정,문정,8호선|문정,1,4,4 | 지하B1→지상1 | 4번 출입구; 1 | 지하B2→지하B1 | 가락시장 방면3-4; 2 | 지하B2→지하B1 | 장지 방면4-1; 3 | 지하B1→지상1 | 2번 출입구,4번 출입구; 가락시장 방면3-4; 장지 방면4-1; 2번 출입구,0,0,없음,없음,0,0,1,대합실 B1층 2번 출입구 방향,B1
2025-12,8호선,복정,복정,8호선|복정,1,2,"2 | 지하B1→지상1 | 1번 출입구; 1 | 지하B3→지하B1 | 장지 방면3-4, 남위례 방면3-4","1번 출입구; 장지 방면3-4, 남위례 방면3-4",0,0,없음,없음,0,0,1,대합실 지하1층 아이센터 근처,B1
2025-12,8호선,석촌,석촌,8호선|석촌,1,3,3 | 지하B1→지상1 | 1번 출입구; 1 | 지하B2→지하B1 | 암사 방면3-4; 2 | 지하B2→지하B1 | 모란 방면 3-4,1번 출입구; 암사 방면3-4; 모란 방면 3-4,0,0,없음,없음,0,0,1,대합실 B1층 개집표기 옆,B1
2025-12,8호선,송파,송파,8호선|송파,1,4,"3 | 지하B1→지상1 | 1,2번 출입구 사이; 1 | 지하B2→지하B1 | 가락시장 방면 3-4,4-1 사이; 2 | 지하B2→지하B1 | 석촌 방면3-4; 4 | 지하B1→지상1 | 4번 출입구","1,2번 출입구 사이; 가락시장 방면 3-4,4-1 사이; 석촌 방면3-4; 4번 출입구",0,0,없음,없음,0,0,1,대합실 B1층 1번 출입구 방향,B1
2025-12,8호선,수진,수진,8호선|수진,1,3,1 | 지하B2→지하B1 | 신흥 방면3-4; 2 | 지하B2→지하B1 | 모란 방면4-1; 3 | 지하B1→지상1 | 3번 출입구,신흥 방면3-4; 모란 방면4-1; 3번 출입구,0,0,없음,없음,0,0,1,대합실 지하1층 편의점 옆,B1
2025-12,8호선,신흥,신흥,8호선|신흥,1,2,1 | 지하B2→지하B1 | 단대오거리 방면4-1; 2 | 지하B2→지하B1 | 수진 방면3-4,단대오거리 방면4-1; 수진 방면3-4,0,0,없음,없음,0,0,1,"B1층 대합실 1,2번 출입구방면",B1
2025-12,8호선,잠실(송파구청),잠실(송파구청),8호선|잠실(송파구청),1,3,1 | 지하B3→지하B1 | 몽촌토성 방면2-3; 2 | 지하B3→지하B1 | 석촌 방면5-2; 3 | 지하B1→지상1 | 9번 출입구,몽촌토성 방면2-3; 석촌 방면5-2; 9번 출입구,0,0,없음,없음,1,1,1,B1층 11번 출입구 옆,B1
2025-12,8호선,장지,장지,8호선|장지,1,4,1 | 지하B2→지하B1 | 문정 방면4-1; 2 | 지하B2→지하B1 | 복정 방면3-4; 3 | 지하B1→지상1 | 1번 출입구; 4 | 지하B1→지상1 | 3번 출입구,문정 방면4-1; 복정 방면3-4; 1번 출입구; 3번 출입구,0,0,없음,없음,0,0,1,"대합실 B1층 3,4번 출입구 방면",B1
