ykiho,yadmNm,clCdNm,status,rows,error
JDQ4MTg4MSM1MSMkMSMkMCMkODkkMzgxMzUxIzExIyQxIyQ3IyQ2MiQyNjE0ODEjNzEjJDEjJDgjJDgz,강남베드로병원,종합병원,ok,13,
JDQ4MTg4MSM1MSMkMSMkMCMkODkkMzgxMzUxIzExIyQxIyQ3IyQ2MiQyNjE4MzIjNDEjJDEjJDgjJDgz,서울현대병원,종합병원,ok,11,
JDQ4MTg4MSM1MSMkMSMkMCMkODkkMzgxMzUxIzExIyQxIyQ3IyQ2MiQyNjEwMDIjNjEjJDEjJDQjJDgz,혜민병원,종합병원,ok,13,
JDQ4MTg4MSM1MSMkMSMkMCMkODkkMzgxMzUxIzExIyQxIyQ3IyQ2MiQyNjEyMjIjNTEjJDEjJDYjJDgz,기쁨병원,종합병원,ok,15,
JDQ4MTg4MSM1MSMkMSMkMCMkODkkMzgxMzUxIzExIyQxIyQ3IyQ3OSQyNjEwMDIjNjEjJDEjJDgjJDgz,노원을지대학교병원,종합병원,ok,26,
JDQ4MTg4MSM1MSMkMSMkMCMkODkkMzgxMzUxIzExIyQxIyQ3IyQ3OSQzNjEwMDIjODEjJDEjJDYjJDgz,세란병원,종합병원,ok,26,
JDQ4MTg4MSM1MSMkMSMkMCMkODkkMzgxMzUxIzExIyQxIyQ3IyQ4OSQ0NjE0ODEjNDEjJDEjJDgjJDgz,미즈메디병원,종합병원,ok,9,
JDQ4MTg4MSM1MSMkMSMkMCMkODkkMzgxMzUxIzExIyQxIyQ3IyQ4OSQ0NjEwMDIjODEjJDEjJDYjJDgz,의료법인한전의료재단 한일병원,종합병원,ok,24,
JDQ4MTg4MSM1MSMkMSMkMCMkODkkMzgxMzUxIzExIyQxIyQ3IyQ4OSQzNjEwMDIjNjEjJDEjJDgjJDgz,의료법인성화의료재단  대한병원,종합병원,ok,10,
JDQ4MTg4MSM1MSMkMSMkMCMkODkkMzgxMzUxIzExIyQxIyQ3IyQ5OSQ0NjEwMDIjNjEjJDEjJDgjJDgz,한국원자력의학원원자력병원,종합병원,ok,31,
JDQ4MTg4MSM1MSMkMSMkMCMkODkkMzgxMzUxIzExIyQxIyQ3IyQ5OSQzNjE0ODEjNjEjJDEjJDQjJDgz,씨엠병원,종합병원,ok,10,
JDQ4MTg4MSM1MSMkMSMkMCMkODkkMzgxMzUxIzExIyQxIyQ3IyQ5OSQzNjE4MzIjNDEjJDEjJDQjJDgz,강동경희대학교병원,종합병원,ok,23,
JDQ4MTg4MSM1MSMkMSMkMCMkODkkMzgxMzUxIzExIyQxIyQ3IyQ5OSQzNjEwMDIjNTEjJDEjJDYjJDgz,녹색병원,종합병원,ok,17,
JDQ4MTg4MSM1MSMkMSMkMCMkODkkMzgxMzUxIzExIyQxIyQzIyQ2MiQ0NjEwMDIjNjEjJDEjJDAjJDgz,고려대학교의과대학부속구로병원,상급종합,ok,29,
JDQ4MTg4MSM1MSMkMSMkMCMkODkkMzgxMzUxIzExIyQxIyQzIyQ2MiQyNjE4MzIjNjEjJDEjJDQjJDgz,건국대학교병원,상급종합,ok,26,
JDQ4MTg4MSM1MSMkMSMkMCMkODkkMzgxMzUxIzExIyQxIyQzIyQ2MiQzNjE0ODEjNTEjJDEjJDYjJDgz,연세대학교의과대학 강남세브란스병원,상급종합,ok,28,
JDQ4MTg4MSM1MSMkMSMkMCMkODkkMzgxMzUxIzExIyQxIyQzIyQ3OSQ0NjEwMDIjNjEjJDEjJDQjJDgz,강북삼성병원,상급종합,ok,29,
JDQ4MTg4MSM1MSMkMSMkMCMkODkkMzgxMzUxIzExIyQxIyQzIyQ3OSQyNjEyMjIjODEjJDEjJDIjJDgz,가톨릭대학교 여의도성모병원,종합병원,ok,25,
JDQ4MTg4MSM1MSMkMSMkMCMkODkkMzgxMzUxIzExIyQxIyQzIyQ3OSQzNjE4MzIjODEjJDEjJDYjJDgz,서울대학교병원,상급종합,ok,24,
JDQ4MTg4MSM1MSMkMSMkMCMkODkkMzgxMzUxIzExIyQxIyQzIyQ3OSQzNjEwMDIjNTEjJDEjJDIjJDgz,중앙대학교병원,상급종합,ok,27,
JDQ4MTg4MSM1MSMkMSMkMCMkODkkMzgxMzUxIzExIyQxIyQzIyQ4MiQ0NjEwMDIjODEjJDEjJDYjJDgz,대림성모병원,종합병원,ok,20,
JDQ4MTg4MSM1MSMkMSMkMCMkODkkMzgxMzUxIzExIyQxIyQzIyQ4OSQ0NjE0ODEjNjEjJDEjJDAjJDgz,한양대학교병원,상급종합,ok,30,
JDQ4MTg4MSM1MSMkMSMkMCMkODkkMzgxMzUxIzExIyQxIyQzIyQ4OSQyNjE0ODEjODEjJDEjJDYjJDgz,서울적십자병원,종합병원,ok,18,
JDQ4MTg4MSM1MSMkMSMkMCMkODkkMzgxMzUxIzExIyQxIyQzIyQ4OSQyNjE4MzIjNTEjJDEjJDYjJDgz,서울특별시 동부병원,종합병원,ok,23,
JDQ4MTg4MSM1MSMkMSMkMCMkODkkMzgxMzUxIzExIyQxIyQzIyQ4OSQyNjEwMDIjNzEjJDEjJDgjJDgz,학교법인 고려중앙학원 고려대학교의과대학부속병원(안암병원),상급종합,ok,28,
JDQ4MTg4MSM1MSMkMSMkMCMkODkkMzgxMzUxIzExIyQxIyQzIyQ4OSQzNjE0ODEjNDEjJDEjJDgjJDgz,삼육서울병원,종합병원,ok,22,
JDQ4MTg4MSM1MSMkMSMkMCMkODkkMzgxMzUxIzExIyQxIyQzIyQ4OSQzNjE4MzIjNjEjJDEjJDgjJDgz,경찰병원,종합병원,ok,23,
JDQ4MTg4MSM1MSMkMSMkMCMkODkkMzgxMzUxIzExIyQxIyQzIyQ4OSQzNjEwMDIjNDEjJDEjJDQjJDgz,가톨릭대학교 은평성모병원,종합병원,ok,27,
JDQ4MTg4MSM1MSMkMSMkMCMkODkkMzgxMzUxIzExIyQxIyQzIyQ4OSQzNjEyMjIjODEjJDEjJDIjJDgz,경희대학교병원,상급종합,ok,25,
JDQ4MTg4MSM1MSMkMSMkMCMkODkkMzgxMzUxIzExIyQxIyQzIyQ5MiQyNjEwMDIjNDEjJDEjJDgjJDgz,의료법인 청구성심병원,종합병원,ok,10,
JDQ4MTg4MSM1MSMkMSMkMCMkODkkMzgxMzUxIzExIyQxIyQzIyQ5MiQyNjEyMjIjODEjJDEjJDYjJDgz,성심의료재단강동성심병원,종합병원,ok,25,
JDQ4MTg4MSM1MSMkMSMkMCMkODkkMzgxMzUxIzExIyQxIyQzIyQ5OSQyNjE0ODEjNjEjJDEjJDgjJDgz,연세대학교의과대학세브란스병원,상급종합,ok,25,
JDQ4MTg4MSM1MSMkMSMkMCMkODkkMzgxMzUxIzExIyQxIyQzIyQ5OSQyNjE4MzIjNDEjJDEjJDgjJDgz,한국보훈복지의료공단 중앙보훈병원,종합병원,ok,30,
JDQ4MTg4MSM1MSMkMSMkMCMkODkkMzgxMzUxIzExIyQxIyQzIyQ5OSQyNjEyMjIjNTEjJDEjJDIjJDgz,순천향대학교 부속 서울병원,종합병원,ok,35,
JDQ4MTg4MSM1MSMkMSMkMCMkODkkMzgxMzUxIzExIyQxIyQzIyQ5OSQzNjE0ODEjODEjJDEjJDYjJDgz,서울특별시보라매병원,종합병원,ok,29,
JDQ4MTg4MSM1MSMkMSMkMCMkODkkMzgxMzUxIzExIyQxIyQzIyQ5OSQzNjEwMDIjNzEjJDEjJDgjJDgz,한림대학교 한강성심병원,종합병원,ok,23,
JDQ4MTg4MSM1MSMkMSMkMCMkODkkMzgxMzUxIzExIyQxIyQzIyQwMyQ0NjEwMDIjNTEjJDEjJDYjJDgz,명지성모병원,종합병원,ok,12,
JDQ4MTg4MSM1MSMkMSMkMCMkODkkMzgxMzUxIzExIyQxIyQzIyQwMyQyNjE0ODEjNDEjJDEjJDQjJDgz,재단법인아산사회복지재단 서울아산병원,상급종합,ok,29,
JDQ4MTg4MSM1MSMkMSMkMCMkODkkMzgxMzUxIzExIyQxIyQzIyQwMyQyNjEwMDIjODEjJDEjJDIjJDgz,인제대학교 상계백병원,종합병원,ok,25,
JDQ4MTg4MSM1MSMkMSMkMCMkODkkMzgxMzUxIzExIyQxIyQzIyQwMyQzNjE0ODEjNTEjJDEjJDIjJDgz,차의과학대학교 강남차병원,종합병원,ok,26,
JDQ4MTg4MSM1MSMkMSMkMCMkODkkMzgxMzUxIzExIyQxIyQzIyQxMyQ0NjE0ODEjNTEjJDEjJDIjJDgz,의료법인동신의료재단 동신병원,종합병원,ok,12,
JDQ4MTg4MSM1MSMkMSMkMCMkODkkMzgxMzUxIzExIyQxIyQzIyQxMyQ0NjEwMDIjNDEjJDEjJDgjJDgz,희명병원,종합병원,ok,11,
JDQ4MTg4MSM1MSMkMSMkMCMkODkkMzgxMzUxIzExIyQxIyQzIyQxMyQyNjE0ODEjNzEjJDEjJDgjJDgz,서울성심병원,종합병원,ok,15,
JDQ4MTg4MSM1MSMkMSMkMCMkODkkMzgxMzUxIzExIyQxIyQzIyQxMyQyNjE4MzIjNDEjJDEjJDgjJDgz,의료법인풍산의료재단동부제일병원,종합병원,ok,11,
JDQ4MTg4MSM1MSMkMSMkMCMkODkkMzgxMzUxIzExIyQxIyQzIyQxMyQyNjEwMDIjNjEjJDEjJDQjJDgz,이화여자대학교의과대학부속목동병원,상급종합,ok,30,
JDQ4MTg4MSM1MSMkMSMkMCMkODkkMzgxMzUxIzExIyQxIyQzIyQxMyQyNjEyMjIjNTEjJDEjJDYjJDgz,홍익병원,종합병원,ok,20,
JDQ4MTg4MSM1MSMkMSMkMCMkODkkMzgxMzUxIzExIyQxIyQzIyQxMyQzNjEwMDIjODEjJDEjJDIjJDgz,삼성서울병원,상급종합,ok,29,
JDQ4MTg4MSM1MSMkMSMkMCMkODkkMzgxMzUxIzExIyQyIyQ3IyQwMCQ0NjE0ODEjNjEjJDEjJDQjJDgz,구로성심병원,종합병원,ok,14,
JDQ4MTg4MSM1MSMkMSMkMCMkODkkMzgxMzUxIzExIyQyIyQ3IyQwMCQ0NjEwMDIjNTEjJDEjJDYjJDgz,의료법인서울효천의료재단 에이치플러스양지병원,종합병원,ok,22,
JDQ4MTg4MSM1MSMkMSMkMCMkODkkMzgxMzUxIzExIyQyIyQ3IyQwMCQyNjE4MzIjNjEjJDEjJDAjJDgz,부민병원,종합병원,ok,14,
JDQ4MTg4MSM1MSMkMSMkMCMkODkkMzgxMzUxIzExIyQyIyQ3IyQwMCQyNjEwMDIjODEjJDEjJDIjJDgz,국립중앙의료원,종합병원,ok,36,
JDQ4MTg4MSM1MSMkMSMkMCMkODkkMzgxMzUxIzExIyQyIyQ3IyQwMCQyNjEyMjIjNjEjJDEjJDgjJDgz,서울특별시서울의료원,종합병원,ok,28,
JDQ4MTg4MSM1MSMkMSMkMCMkODkkMzgxMzUxIzExIyQyIyQ3IyQwMCQzNjE0ODEjNTEjJDEjJDIjJDgz,우리들병원,종합병원,ok,9,
JDQ4MTg4MSM1MSMkMSMkMCMkODkkMzgxMzUxIzExIyQyIyQ3IyQwMCQzNjE4MzIjNzEjJDEjJDgjJDgz,서울특별시서남병원,종합병원,ok,19,
JDQ4MTg4MSM1MSMkMSMkMCMkODkkMzgxMzUxIzExIyQyIyQ3IyQwMCQzNjEwMDIjNDEjJDEjJDgjJDgz,재단법인베스티안재단베스티안서울병원,종합병원,ok,7,
JDQ4MTg4MSM1MSMkMSMkMCMkODkkMzgxMzUxIzExIyQyIyQ3IyQwMCQzNjEyMjIjODEjJDEjJDYjJDgz,이화여자대학교의과대학부속서울병원,종합병원,ok,27,
JDQ4MTg4MSM1MSMkMSMkMCMkODkkMzgxMzUxIzExIyQyIyQzIyQwMCQ0NjEwMDIjNzEjJDEjJDgjJDgz,성애의료재단 성애병원,종합병원,ok,23,
JDQ4MTg4MSM1MSMkMSMkMCMkODkkMzgxMzUxIzExIyQyIyQzIyQwMCQyNjE0ODEjNTEjJDEjJDYjJDgz,한림대학교 강남성심병원,종합병원,ok,26,
JDQ4MTg4MSM1MSMkMSMkMCMkODkkMzgxMzUxIzExIyQyIyQzIyQwMCQyNjE4MzIjODEjJDEjJDIjJDgz,학교법인가톨릭학원가톨릭대학교서울성모병원,상급종합,ok,29,
JDQ4MTg4MSM1MSMkMSMkMCMkOTIkMzgxMTkxIzExIyQxIyQzIyQ3OSQ0NjE0ODEjNjEjJDEjJDQjJDgz,정릉보건지소,보건지소,ok,1,
JDQ4MTg4MSM1MSMkMSMkMCMkOTIkMzgxMTkxIzExIyQxIyQzIyQ3OSQ0NjEwMDIjNTEjJDEjJDYjJDgz,장위석관보건지소,보건지소,ok,1,
JDQ4MTg4MSM1MSMkMSMkMCMkOTIkMzgxMTkxIzExIyQxIyQzIyQ3OSQyNjEwMDIjODEjJDEjJDIjJDgz,송파구보건지소,보건지소,ok,4,
JDQ4MTg4MSM1MSMkMSMkMCMkOTIkMzgxMTkxIzExIyQxIyQzIyQ3OSQzNjE4MzIjNzEjJDEjJDgjJDgz,구로구 오류보건지소,보건지소,ok,1,
JDQ4MTg4MSM1MSMkMSMkMCMkOTIkMzgxMzUxIzExIyQxIyQzIyQ3OSQ0NjE0ODEjNjEjJDEjJDAjJDgz,영등포구보건소,보건소,ok,1,
JDQ4MTg4MSM1MSMkMSMkMCMkOTIkMzgxMzUxIzExIyQxIyQzIyQ3OSQzNjE0ODEjNDEjJDEjJDgjJDgz,서대문구보건소,보건소,ok,2,
JDQ4MTg4MSM1MSMkMSMkMCMkOTIkMzgxMzUxIzExIyQxIyQzIyQ3OSQzNjE4MzIjNjEjJDEjJDgjJDgz,은평구보건소,보건소,ok,4,
JDQ4MTg4MSM1MSMkMSMkMCMkOTIkMzgxMzUxIzExIyQxIyQzIyQ4OSQyNjE0ODEjNjEjJDEjJDgjJDgz,서울특별시송파구보건소,보건소,ok,1,
JDQ4MTg4MSM1MSMkMSMkMCMkOTIkMzgxMzUxIzExIyQxIyQzIyQ4OSQyNjEwMDIjNjEjJDEjJDAjJDgz,서울특별시중랑구보건소,보건소,ok,1,
JDQ4MTg4MSM1MSMkMSMkMCMkOTIkMzgxMzUxIzExIyQxIyQzIyQ4OSQzNjE0ODEjODEjJDEjJDYjJDgz,서울특별시강서구보건소,보건소,ok,3,
JDQ4MTg4MSM1MSMkMSMkMCMkOTIkMzgxMzUxIzExIyQxIyQzIyQ4OSQzNjEwMDIjNzEjJDEjJDgjJDgz,서울특별시 중구보건소,보건소,ok,4,
JDQ4MTg4MSM1MSMkMSMkMCMkOTIkMzgxMzUxIzExIyQxIyQzIyQ5OSQyNjE4MzIjODEjJDEjJDIjJDgz,강북구보건소,보건소,ok,5,
JDQ4MTg4MSM1MSMkMSMkMCMkOTIkMzgxMzUxIzExIyQxIyQzIyQ5OSQzNjE0ODEjNjEjJDEjJDgjJDgz,광진구보건소,보건소,ok,1,
JDQ4MTg4MSM1MSMkMSMkMCMkOTIkMzgxMzUxIzExIyQxIyQzIyQ5OSQzNjEwMDIjNjEjJDEjJDAjJDgz,서울특별시금천구보건소,보건소,ok,1,
JDQ4MTg4MSM1MSMkMSMkMCMkOTkkMzgxMzUxIzExIyQxIyQ3IyQ4MiQ0NjEwMDIjNDEjJDEjJDQjJDgz,실로암안과병원,병원,ok,2,
JDQ4MTg4MSM1MSMkMSMkMCMkOTkkMzgxMzUxIzExIyQxIyQ3IyQ5MiQyNjE0ODEjNTEjJDEjJDYjJDgz,의료법인 인봉의료재단 영등포병원,병원,ok,12,
JDQ4MTg4MSM1MSMkMSMkMCMkOTkkMzgxMzUxIzExIyQxIyQ3IyQ5MiQzNjE0ODEjNjEjJDEjJDgjJDgz,서울송도병원,병원,ok,11,
JDQ4MTg4MSM1MSMkMSMkMCMkOTkkMzgxMzUxIzExIyQxIyQzIyQ3MiQzNjE0ODEjNjEjJDEjJDQjJDgz,서울특별시어린이병원,병원,ok,7,
JDQ4MTg4MSM1MSMkMSMkMCMkOTkkMzgxMzUxIzExIyQxIyQzIyQ4MiQzNjE0ODEjNTEjJDEjJDIjJDgz,서울호흡안심병원,병원,ok,5,
JDQ4MTg4MSM1MSMkMSMkMCMkOTkkMzgxMzUxIzExIyQxIyQzIyQ5MiQzNjEyMjIjNjEjJDEjJDgjJDgz,의료법인 우신향병원,병원,ok,8,
JDQ4MTg4MSM1MSMkMSMkMCMkOTkkMzgxMzUxIzExIyQxIyQzIyQ5OSQzNjE4MzIjODEjJDEjJDIjJDgz,서울특별시서북병원,병원,ok,13,
JDQ4MTg4MSM1MSMkMSMkMCMkOTkkMzgxMzUxIzIxIyQxIyQ1IyQ2MiQzNjEyMjIjNTEjJDEjJDYjJDgz,의료법인마리아의료재단마리아병원,병원,ok,2,
JDQ4MTg4MSM1MSMkMSMkMCMkOTkkMzgxMzUxIzIxIyQxIyQ1IyQ3MiQyNjEyMjIjODEjJDEjJDIjJDgz,청화병원,병원,ok,2,
JDQ4MTg4MSM1MSMkMSMkMCMkOTkkMzgxMzUxIzIxIyQxIyQ1IyQ3MiQzNjE4MzIjODEjJDEjJDYjJDgz,의료법인 청해의료재단 제일병원,병원,ok,8,
JDQ4MTg4MSM1MSMkMSMkMCMkOTkkMzgxMzUxIzIxIyQxIyQ1IyQ3OSQyNjEyMjIjNDEjJDEjJDgjJDgz,한솔병원,병원,ok,6,
JDQ4MTg4MSM1MSMkMSMkMCMkOTkkMzgxMzUxIzIxIyQxIyQ1IyQ3OSQzNjE0ODEjODEjJDEjJDIjJDgz,의료법인정애의료재단서울초이스병원,병원,ok,4,
JDQ4MTg4MSM1MSMkMSMkMCMkOTkkMzgxMzUxIzIxIyQxIyQ1IyQ3OSQzNjEwMDIjNjEjJDEjJDgjJDgz,서울재활병원,병원,ok,2,
JDQ4MTg4MSM1MSMkMSMkMCMkOTkkMzgxMzUxIzIxIyQxIyQ1IyQ5MiQzNjEyMjIjNjEjJDEjJDQjJDgz,서울병원,병원,ok,4,
JDQ4MTg4MSM1MSMkMSMkMCMkOTkkMzgxMzUxIzIxIyQxIyQ1IyQ5OSQ0NjE0ODEjNjEjJDEjJDQjJDgz,우리들병원,병원,ok,9,
JDQ4MTg4MSM1MSMkMSMkMCMkOTkkMzgxMzUxIzIxIyQxIyQ1IyQ5OSQyNjE4MzIjNjEjJDEjJDAjJDgz,호산여성병원,병원,ok,3,
JDQ4MTg4MSM1MSMkMSMkMCMkOTkkMzgxMzUxIzIxIyQxIyQ1IyQ5OSQzNjE0ODEjNTEjJDEjJDIjJDgz,핑크힐병원,병원,ok,3,
JDQ4MTg4MSM1MSMkMSMkMCMkOTkkMzgxMzUxIzIxIyQxIyQ1IyQwMyQyNjEyMjIjNDEjJDEjJDQjJDgz,다일천사병원,병원,ok,6,
JDQ4MTg4MSM1MSMkMSMkMCMkOTkkMzgxMzUxIzIxIyQxIyQ1IyQwMyQzNjEyMjIjNTEjJDEjJDIjJDgz,영동병원,병원,ok,4,
JDQ4MTg4MSM1MSMkMSMkMCMkOTkkMzgxMzUxIzIxIyQxIyQ1IyQxMyQ0NjEwMDIjNjEjJDEjJDAjJDgz,웰튼병원,병원,ok,6,
JDQ4MTg4MSM1MSMkMSMkMCMkOTkkMzgxMzUxIzIxIyQxIyQ1IyQxMyQzNjEyMjIjNDEjJDEjJDQjJDgz,신일병원,병원,ok,6,
JDQ4MTg4MSM1MSMkMSMkMCMkOTkkMzgxMzUxIzIxIyQxIyQ5IyQ2MiQ0NjE0ODEjNjEjJDEjJDgjJDgz,사회복지법인 성가소비녀회 성가복지병원,병원,ok,19,
JDQ4MTg4MSM1MSMkMSMkMCMkOTkkMzgxMzUxIzIxIyQxIyQ5IyQ2MiQ0NjEwMDIjNjEjJDEjJDAjJDgz,반도정형외과병원,병원,ok,8,
JDQ4MTg4MSM1MSMkMSMkMCMkOTkkMzgxMzUxIzIxIyQxIyQ5IyQ2MiQzNjE0ODEjNTEjJDEjJDYjJDgz,리더스병원,병원,ok,4,
JDQ4MTg4MSM1MSMkMSMkMCMkOTkkMzgxMzUxIzIxIyQxIyQ5IyQ3MiQyNjEwMDIjNjEjJDEjJDgjJDgz,서울특별시 북부병원,병원,ok,13,
JDQ4MTg4MSM1MSMkMSMkMCMkOTkkMzgxMzUxIzIxIyQxIyQ5IyQ3OSQzNjE0ODEjNjEjJDEjJDAjJDgz,포미즈여성병원,병원,ok,4,
JDQ4MTg4MSM1MSMkMSMkMCMkOTkkMzgxMzUxIzIxIyQxIyQ5IyQ3OSQzNjE4MzIjODEjJDEjJDYjJDgz,나누리병원,병원,ok,7,
JDQ4MTg4MSM1MSMkMSMkMCMkOTkkMzgxMzUxIzIxIyQxIyQ5IyQ3OSQzNjEyMjIjNDEjJDEjJDgjJDgz,서울21세기병원,병원,ok,6,
JDQ4MTg4MSM1MSMkMSMkMCMkOTkkMzgxMzUxIzIxIyQxIyQ5IyQ4MiQyNjE0ODEjNjEjJDEjJDQjJDgz,은평연세병원,병원,ok,11,
JDQ4MTg4MSM1MSMkMSMkMCMkOTkkMzgxMzUxIzIxIyQxIyQ5IyQ4MiQzNjEwMDIjNjEjJDEjJDgjJDgz,누네안과병원,병원,ok,2,
JDQ4MTg4MSM1MSMkMSMkMCMkOTkkMzgxMzUxIzIxIyQxIyQ5IyQ4OSQyNjE4MzIjNTEjJDEjJDYjJDgz,정동병원,병원,ok,5,
JDQ4MTg4MSM1MSMkMSMkMCMkOTkkMzgxMzUxIzIxIyQxIyQ5IyQ4OSQzNjEyMjIjODEjJDEjJDIjJDgz,연세노블병원,병원,ok,11,
JDQ4MTg4MSM1MSMkMSMkMCMkOTkkMzgxMzUxIzIxIyQxIyQ5IyQ5MiQ0NjE0ODEjODEjJDEjJDIjJDgz,올센병원,병원,ok,7,
JDQ4MTg4MSM1MSMkMSMkMCMkOTkkMzgxMzUxIzIxIyQxIyQ5IyQ5MiQzNjEyMjIjNDEjJDEjJDgjJDgz,청병원,병원,ok,7,
JDQ4MTg4MSM1MSMkMSMkMCMkOTkkMzgxMzUxIzIxIyQxIyQ5IyQ5OSQyNjE4MzIjNDEjJDEjJDgjJDgz,햇빛병원,병원,ok,4,
JDQ4MTg4MSM1MSMkMSMkMCMkOTkkMzgxMzUxIzIxIyQxIyQ5IyQ5OSQyNjEwMDIjNjEjJDEjJDAjJDgz,솔병원,병원,ok,5,
JDQ4MTg4MSM1MSMkMSMkMCMkOTkkMzgxMzUxIzIxIyQxIyQ5IyQ5OSQzNjEwMDIjNzEjJDEjJDgjJDgz,의료법인한국의료재단프라임병원,병원,ok,5,
JDQ4MTg4MSM1MSMkMSMkMCMkOTkkMzgxMzUxIzIxIyQxIyQ5IyQ5OSQzNjEyMjIjNjEjJDEjJDQjJDgz,양병원,병원,ok,6,
JDQ4MTg4MSM1MSMkMSMkMCMkOTkkMzgxMzUxIzIxIyQxIyQ5IyQwMyQ0NjE0ODEjNjEjJDEjJDQjJDgz,뉴스타트병원,병원,ok,8,
JDQ4MTg4MSM1MSMkMSMkMCMkOTkkMzgxMzUxIzIxIyQxIyQ5IyQwMyQyNjE0ODEjNDEjJDEjJDQjJDgz,자이비뇨의학과병원,병원,ok,1,
JDQ4MTg4MSM1MSMkMSMkMCMkOTkkMzgxMzUxIzIxIyQxIyQ5IyQwMyQyNjEyMjIjNjEjJDEjJDgjJDgz,아카시아병원,병원,ok,4,
JDQ4MTg4MSM1MSMkMSMkMCMkOTkkMzgxMzUxIzIxIyQxIyQ5IyQwMyQzNjEwMDIjNDEjJDEjJDgjJDgz,서울정병원,병원,ok,5,
JDQ4MTg4MSM1MSMkMSMkMCMkOTkkMzgxMzUxIzIxIyQxIyQ5IyQxMyQyNjEyMjIjNTEjJDEjJDYjJDgz,미병원,병원,ok,4,
JDQ4MTg4MSM1MSMkMSMkMCMkOTkkMzgxMzUxIzIxIyQxIyQ5IyQxMyQzNjE4MzIjNjEjJDEjJDAjJDgz,방병원,병원,ok,11,
JDQ4MTg4MSM1MSMkMSMkMCMkOTkkMzgxMzUxIzIxIyQxIyQ5IyQxMyQzNjEwMDIjODEjJDEjJDIjJDgz,왕십리휴병원,병원,ok,5,
JDQ4MTg4MSM1MSMkMSMkMCMkOTkkMzgxMzUxIzIxIyQxIyQ5IyQxMyQzNjEyMjIjNjEjJDEjJDgjJDgz,에이치큐브병원,병원,ok,5,
JDQ4MTg4MSM1MSMkMSMkMCMkOTkkMzgxMzUxIzIxIyQxIyQxIyQ2MiQ0NjE0ODEjNTEjJDEjJDYjJDgz,국립재활원,병원,ok,10,
JDQ4MTg4MSM1MSMkMSMkMCMkOTkkMzgxMzUxIzIxIyQxIyQxIyQ3MiQyNjE0ODEjNjEjJDEjJDQjJDgz,유광사여성병원,병원,ok,4,
JDQ4MTg4MSM1MSMkMSMkMCMkOTkkMzgxMzUxIzIxIyQxIyQxIyQ5OSQ0NjE0ODEjODEjJDEjJDYjJDgz,광혜병원,병원,ok,5,
JDQ4MTg4MSM1MSMkMSMkMCMkOTkkMzgxMzUxIzIxIyQxIyQxIyQ5OSQzNjEwMDIjNjEjJDEjJDAjJDgz,윤호병원,병원,ok,5,
JDQ4MTg4MSM1MSMkMSMkMCMkOTkkMzgxMzUxIzIxIyQxIyQxIyQ5OSQzNjEyMjIjNTEjJDEjJDIjJDgz,건양의료재단 김안과병원,병원,ok,5,
JDQ4MTg4MSM1MSMkMSMkMCMkOTkkMzgxMzUxIzIxIyQxIyQxIyQwMyQzNjE4MzIjNjEjJDEjJDAjJDgz,인정병원,병원,ok,5,
JDQ4MTg4MSM1MSMkMSMkMCMkOTkkMzgxMzUxIzIxIyQxIyQxIyQxMyQyNjE0ODEjNjEjJDEjJDAjJDgz,코리아병원,병원,ok,3,
JDQ4MTg4MSM1MSMkMSMkMCMkOTkkMzgxMzUxIzIxIyQyIyQ1IyQwMCQyNjEwMDIjNjEjJDEjJDQjJDgz,신촌연세병원,병원,ok,13,
JDQ4MTg4MSM1MSMkMSMkMCMkOTkkMzgxMzUxIzIxIyQyIyQ5IyQwMCQyNjE0ODEjNTEjJDEjJDYjJDgz,바로선병원,병원,ok,11,
JDQ4MTg4MSM1MSMkMSMkMCMkOTkkMzgxMzUxIzIxIyQyIyQ5IyQwMCQyNjEyMjIjNDEjJDEjJDQjJDgz,김정수여러분병원,병원,ok,4,
JDQ4MTg4MSM1MSMkMSMkMCMkOTkkMzgxMzUxIzMxIyQxIyQ3IyQ2MiQ0NjE0ODEjODEjJDEjJDYjJDgz,더셀채원병원,병원,ok,4,
JDQ4MTg4MSM1MSMkMSMkMCMkOTkkMzgxMzUxIzMxIyQxIyQ3IyQ2MiQyNjE0ODEjNTEjJDEjJDYjJDgz,조인트힐병원,병원,ok,9,
JDQ4MTg4MSM1MSMkMSMkMCMkOTkkMzgxMzUxIzMxIyQxIyQ3IyQ2MiQyNjE4MzIjODEjJDEjJDIjJDgz,강남제이에스병원,병원,ok,4,
JDQ4MTg4MSM1MSMkMSMkMCMkOTkkMzgxMzUxIzMxIyQxIyQ3IyQ2MiQyNjEyMjIjNDEjJDEjJDQjJDgz,모두가행복한연세병원,병원,ok,2,
JDQ4MTg4MSM1MSMkMSMkMCMkOTkkMzgxMzUxIzMxIyQxIyQ3IyQ2MiQzNjE0ODEjNjEjJDEjJDgjJDgz,팔팔병원,병원,ok,5,
JDQ4MTg4MSM1MSMkMSMkMCMkOTkkMzgxMzUxIzMxIyQxIyQ3IyQ2MiQzNjEyMjIjNTEjJDEjJDIjJDgz,비에비스나무병원,병원,ok,6,
JDQ4MTg4MSM1MSMkMSMkMCMkOTkkMzgxMzUxIzMxIyQxIyQ3IyQ3MiQ0NjE0ODEjNjEjJDEjJDgjJDgz,남기세병원,병원,ok,6,
JDQ4MTg4MSM1MSMkMSMkMCMkOTkkMzgxMzUxIzMxIyQxIyQ3IyQ3MiQyNjE4MzIjNjEjJDEjJDQjJDgz,예스병원,병원,ok,10,
JDQ4MTg4MSM1MSMkMSMkMCMkOTkkMzgxMzUxIzMxIyQxIyQ3IyQ3MiQzNjEwMDIjNDEjJDEjJDgjJDgz,연세건우병원,병원,ok,7,
JDQ4MTg4MSM1MSMkMSMkMCMkOTkkMzgxMzUxIzMxIyQxIyQ3IyQ3OSQ0NjE0ODEjNDEjJDEjJDQjJDgz,삼성미래여성병원,병원,ok,8,
JDQ4MTg4MSM1MSMkMSMkMCMkOTkkMzgxMzUxIzMxIyQxIyQ3IyQ3OSQyNjE4MzIjODEjJDEjJDYjJDgz,서울노보스병원,병원,ok,5,
JDQ4MTg4MSM1MSMkMSMkMCMkOTkkMzgxMzUxIzMxIyQxIyQ3IyQ3OSQyNjEyMjIjNDEjJDEjJDgjJDgz,로이병원,병원,ok,9,
JDQ4MTg4MSM1MSMkMSMkMCMkOTkkMzgxMzUxIzMxIyQxIyQ3IyQ3OSQzNjE0ODEjNzEjJDEjJDgjJDgz,조은마디병원,병원,ok,5,
JDQ4MTg4MSM1MSMkMSMkMCMkOTkkMzgxMzUxIzMxIyQxIyQ3IyQ4MiQ0NjE0ODEjNTEjJDEjJDYjJDgz,서울석병원,병원,ok,6,
JDQ4MTg4MSM1MSMkMSMkMCMkOTkkMzgxMzUxIzMxIyQxIyQ3IyQ4MiQyNjE4MzIjNTEjJDEjJDIjJDgz,최원호병원,병원,ok,9,
JDQ4MTg4MSM1MSMkMSMkMCMkOTkkMzgxMzUxIzMxIyQxIyQ3IyQ4MiQzNjE4MzIjNjEjJDEjJDQjJDgz,심정병원,병원,ok,6,
JDQ4MTg4MSM1MSMkMSMkMCMkOTkkMzgxMzUxIzMxIyQxIyQ3IyQ4MiQzNjEwMDIjODEjJDEjJDYjJDgz,강서힘찬병원,병원,ok,9,
JDQ4MTg4MSM1MSMkMSMkMCMkOTkkMzgxMzUxIzMxIyQxIyQ3IyQ4MiQzNjEyMjIjNzEjJDEjJDgjJDgz,조앤조병원,병원,ok,9,
JDQ4MTg4MSM1MSMkMSMkMCMkOTkkMzgxMzUxIzMxIyQxIyQ3IyQ4OSQyNjE0ODEjNDEjJDEjJDgjJDgz,방화병원,병원,ok,1,
JDQ4MTg4MSM1MSMkMSMkMCMkOTkkMzgxMzUxIzMxIyQxIyQ3IyQ4OSQyNjEwMDIjNDEjJDEjJDQjJDgz,참포도나무병원,병원,ok,11,
JDQ4MTg4MSM1MSMkMSMkMCMkOTkkMzgxMzUxIzMxIyQxIyQ3IyQ4OSQyNjEyMjIjODEjJDEjJDIjJDgz,강남을지대학교병원,병원,ok,3,
JDQ4MTg4MSM1MSMkMSMkMCMkOTkkMzgxMzUxIzMxIyQxIyQ3IyQ4OSQzNjE0ODEjNjEjJDEjJDAjJDgz,사랑플러스병원,병원,ok,9,
JDQ4MTg4MSM1MSMkMSMkMCMkOTkkMzgxMzUxIzMxIyQxIyQ3IyQ4OSQzNjEwMDIjNTEjJDEjJDIjJDgz,선수촌병원,병원,ok,4,
JDQ4MTg4MSM1MSMkMSMkMCMkOTkkMzgxMzUxIzMxIyQxIyQ3IyQ4OSQzNjEyMjIjNDEjJDEjJDgjJDgz,하늘병원,병원,ok,7,
JDQ4MTg4MSM1MSMkMSMkMCMkOTkkMzgxMzUxIzMxIyQxIyQ3IyQ5MiQ0NjEwMDIjODEjJDEjJDYjJDgz,염창환병원,병원,ok,4,
JDQ4MTg4MSM1MSMkMSMkMCMkOTkkMzgxMzUxIzMxIyQxIyQ3IyQ5MiQzNjE0ODEjODEjJDEjJDIjJDgz,서울대효병원,병원,ok,4,
JDQ4MTg4MSM1MSMkMSMkMCMkOTkkMzgxMzUxIzMxIyQxIyQ3IyQ5MiQzNjE4MzIjNTEjJDEjJDIjJDgz,청담병원,병원,ok,6,
JDQ4MTg4MSM1MSMkMSMkMCMkOTkkMzgxMzUxIzMxIyQxIyQ3IyQ5MiQzNjEwMDIjNjEjJDEjJDgjJDgz,서울라본병원,병원,ok,8,
JDQ4MTg4MSM1MSMkMSMkMCMkOTkkMzgxMzUxIzMxIyQxIyQ3IyQ5OSQ0NjE0ODEjNjEjJDEjJDAjJDgz,365엠씨(mc)병원,병원,ok,4,
JDQ4MTg4MSM1MSMkMSMkMCMkOTkkMzgxMzUxIzMxIyQxIyQ3IyQ5OSQ0NjEwMDIjNTEjJDEjJDIjJDgz,서울안강병원,병원,ok,7,
JDQ4MTg4MSM1MSMkMSMkMCMkOTkkMzgxMzUxIzMxIyQxIyQ3IyQ5OSQyNjE4MzIjNTEjJDEjJDYjJDgz,제일정형외과병원,병원,ok,8,
JDQ4MTg4MSM1MSMkMSMkMCMkOTkkMzgxMzUxIzMxIyQxIyQ3IyQ5OSQyNjEyMjIjNjEjJDEjJDQjJDgz,강북우리병원,병원,ok,4,
JDQ4MTg4MSM1MSMkMSMkMCMkOTkkMzgxMzUxIzMxIyQxIyQ3IyQ5OSQzNjEyMjIjODEjJDEjJDIjJDgz,학교법인대진교육재단 제인병원,병원,ok,7,
JDQ4MTg4MSM1MSMkMSMkMCMkOTkkMzgxMzUxIzMxIyQxIyQ3IyQwMyQ0NjEwMDIjNjEjJDEjJDgjJDgz,지앤지병원,병원,ok,4,
JDQ4MTg4MSM1MSMkMSMkMCMkOTkkMzgxMzUxIzMxIyQxIyQ3IyQwMyQyNjEwMDIjNDEjJDEjJDgjJDgz,서울나은병원,병원,ok,5,
JDQ4MTg4MSM1MSMkMSMkMCMkOTkkMzgxMzUxIzMxIyQxIyQ3IyQwMyQyNjEyMjIjODEjJDEjJDYjJDgz,담소유병원,병원,ok,2,
JDQ4MTg4MSM1MSMkMSMkMCMkOTkkMzgxMzUxIzMxIyQxIyQ3IyQwMyQzNjEwMDIjNTEjJDEjJDYjJDgz,허리나은병원,병원,ok,6,
JDQ4MTg4MSM1MSMkMSMkMCMkOTkkMzgxMzUxIzMxIyQxIyQ3IyQwMyQzNjEyMjIjNDEjJDEjJDgjJDgz,의료법인 우리아이들 의료재단 우리아이들병원,병원,ok,11,
JDQ4MTg4MSM1MSMkMSMkMCMkOTkkMzgxMzUxIzMxIyQxIyQ3IyQxMyQyNjE0ODEjNDEjJDEjJDQjJDgz,새길병원,병원,ok,5,
JDQ4MTg4MSM1MSMkMSMkMCMkOTkkMzgxMzUxIzMxIyQxIyQ3IyQxMyQyNjEwMDIjODEjJDEjJDIjJDgz,서울바른세상병원,병원,ok,6,
JDQ4MTg4MSM1MSMkMSMkMCMkOTkkMzgxMzUxIzMxIyQxIyQ3IyQxMyQzNjE0ODEjNTEjJDEjJDIjJDgz,의료법인 성누가의료재단 성누가병원,병원,ok,8,
JDQ4MTg4MSM1MSMkMSMkMCMkOTkkMzgxMzUxIzMxIyQxIyQ3IyQxMyQzNjEwMDIjNDEjJDEjJDgjJDgz,올바른서울병원,병원,ok,7,
JDQ4MTg4MSM1MSMkMSMkMCMkOTkkMzgxMzUxIzMxIyQxIyQzIyQ2MiQyNjE0ODEjNzEjJDEjJDgjJDgz,하나이비인후과병원,병원,ok,3,
JDQ4MTg4MSM1MSMkMSMkMCMkOTkkMzgxMzUxIzMxIyQxIyQzIyQ2MiQzNjEwMDIjODEjJDEjJDIjJDgz,튼튼병원,병원,ok,9,
JDQ4MTg4MSM1MSMkMSMkMCMkOTkkMzgxMzUxIzMxIyQxIyQzIyQ3MiQ0NjEwMDIjODEjJDEjJDIjJDgz,서울연세병원,병원,ok,7,
JDQ4MTg4MSM1MSMkMSMkMCMkOTkkMzgxMzUxIzMxIyQxIyQzIyQ3MiQyNjE0ODEjNjEjJDEjJDAjJDgz,의료법인서광의료재단 성북중앙병원,병원,ok,14,
JDQ4MTg4MSM1MSMkMSMkMCMkOTkkMzgxMzUxIzMxIyQxIyQzIyQ3MiQyNjEwMDIjNTEjJDEjJDIjJDgz,강남초이스병원,병원,ok,8,
JDQ4MTg4MSM1MSMkMSMkMCMkOTkkMzgxMzUxIzMxIyQxIyQzIyQ3MiQzNjE0ODEjNzEjJDEjJDgjJDgz,연세바른병원,병원,ok,6,
JDQ4MTg4MSM1MSMkMSMkMCMkOTkkMzgxMzUxIzMxIyQxIyQzIyQ3MiQzNjE4MzIjNDEjJDEjJDgjJDgz,연세무척나은병원,병원,ok,7,
JDQ4MTg4MSM1MSMkMSMkMCMkOTkkMzgxMzUxIzMxIyQxIyQzIyQ3OSQyNjE0ODEjODEjJDEjJDIjJDgz,연세사랑병원,병원,ok,5,
JDQ4MTg4MSM1MSMkMSMkMCMkOTkkMzgxMzUxIzMxIyQxIyQzIyQ3OSQyNjE4MzIjNTEjJDEjJDIjJDgz,민병원,병원,ok,7,
JDQ4MTg4MSM1MSMkMSMkMCMkOTkkMzgxMzUxIzMxIyQxIyQzIyQ3OSQyNjEwMDIjNjEjJDEjJDgjJDgz,강북21세기병원,병원,ok,5,
JDQ4MTg4MSM1MSMkMSMkMCMkOTkkMzgxMzUxIzMxIyQxIyQzIyQ3OSQzNjE4MzIjNjEjJDEjJDQjJDgz,의료법인마리아의료재단마리아병원,병원,ok,1,
JDQ4MTg4MSM1MSMkMSMkMCMkOTkkMzgxMzUxIzMxIyQxIyQzIyQ4MiQ0NjE0ODEjNzEjJDEjJDgjJDgz,강남수병원,병원,ok,4,
JDQ4MTg4MSM1MSMkMSMkMCMkOTkkMzgxMzUxIzMxIyQxIyQzIyQ4MiQyNjEyMjIjODEjJDEjJDIjJDgz,의료법인 춘혜의료재단 명지춘혜재활병원,병원,ok,8,
JDQ4MTg4MSM1MSMkMSMkMCMkOTkkMzgxMzUxIzMxIyQxIyQzIyQ4MiQzNjE4MzIjODEjJDEjJDYjJDgz,서울병원,병원,ok,12,
JDQ4MTg4MSM1MSMkMSMkMCMkOTkkMzgxMzUxIzMxIyQxIyQzIyQ5MiQ0NjE0ODEjNjEjJDEjJDAjJDgz,참튼튼병원,병원,ok,14,
JDQ4MTg4MSM1MSMkMSMkMCMkOTkkMzgxMzUxIzMxIyQxIyQzIyQ5MiQ0NjEwMDIjNTEjJDEjJDIjJDgz,날개병원,병원,ok,6,
JDQ4MTg4MSM1MSMkMSMkMCMkOTkkMzgxMzUxIzMxIyQxIyQzIyQ5MiQyNjEyMjIjNjEjJDEjJDQjJDgz,서울척병원,병원,ok,9,
JDQ4MTg4MSM1MSMkMSMkMCMkOTkkMzgxMzUxIzMxIyQxIyQzIyQ5OSQyNjE4MzIjNzEjJDEjJDgjJDgz,제니스병원,병원,ok,5,
JDQ4MTg4MSM1MSMkMSMkMCMkOTkkMzgxMzUxIzMxIyQxIyQzIyQ5OSQyNjEwMDIjNDEjJDEjJDgjJDgz,금강아산병원(재단법인 아산사회복지재단),병원,ok,9,
JDQ4MTg4MSM1MSMkMSMkMCMkOTkkMzgxMzUxIzMxIyQxIyQzIyQ5OSQzNjEwMDIjNTEjJDEjJDYjJDgz,아이디병원,병원,ok,9,
JDQ4MTg4MSM1MSMkMSMkMCMkOTkkMzgxMzUxIzMxIyQxIyQzIyQxMyQ0NjE0ODEjODEjJDEjJDYjJDgz,포그니병원,병원,ok,3,
JDQ4MTg4MSM1MSMkMSMkMCMkOTkkMzgxMzUxIzMxIyQxIyQzIyQxMyQ0NjEwMDIjNzEjJDEjJDgjJDgz,강동연세병원,병원,ok,2,
JDQ4MTg4MSM1MSMkMSMkMCMkOTkkMzgxMzUxIzMxIyQxIyQzIyQxMyQyNjEwMDIjNDEjJDEjJDgjJDgz,원탑병원,병원,ok,3,
JDQ4MTg4MSM1MSMkMSMkMCMkOTkkMzgxMzUxIzMxIyQxIyQzIyQxMyQyNjEyMjIjNDEjJDEjJDQjJDgz,린여성병원,병원,ok,6,
JDQ4MTg4MSM1MSMkMSMkMCMkOTkkMzgxMzUxIzMxIyQxIyQzIyQxMyQzNjEwMDIjNjEjJDEjJDAjJDgz,바른본병원,병원,ok,4,
JDQ4MTg4MSM1MSMkMSMkMCMkOTkkMzgxMzUxIzMxIyQyIyQ3IyQwMCQ0NjEwMDIjNDEjJDEjJDQjJDgz,아름제일병원,병원,ok,7,
JDQ4MTg4MSM1MSMkMSMkMCMkOTkkMzgxMzUxIzMxIyQyIyQ3IyQwMCQyNjE0ODEjNjEjJDEjJDgjJDgz,척편한병원,병원,ok,4,
JDQ4MTg4MSM1MSMkMSMkMCMkOTkkMzgxMzUxIzMxIyQyIyQ3IyQwMCQyNjEwMDIjNjEjJDEjJDAjJDgz,달려라병원,병원,ok,6,
JDQ4MTg4MSM1MSMkMSMkMCMkOTkkMzgxMzUxIzMxIyQyIyQ3IyQwMCQzNjE4MzIjNTEjJDEjJDYjJDgz,세바른병원,병원,ok,6,
JDQ4MTg4MSM1MSMkMSMkMCMkOTkkMzgxMzUxIzMxIyQyIyQzIyQwMCQ0NjE0ODEjNjEjJDEjJDQjJDgz,고도일병원,병원,ok,8,
JDQ4MTg4MSM1MSMkMSMkMCMkOTkkMzgxMzUxIzMxIyQyIyQzIyQwMCQ0NjEwMDIjNTEjJDEjJDYjJDgz,의료법인 상원의료재단 강북힘찬병원,병원,ok,7,
JDQ4MTg4MSM1MSMkMSMkMCMkOTkkMzgxMzUxIzMxIyQyIyQzIyQwMCQyNjE4MzIjNjEjJDEjJDAjJDgz,선한목자병원,병원,ok,5,
JDQ4MTg4MSM1MSMkMSMkMCMkOTkkMzgxMzUxIzMxIyQyIyQzIyQwMCQzNjEyMjIjODEjJDEjJDYjJDgz,강서송도병원,병원,ok,5,
JDQ4MTg4MSM1MSMkMSMkMCMkOTkkMzgxMzUxIzQxIyQxIyQ3IyQ2MiQ0NjE0ODEjNjEjJDEjJDQjJDgz,연세바로척병원,병원,ok,6,
JDQ4MTg4MSM1MSMkMSMkMCMkOTkkMzgxMzUxIzQxIyQxIyQ3IyQ2MiQ0NjEwMDIjNTEjJDEjJDYjJDgz,세솟는정형외과병원,병원,ok,2,
JDQ4MTg4MSM1MSMkMSMkMCMkOTkkMzgxMzUxIzQxIyQxIyQ3IyQ2MiQyNjE0ODEjNDEjJDEjJDQjJDgz,빠른병원,병원,ok,5,
JDQ4MTg4MSM1MSMkMSMkMCMkOTkkMzgxMzUxIzQxIyQxIyQ3IyQ2MiQyNjE4MzIjNjEjJDEjJDAjJDgz,강서바른세상병원,병원,ok,9,
JDQ4MTg4MSM1MSMkMSMkMCMkOTkkMzgxMzUxIzQxIyQxIyQ3IyQ2MiQzNjE0ODEjNTEjJDEjJDIjJDgz,에스앤유서울병원,병원,ok,5,
JDQ4MTg4MSM1MSMkMSMkMCMkOTkkMzgxMzUxIzQxIyQxIyQ3IyQ2MiQzNjE4MzIjNzEjJDEjJDgjJDgz,서울프라임병원,병원,ok,3,
JDQ4MTg4MSM1MSMkMSMkMCMkOTkkMzgxMzUxIzQxIyQxIyQ3IyQ2MiQzNjEwMDIjNDEjJDEjJDgjJDgz,마디세상병원,병원,ok,10,
JDQ4MTg4MSM1MSMkMSMkMCMkOTkkMzgxMzUxIzQxIyQxIyQ3IyQ3MiQ0NjE0ODEjNTEjJDEjJDIjJDgz,바른사랑병원,병원,ok,4,
JDQ4MTg4MSM1MSMkMSMkMCMkOTkkMzgxMzUxIzQxIyQxIyQ3IyQ3MiQyNjE0ODEjNzEjJDEjJDgjJDgz,연세사랑모아여성병원,병원,ok,4,
JDQ4MTg4MSM1MSMkMSMkMCMkOTkkMzgxMzUxIzQxIyQxIyQ3IyQ3MiQyNjE4MzIjNDEjJDEjJDgjJDgz,서울본브릿지병원,병원,ok,5,
JDQ4MTg4MSM1MSMkMSMkMCMkOTkkMzgxMzUxIzQxIyQxIyQ3IyQ3MiQyNjEwMDIjNjEjJDEjJDQjJDgz,강북으뜸병원,병원,ok,7,
JDQ4MTg4MSM1MSMkMSMkMCMkOTkkMzgxMzUxIzQxIyQxIyQ3IyQ3MiQzNjE0ODEjNDEjJDEjJDQjJDgz,서울유병원,병원,ok,7,
JDQ4MTg4MSM1MSMkMSMkMCMkOTkkMzgxMzUxIzQxIyQxIyQ3IyQ3MiQzNjE4MzIjNjEjJDEjJDAjJDgz,서울고든병원,병원,ok,6,
JDQ4MTg4MSM1MSMkMSMkMCMkOTkkMzgxMzUxIzQxIyQxIyQ3IyQ3MiQzNjEwMDIjODEjJDEjJDIjJDgz,참튼튼병원,병원,ok,14,
JDQ4MTg4MSM1MSMkMSMkMCMkOTkkMzgxMzUxIzQxIyQxIyQ3IyQ3MiQzNjEyMjIjNjEjJDEjJDgjJDgz,새숨병원,병원,ok,3,
JDQ4MTg4MSM1MSMkMSMkMCMkOTkkMzgxMzUxIzQxIyQxIyQ3IyQ3OSQ0NjE0ODEjNjEjJDEjJDgjJDgz,연세슬기병원,병원,ok,10,
JDQ4MTg4MSM1MSMkMSMkMCMkOTkkMzgxMzUxIzQxIyQxIyQ3IyQ3OSQ0NjEwMDIjNjEjJDEjJDAjJDgz,혜민안과병원,병원,ok,3,
JDQ4MTg4MSM1MSMkMSMkMCMkOTkkMzgxMzUxIzQxIyQxIyQ3IyQ3OSQyNjEwMDIjODEjJDEjJDYjJDgz,강북연세병원,병원,ok,7,
JDQ4MTg4MSM1MSMkMSMkMCMkOTkkMzgxMzUxIzQxIyQxIyQ3IyQ3OSQyNjEyMjIjNzEjJDEjJDgjJDgz,늘찬병원,병원,ok,6,
JDQ4MTg4MSM1MSMkMSMkMCMkOTkkMzgxMzUxIzQxIyQxIyQ3IyQ3OSQzNjE0ODEjNTEjJDEjJDYjJDgz,새움병원,병원,ok,7,
JDQ4MTg4MSM1MSMkMSMkMCMkOTkkMzgxMzUxIzQxIyQxIyQ3IyQ3OSQzNjE4MzIjODEjJDEjJDIjJDgz,어울림병원,병원,ok,6,
JDQ4MTg4MSM1MSMkMSMkMCMkOTkkMzgxMzUxIzQxIyQxIyQ3IyQ3OSQzNjEwMDIjNDEjJDEjJDgjJDgz,참바로병원,병원,ok,7,
JDQ4MTg4MSM1MSMkMSMkMCMkOTkkMzgxMzUxIzQxIyQxIyQ3IyQ4MiQ0NjE0ODEjNDEjJDEjJDQjJDgz,신세계서울병원,병원,ok,7,
JDQ4MTg4MSM1MSMkMSMkMCMkOTkkMzgxMzUxIzQxIyQxIyQ3IyQ4MiQ0NjEwMDIjODEjJDEjJDIjJDgz,서울원병원,병원,ok,7,
JDQ4MTg4MSM1MSMkMSMkMCMkOTkkMzgxMzUxIzQxIyQxIyQ3IyQ4MiQyNjE4MzIjODEjJDEjJDYjJDgz,의료법인 서울효천의료재단 에이치플러스재활자립병원,병원,ok,3,
JDQ4MTg4MSM1MSMkMSMkMCMkOTkkMzgxMzUxIzQxIyQxIyQ3IyQ4MiQyNjEwMDIjNTEjJDEjJDIjJDgz,서울세계로병원,병원,ok,10,
JDQ4MTg4MSM1MSMkMSMkMCMkOTkkMzgxMzUxIzQxIyQxIyQ3IyQ4MiQyNjEyMjIjNDEjJDEjJDgjJDgz,새로운병원,병원,ok,17,
JDQ4MTg4MSM1MSMkMSMkMCMkOTkkMzgxMzUxIzQxIyQxIyQ3IyQ4MiQzNjE0ODEjNzEjJDEjJDgjJDgz,공안과병원,병원,ok,2,
JDQ4MTg4MSM1MSMkMSMkMCMkOTkkMzgxMzUxIzQxIyQxIyQ3IyQ4MiQzNjE4MzIjNDEjJDEjJDgjJDgz,두발로병원,병원,ok,7,
JDQ4MTg4MSM1MSMkMSMkMCMkOTkkMzgxMzUxIzQxIyQxIyQ3IyQ4MiQzNjEwMDIjNjEjJDEjJDQjJDgz,위비앙병원,병원,ok,2,
JDQ4MTg4MSM1MSMkMSMkMCMkOTkkMzgxMzUxIzQxIyQxIyQ3IyQ4MiQzNjEyMjIjNTEjJDEjJDYjJDgz,강남고려병원,병원,ok,20,
JDQ4MTg4MSM1MSMkMSMkMCMkOTkkMzgxMzUxIzQxIyQxIyQ3IyQ4OSQ0NjEwMDIjNDEjJDEjJDgjJDgz,가자연세병원,병원,ok,6,
JDQ4MTg4MSM1MSMkMSMkMCMkOTkkMzgxMzUxIzQxIyQxIyQ3IyQ4OSQyNjEyMjIjNjEjJDEjJDAjJDgz,한강수병원,병원,ok,7,
JDQ4MTg4MSM1MSMkMSMkMCMkOTkkMzgxMzUxIzQxIyQxIyQ3IyQ4OSQzNjEwMDIjODEjJDEjJDYjJDgz,더서울병원,병원,ok,7,
JDQ4MTg4MSM1MSMkMSMkMCMkOTkkMzgxMzUxIzQxIyQxIyQ3IyQ4OSQzNjEyMjIjNzEjJDEjJDgjJDgz,서재곤링커병원,병원,ok,5,
JDQ4MTg4MSM1MSMkMSMkMCMkOTkkMzgxMzUxIzQxIyQxIyQ3IyQ5MiQ0NjEwMDIjNjEjJDEjJDQjJDgz,본서부병원,병원,ok,5,
JDQ4MTg4MSM1MSMkMSMkMCMkOTkkMzgxMzUxIzQxIyQxIyQ3IyQ5MiQyNjE0ODEjNDEjJDEjJDgjJDgz,더드림병원,병원,ok,6,
JDQ4MTg4MSM1MSMkMSMkMCMkOTkkMzgxMzUxIzQxIyQxIyQ3IyQ5MiQyNjE4MzIjNjEjJDEjJDgjJDgz,엔플러스병원,병원,ok,8,
JDQ4MTg4MSM1MSMkMSMkMCMkOTkkMzgxMzUxIzQxIyQxIyQ3IyQ5MiQzNjE0ODEjNjEjJDEjJDAjJDgz,서울바른병원,병원,ok,12,
JDQ4MTg4MSM1MSMkMSMkMCMkOTkkMzgxMzUxIzQxIyQxIyQ3IyQ5MiQzNjE4MzIjODEjJDEjJDYjJDgz,서울탑병원,병원,ok,10,
JDQ4MTg4MSM1MSMkMSMkMCMkOTkkMzgxMzUxIzQxIyQxIyQ3IyQ5MiQzNjEyMjIjNDEjJDEjJDgjJDgz,포근한재활병원,병원,ok,6,
JDQ4MTg4MSM1MSMkMSMkMCMkOTkkMzgxMzUxIzQxIyQxIyQ3IyQ5OSQ0NjE0ODEjNDEjJDEjJDgjJDgz,고은빛여성병원,병원,ok,5,
JDQ4MTg4MSM1MSMkMSMkMCMkOTkkMzgxMzUxIzQxIyQxIyQ3IyQ5OSQ0NjEwMDIjODEjJDEjJDYjJDgz,성북우리아이들병원,병원,ok,20,
JDQ4MTg4MSM1MSMkMSMkMCMkOTkkMzgxMzUxIzQxIyQxIyQ3IyQ5OSQyNjE0ODEjNjEjJDEjJDQjJDgz,메드렉스병원,병원,ok,6,
JDQ4MTg4MSM1MSMkMSMkMCMkOTkkMzgxMzUxIzQxIyQxIyQ3IyQ5OSQyNjE4MzIjNDEjJDEjJDQjJDgz,강남유나이티드병원,병원,ok,6,
JDQ4MTg4MSM1MSMkMSMkMCMkOTkkMzgxMzUxIzQxIyQxIyQ3IyQ5OSQyNjEwMDIjNTEjJDEjJDYjJDgz,리드힐병원,병원,ok,5,
JDQ4MTg4MSM1MSMkMSMkMCMkOTkkMzgxMzUxIzQxIyQxIyQ3IyQ5OSQzNjE0ODEjODEjJDEjJDIjJDgz,9988병원,병원,ok,6,
JDQ4MTg4MSM1MSMkMSMkMCMkOTkkMzgxMzUxIzQxIyQxIyQ3IyQ5OSQzNjE4MzIjNTEjJDEjJDIjJDgz,사랑의병원,병원,ok,8,
JDQ4MTg4MSM1MSMkMSMkMCMkOTkkMzgxMzUxIzQxIyQxIyQ3IyQ5OSQzNjEyMjIjNjEjJDEjJDAjJDgz,연세한강병원,병원,ok,5,
JDQ4MTg4MSM1MSMkMSMkMCMkOTkkMzgxMzUxIzQxIyQxIyQ3IyQwMyQ0NjE0ODEjNjEjJDEjJDAjJDgz,서울퍼스트병원,병원,ok,6,
JDQ4MTg4MSM1MSMkMSMkMCMkOTkkMzgxMzUxIzQxIyQxIyQ3IyQwMyQ0NjEwMDIjNTEjJDEjJDIjJDgz,(의)가산의료재단 광동병원,병원,ok,9,
JDQ4MTg4MSM1MSMkMSMkMCMkOTkkMzgxMzUxIzQxIyQxIyQ3IyQwMyQyNjE4MzIjNTEjJDEjJDYjJDgz,새힘병원,병원,ok,7,
JDQ4MTg4MSM1MSMkMSMkMCMkOTkkMzgxMzUxIzQxIyQxIyQ3IyQwMyQyNjEwMDIjNzEjJDEjJDgjJDgz,연세우리병원,병원,ok,5,
JDQ4MTg4MSM1MSMkMSMkMCMkOTkkMzgxMzUxIzQxIyQxIyQ3IyQwMyQyNjEyMjIjNjEjJDEjJDQjJDgz,연세산돌병원,병원,ok,8,
JDQ4MTg4MSM1MSMkMSMkMCMkOTkkMzgxMzUxIzQxIyQxIyQ3IyQwMyQzNjE0ODEjNDEjJDEjJDgjJDgz,위드힘병원,병원,ok,4,
JDQ4MTg4MSM1MSMkMSMkMCMkOTkkMzgxMzUxIzQxIyQxIyQ3IyQwMyQzNjE4MzIjNjEjJDEjJDgjJDgz,서울필병원,병원,ok,6,
JDQ4MTg4MSM1MSMkMSMkMCMkOTkkMzgxMzUxIzQxIyQxIyQ3IyQwMyQzNjEwMDIjNDEjJDEjJDQjJDgz,송파드림재활병원,병원,ok,5,
JDQ4MTg4MSM1MSMkMSMkMCMkOTkkMzgxMzUxIzQxIyQxIyQ3IyQxMyQ0NjE0ODEjNDEjJDEjJDgjJDgz,엠에스병원,병원,ok,2,
JDQ4MTg4MSM1MSMkMSMkMCMkOTkkMzgxMzUxIzQxIyQxIyQ3IyQxMyQ0NjEwMDIjNDEjJDEjJDQjJDgz,강철병원,병원,ok,5,
JDQ4MTg4MSM1MSMkMSMkMCMkOTkkMzgxMzUxIzQxIyQxIyQ3IyQxMyQyNjE0ODEjNjEjJDEjJDgjJDgz,청담해리슨병원,병원,ok,8,
JDQ4MTg4MSM1MSMkMSMkMCMkOTkkMzgxMzUxIzQxIyQxIyQ3IyQxMyQyNjE4MzIjNDEjJDEjJDgjJDgz,강서케이병원,병원,ok,5,
JDQ4MTg4MSM1MSMkMSMkMCMkOTkkMzgxMzUxIzQxIyQxIyQ3IyQxMyQyNjEwMDIjNjEjJDEjJDAjJDgz,트리니티병원,병원,ok,5,
JDQ4MTg4MSM1MSMkMSMkMCMkOTkkMzgxMzUxIzQxIyQxIyQ3IyQxMyQzNjE0ODEjODEjJDEjJDYjJDgz,뉴민병원,병원,ok,11,
JDQ4MTg4MSM1MSMkMSMkMCMkOTkkMzgxMzUxIzQxIyQxIyQ3IyQxMyQzNjE4MzIjNTEjJDEjJDYjJDgz,서울미즈병원,병원,ok,9,
JDQ4MTg4MSM1MSMkMSMkMCMkOTkkMzgxMzUxIzQxIyQxIyQ3IyQxMyQzNjEwMDIjNzEjJDEjJDgjJDgz,러스크서울병원,병원,ok,5,
JDQ4MTg4MSM1MSMkMSMkMCMkOTkkMzgxMzUxIzQxIyQyIyQ3IyQwMCQ0NjE0ODEjODEjJDEjJDIjJDgz,서울대효병원,병원,ok,4,
JDQ4MTg4MSM1MSMkMSMkMCMkOTkkMzgxMzUxIzQxIyQyIyQ3IyQwMCQyNjE0ODEjNTEjJDEjJDIjJDgz,서울숭인병원,병원,ok,8,
JDQ4MTg4MSM1MSMkMSMkMCMkOTkkMzgxMzUxIzQxIyQyIyQ3IyQwMCQyNjE4MzIjNzEjJDEjJDgjJDgz,서울큰나무병원,병원,ok,2,
JDQ4MTg4MSM1MSMkMSMkMCMkOTkkMzgxMzUxIzQxIyQyIyQ3IyQwMCQyNjEwMDIjNDEjJDEjJDgjJDgz,목동제일여성병원,병원,ok,2,
JDQ4MTg4MSM1MSMkMSMkMCMkOTkkMzgxMzUxIzQxIyQyIyQ3IyQwMCQyNjEyMjIjODEjJDEjJDYjJDgz,올바로병원,병원,ok,4,
JDQ4MTg4MSM1MSMkMSMkMCMkOTkkMzgxMzUxIzQxIyQyIyQ3IyQwMCQzNjEwMDIjNTEjJDEjJDYjJDgz,강남지인병원,병원,ok,4,
JDQ4MTg4MSM1MSMkMSMkMCMkOTkkMzgxMzUxIzQxIyQyIyQ3IyQwMCQzNjEyMjIjNDEjJDEjJDgjJDgz,장튼위튼병원,병원,ok,4,
JDQ4MTg4MSM1MSMkMSMkMCMkOTkkMzgxMzUxIzUxIyQxIyQxIyQ3OSQ0NjE0ODEjNTEjJDEjJDIjJDgz,하병원,병원,ok,7,
JDQ4MTg4MSM1MSMkMSMkMCMkOTkkMzgxMzUxIzUxIyQxIyQxIyQ3OSQ0NjEwMDIjNDEjJDEjJDgjJDgz,서울센트럴병원,병원,ok,5,
JDQ4MTg4MSM1MSMkMSMkMCMkOTkkMzgxMzUxIzUxIyQxIyQxIyQ3OSQyNjE0ODEjNzEjJDEjJDgjJDgz,포레스트병원,병원,ok,6,
JDQ4MTg4MSM1MSMkMSMkMCMkOTkkMzgxMzUxIzUxIyQxIyQxIyQ3OSQyNjEwMDIjNjEjJDEjJDQjJDgz,금천수병원,병원,ok,6,
JDQ4MTg4MSM1MSMkMSMkMCMkOTkkMzgxMzUxIzUxIyQxIyQxIyQ3OSQzNjE0ODEjNDEjJDEjJDQjJDgz,강서푸른꿈성모어린이병원,병원,ok,2,
JDQ4MTg4MSM1MSMkMSMkMCMkOTkkMzgxMzUxIzUxIyQxIyQxIyQ3OSQzNjEwMDIjODEjJDEjJDIjJDgz,123스텝업병원,병원,ok,5,
JDQ4MTg4MSM1MSMkMSMkMCMkOTkkMzgxMzUxIzUxIyQxIyQxIyQ3OSQzNjEyMjIjNjEjJDEjJDgjJDgz,연세동작병원,병원,ok,2,
JDQ4MTg4MSM1MSMkMSMkMCMkOTkkMzgxMzUxIzUxIyQxIyQxIyQ4OSQ0NjE0ODEjNDEjJDEjJDQjJDgz,서울본원병원,병원,ok,6,
JDQ4MTg4MSM1MSMkMSMkMCMkOTkkMzgxMzUxIzUxIyQxIyQxIyQ4OSQ0NjEwMDIjODEjJDEjJDIjJDgz,비에스코아이비인후과병원,병원,ok,2,
JDQ4MTg4MSM1MSMkMSMkMCMkOTkkMzgxMzUxIzUxIyQxIyQxIyQ4OSQyNjE0ODEjNjEjJDEjJDAjJDgz,목동현대웰병원,병원,ok,8,
JDQ4MTg4MSM1MSMkMSMkMCMkOTkkMzgxMzUxIzUxIyQxIyQxIyQ4OSQyNjE4MzIjODEjJDEjJDYjJDgz,서울스타병원,병원,ok,8,
JDQ4MTg4MSM1MSMkMSMkMCMkOTkkMzgxMzUxIzUxIyQxIyQxIyQ4OSQyNjEwMDIjNTEjJDEjJDIjJDgz,강동아너스힐병원,병원,ok,6,
JDQ4MTg4MSM1MSMkMSMkMCMkOTkkMzgxMzUxIzUxIyQxIyQxIyQ4OSQzNjE0ODEjNzEjJDEjJDgjJDgz,본바움병원,병원,ok,5,
JDQ4MTg4MSM1MSMkMSMkMCMkOTkkMzgxMzUxIzUxIyQxIyQxIyQ4OSQzNjE4MzIjNDEjJDEjJDgjJDgz,메디아이여성병원,병원,ok,2,
JDQ4MTg4MSM1MSMkMSMkMCMkOTkkMzgxMzUxIzUxIyQxIyQxIyQ4OSQzNjEwMDIjNjEjJDEjJDQjJDgz,민트병원,병원,ok,4,
JDQ4MTg4MSM1MSMkMSMkMCMkOTkkMzgxMzUxIzUxIyQxIyQxIyQ5OSQyNjE0ODEjNDEjJDEjJDgjJDgz,아이비어린이병원,병원,ok,4,
JDQ4MTg4MSM1MSMkMSMkMCMkOTkkMzgxMzUxIzUxIyQxIyQxIyQ5OSQyNjE4MzIjNjEjJDEjJDgjJDgz,강남힐병원,병원,ok,7,
JDQ4MTg4MSM1MSMkMSMkMCMkOTkkMzgxMzUxIzUxIyQxIyQxIyQ5OSQyNjEwMDIjNDEjJDEjJDQjJDgz,정석병원,병원,ok,5,
JDQ4MTg4MSM1MSMkMSMkMCMkOTkkMzgxMzUxIzUxIyQxIyQxIyQ5OSQyNjEyMjIjODEjJDEjJDIjJDgz,강동삼성재활의학과병원,병원,ok,4,
JDQ4MTg4MSM1MSMkMSMkMCMkOTkkNTgxMzUxIzExIyQxIyQ3IyQ2MiQ0NjE0ODEjNDEjJDEjJDgjJDgz,로하스참사랑요양병원,요양병원,ok,4,
JDQ4MTg4MSM1MSMkMSMkMCMkOTkkNTgxMzUxIzExIyQxIyQ3IyQ2MiQyNjE4MzIjNDEjJDEjJDQjJDgz,녹십자요양병원,요양병원,ok,4,
JDQ4MTg4MSM1MSMkMSMkMCMkOTkkNTgxMzUxIzExIyQxIyQ3IyQ2MiQzNjEwMDIjNjEjJDEjJDgjJDgz,동서요양병원,요양병원,ok,4,
JDQ4MTg4MSM1MSMkMSMkMCMkOTkkNTgxMzUxIzExIyQxIyQ3IyQ3MiQyNjE0ODEjNTEjJDEjJDIjJDgz,로하스동서울요양병원,요양병원,ok,7,
JDQ4MTg4MSM1MSMkMSMkMCMkOTkkNTgxMzUxIzExIyQxIyQ3IyQ3OSQzNjEyMjIjNjEjJDEjJDQjJDgz,서울은빛요양병원,요양병원,ok,6,
JDQ4MTg4MSM1MSMkMSMkMCMkOTkkNTgxMzUxIzExIyQxIyQ3IyQ4MiQzNjE0ODEjNTEjJDEjJDIjJDgz,새빛요양병원,요양병원,ok,10,
JDQ4MTg4MSM1MSMkMSMkMCMkOTkkNTgxMzUxIzExIyQxIyQ3IyQ5MiQ0NjEwMDIjNDEjJDEjJDgjJDgz,성신고려요양병원,요양병원,ok,4,
JDQ4MTg4MSM1MSMkMSMkMCMkOTkkNTgxMzUxIzExIyQxIyQ3IyQ5MiQyNjEwMDIjNjEjJDEjJDQjJDgz,서울스마트요양병원,요양병원,ok,7,
JDQ4MTg4MSM1MSMkMSMkMCMkOTkkNTgxMzUxIzExIyQxIyQ3IyQ5OSQzNjEyMjIjNDEjJDEjJDQjJDgz,노원솔요양병원,요양병원,ok,15,
JDQ4MTg4MSM1MSMkMSMkMCMkOTkkNTgxMzUxIzExIyQxIyQ3IyQwMyQyNjE0ODEjNjEjJDEjJDAjJDgz,포근한맘요양병원,요양병원,ok,5,
JDQ4MTg4MSM1MSMkMSMkMCMkOTkkNTgxMzUxIzExIyQxIyQ3IyQwMyQyNjEyMjIjNDEjJDEjJDgjJDgz,새마음요양병원,요양병원,ok,7,
JDQ4MTg4MSM1MSMkMSMkMCMkOTkkNTgxMzUxIzExIyQxIyQ3IyQwMyQzNjE0ODEjNzEjJDEjJDgjJDgz,강동우리들요양병원,요양병원,ok,13,
JDQ4MTg4MSM1MSMkMSMkMCMkOTkkNTgxMzUxIzExIyQxIyQ3IyQwMyQzNjE4MzIjNDEjJDEjJDgjJDgz,의료법인참예원의료재단 성북참요양병원,요양병원,ok,9,
JDQ4MTg4MSM1MSMkMSMkMCMkOTkkNTgxMzUxIzExIyQxIyQ3IyQxMyQ0NjEwMDIjNjEjJDEjJDQjJDgz,의료법인 미소들노인전문병원,요양병원,ok,20,
JDQ4MTg4MSM1MSMkMSMkMCMkOTkkNTgxMzUxIzExIyQxIyQ3IyQxMyQzNjEyMjIjNDEjJDEjJDgjJDgz,의료법인 어울림의료재단 정성요양병원,요양병원,ok,11,
JDQ4MTg4MSM1MSMkMSMkMCMkOTkkNTgxMzUxIzExIyQxIyQzIyQ2MiQyNjE0ODEjODEjJDEjJDYjJDgz,의료법인유라의료재단 온누리요양병원,요양병원,ok,6,
JDQ4MTg4MSM1MSMkMSMkMCMkOTkkNTgxMzUxIzExIyQxIyQzIyQ4OSQyNjE0ODEjNzEjJDEjJDgjJDgz,참요양병원,요양병원,ok,9,
JDQ4MTg4MSM1MSMkMSMkMCMkOTkkNTgxMzUxIzExIyQxIyQzIyQ5OSQ0NjEwMDIjODEjJDEjJDIjJDgz,더세인트요양병원,요양병원,ok,12,
JDQ4MTg4MSM1MSMkMSMkMCMkOTkkNTgxMzUxIzExIyQxIyQzIyQ5OSQzNjEyMjIjNTEjJDEjJDYjJDgz,스카이요양병원,요양병원,ok,6,
JDQ4MTg4MSM1MSMkMSMkMCMkOTkkNTgxMzUxIzExIyQxIyQzIyQxMyQzNjEwMDIjNjEjJDEjJDgjJDgz,햇살요양병원,요양병원,ok,9,
JDQ4MTg4MSM1MSMkMSMkMCMkOTkkNTgxMzUxIzExIyQyIyQ3IyQwMCQyNjEyMjIjNjEjJDEjJDAjJDgz,의료법인 부원의료재단 서초요양병원,요양병원,ok,12,
JDQ4MTg4MSM1MSMkMSMkMCMkOTkkNTgxMzUxIzExIyQyIyQzIyQwMCQ0NjE0ODEjNzEjJDEjJDgjJDgz,신화요양병원,요양병원,ok,8,
JDQ4MTg4MSM1MSMkMSMkMCMkOTkkNTgxMzUxIzExIyQyIyQzIyQwMCQzNjEwMDIjNTEjJDEjJDIjJDgz,효성요양병원,요양병원,ok,7,
JDQ4MTg4MSM1MSMkMSMkMCMkOTkkNTgxMzUxIzIxIyQxIyQ1IyQ3OSQ0NjE0ODEjNjEjJDEjJDAjJDgz,대한민국요양병원,요양병원,ok,14,
JDQ4MTg4MSM1MSMkMSMkMCMkOTkkNTgxMzUxIzIxIyQxIyQ1IyQ3OSQyNjE0ODEjODEjJDEjJDYjJDgz,다나움요양병원,요양병원,ok,9,
JDQ4MTg4MSM1MSMkMSMkMCMkOTkkNTgxMzUxIzIxIyQxIyQ1IyQ3OSQyNjE4MzIjNTEjJDEjJDYjJDgz,서울브이아이피(VIP)요양병원,요양병원,ok,5,
JDQ4MTg4MSM1MSMkMSMkMCMkOTkkNTgxMzUxIzIxIyQxIyQ1IyQ3OSQyNjEwMDIjNzEjJDEjJDgjJDgz,서울사랑요양병원,요양병원,ok,7,
JDQ4MTg4MSM1MSMkMSMkMCMkOTkkNTgxMzUxIzIxIyQxIyQ1IyQ3OSQyNjEyMjIjNjEjJDEjJDQjJDgz,네이처요양병원,요양병원,ok,9,
JDQ4MTg4MSM1MSMkMSMkMCMkOTkkNTgxMzUxIzIxIyQxIyQ1IyQ3OSQzNjE0ODEjNDEjJDEjJDgjJDgz,서울제일요양병원,요양병원,ok,11,
JDQ4MTg4MSM1MSMkMSMkMCMkOTkkNTgxMzUxIzIxIyQxIyQ1IyQ3OSQzNjEyMjIjODEjJDEjJDIjJDgz,팔팔요양병원,요양병원,ok,10,
JDQ4MTg4MSM1MSMkMSMkMCMkOTkkNTgxMzUxIzIxIyQxIyQ1IyQ4OSQ0NjE0ODEjNDEjJDEjJDgjJDgz,강남구립행복요양병원,요양병원,ok,9,
JDQ4MTg4MSM1MSMkMSMkMCMkOTkkNTgxMzUxIzIxIyQxIyQ1IyQ4OSQ0NjEwMDIjNDEjJDEjJDQjJDgz,대림요양병원,요양병원,ok,14,
JDQ4MTg4MSM1MSMkMSMkMCMkOTkkNTgxMzUxIzIxIyQxIyQ1IyQ4OSQyNjE0ODEjNjEjJDEjJDgjJDgz,더사랑요양병원,요양병원,ok,8,
JDQ4MTg4MSM1MSMkMSMkMCMkOTkkNTgxMzUxIzIxIyQxIyQ1IyQ4OSQyNjE4MzIjNDEjJDEjJDgjJDgz,더드림요양병원,요양병원,ok,6,
JDQ4MTg4MSM1MSMkMSMkMCMkOTkkNTgxMzUxIzIxIyQxIyQ1IyQ4OSQyNjEwMDIjNjEjJDEjJDAjJDgz,신촌힐링요양병원,요양병원,ok,20,
JDQ4MTg4MSM1MSMkMSMkMCMkOTkkNTgxMzUxIzIxIyQxIyQ1IyQ4OSQyNjEyMjIjNTEjJDEjJDIjJDgz,한걸음요양병원,요양병원,ok,6,
JDQ4MTg4MSM1MSMkMSMkMCMkOTkkNTgxMzUxIzIxIyQxIyQ1IyQ4OSQzNjE0ODEjODEjJDEjJDYjJDgz,경희늘푸른노인전문병원,요양병원,ok,5,
JDQ4MTg4MSM1MSMkMSMkMCMkOTkkNTgxMzUxIzIxIyQxIyQ1IyQ4OSQzNjEyMjIjNjEjJDEjJDQjJDgz,참다운요양병원,요양병원,ok,33,
JDQ4MTg4MSM1MSMkMSMkMCMkOTkkNTgxMzUxIzIxIyQxIyQ1IyQ5OSQyNjE0ODEjNTEjJDEjJDYjJDgz,보문효사랑요양병원,요양병원,ok,12,
JDQ4MTg4MSM1MSMkMSMkMCMkOTkkNTgxMzUxIzIxIyQxIyQ1IyQ5OSQyNjE4MzIjODEjJDEjJDIjJDgz,그레이스힐 요양병원,요양병원,ok,11,
JDQ4MTg4MSM1MSMkMSMkMCMkOTkkNTgxMzUxIzIxIyQxIyQ1IyQ5OSQzNjE0ODEjNjEjJDEjJDgjJDgz,대명요양병원,요양병원,ok,9,
JDQ4MTg4MSM1MSMkMSMkMCMkOTkkNTgxMzUxIzIxIyQxIyQ1IyQ5OSQzNjEwMDIjNjEjJDEjJDAjJDgz,송파온요양병원,요양병원,ok,15,
JDQ4MTg4MSM1MSMkMSMkMCMkOTkkNTgxMzUxIzIxIyQxIyQ1IyQ5OSQzNjEyMjIjNTEjJDEjJDIjJDgz,메디움강남요양병원,요양병원,ok,21,
JDQ4MTg4MSM1MSMkMSMkMCMkOTkkNTgxMzUxIzIxIyQxIyQxIyQ2MiQ0NjEwMDIjNjEjJDEjJDQjJDgz,의료법인 행복나눔의료재단 사랑요양병원,요양병원,ok,14,
JDQ4MTg4MSM1MSMkMSMkMCMkOTkkNTgxMzUxIzIxIyQxIyQxIyQ2MiQyNjE4MzIjNjEjJDEjJDgjJDgz,에스엠씨요양병원,요양병원,ok,9,
JDQ4MTg4MSM1MSMkMSMkMCMkOTkkNTgxMzUxIzIxIyQxIyQxIyQ2MiQzNjE0ODEjNjEjJDEjJDAjJDgz,서울현대요양병원,요양병원,ok,5,
JDQ4MTg4MSM1MSMkMSMkMCMkOTkkNTgxMzUxIzIxIyQxIyQxIyQ2MiQzNjE4MzIjODEjJDEjJDYjJDgz,포레스트요양병원,요양병원,ok,16,
JDQ4MTg4MSM1MSMkMSMkMCMkOTkkNTgxMzUxIzIxIyQxIyQxIyQ2MiQzNjEyMjIjNDEjJDEjJDgjJDgz,선의요양병원,요양병원,ok,6,
JDQ4MTg4MSM1MSMkMSMkMCMkOTkkNTgxMzUxIzIxIyQxIyQxIyQ3MiQ0NjE0ODEjNjEjJDEjJDAjJDgz,강북휴요양병원,요양병원,ok,8,
JDQ4MTg4MSM1MSMkMSMkMCMkOTkkNTgxMzUxIzIxIyQxIyQxIyQ3MiQ0NjEwMDIjNTEjJDEjJDIjJDgz,연세베스트요양병원,요양병원,ok,11,
JDQ4MTg4MSM1MSMkMSMkMCMkOTkkNTgxMzUxIzIxIyQxIyQxIyQ3MiQyNjE0ODEjODEjJDEjJDYjJDgz,굿모닝요양병원,요양병원,ok,20,
JDQ4MTg4MSM1MSMkMSMkMCMkOTkkNTgxMzUxIzIxIyQxIyQxIyQ3MiQyNjE4MzIjNTEjJDEjJDYjJDgz,서초프라임요양병원,요양병원,ok,11,
JDQ4MTg4MSM1MSMkMSMkMCMkOTkkNTgxMzUxIzIxIyQxIyQxIyQ3MiQyNjEyMjIjNjEjJDEjJDQjJDgz,퍼스트요양병원,요양병원,ok,5,
JDQ4MTg4MSM1MSMkMSMkMCMkOTkkNTgxMzUxIzIxIyQxIyQxIyQ3MiQzNjE4MzIjNjEjJDEjJDgjJDgz,동부참사랑요양병원,요양병원,ok,11,
JDQ4MTg4MSM1MSMkMSMkMCMkOTkkNTgxMzUxIzIxIyQxIyQxIyQ3MiQzNjEyMjIjODEjJDEjJDIjJDgz,성북서울요양병원,요양병원,ok,12,
JDQ4MTg4MSM1MSMkMSMkMCMkOTkkNTgxMzUxIzIxIyQxIyQxIyQ3OSQyNjEwMDIjNDEjJDEjJDgjJDgz,한국보훈복지의료공단 서울요양병원,요양병원,ok,6,
JDQ4MTg4MSM1MSMkMSMkMCMkOTkkNTgxMzUxIzIxIyQxIyQxIyQ3OSQyNjEyMjIjODEjJDEjJDYjJDgz,강동성모요양병원,요양병원,ok,14,
JDQ4MTg4MSM1MSMkMSMkMCMkOTkkNTgxMzUxIzIxIyQxIyQxIyQ3OSQzNjE0ODEjNjEjJDEjJDQjJDgz,한국효요양병원,요양병원,ok,15,
JDQ4MTg4MSM1MSMkMSMkMCMkOTkkNTgxMzUxIzIxIyQxIyQxIyQ3OSQzNjEwMDIjNTEjJDEjJDYjJDgz,파라솔요양병원,요양병원,ok,10,
JDQ4MTg4MSM1MSMkMSMkMCMkOTkkNTgxMzUxIzIxIyQxIyQxIyQ4MiQ0NjE0ODEjNDEjJDEjJDgjJDgz,노블케어요양병원,요양병원,ok,7,
JDQ4MTg4MSM1MSMkMSMkMCMkOTkkNTgxMzUxIzIxIyQxIyQxIyQ4MiQyNjE4MzIjNDEjJDEjJDgjJDgz,재단법인 제중의료복지재단 제중요양병원,요양병원,ok,7,
JDQ4MTg4MSM1MSMkMSMkMCMkOTkkNTgxMzUxIzIxIyQxIyQxIyQ4MiQyNjEwMDIjNjEjJDEjJDAjJDgz,더조은요양병원,요양병원,ok,10,
JDQ4MTg4MSM1MSMkMSMkMCMkOTkkNTgxMzUxIzIxIyQxIyQxIyQ4MiQzNjE0ODEjODEjJDEjJDYjJDgz,연세에덴요양병원,요양병원,ok,14,
JDQ4MTg4MSM1MSMkMSMkMCMkOTkkNTgxMzUxIzIxIyQxIyQxIyQ4MiQzNjE4MzIjNTEjJDEjJDYjJDgz,청담힐요양병원,요양병원,ok,7,
JDQ4MTg4MSM1MSMkMSMkMCMkOTkkNTgxMzUxIzIxIyQxIyQxIyQ4MiQzNjEyMjIjNjEjJDEjJDQjJDgz,서울센트럴요양병원,요양병원,ok,8,
JDQ4MTg4MSM1MSMkMSMkMCMkOTkkNTgxMzUxIzIxIyQxIyQxIyQ4OSQyNjE4MzIjNjEjJDEjJDAjJDgz,희망요양병원,요양병원,ok,4,
JDQ4MTg4MSM1MSMkMSMkMCMkOTkkNTgxMzUxIzIxIyQxIyQxIyQ4OSQzNjEwMDIjNDEjJDEjJDgjJDgz,의료법인에이치엠피의료재단녹십초요양병원,요양병원,ok,9,
JDQ4MTg4MSM1MSMkMSMkMCMkOTkkNTgxMzUxIzIxIyQxIyQxIyQ5MiQ0NjEwMDIjNzEjJDEjJDgjJDgz,하나효요양병원,요양병원,ok,10,
JDQ4MTg4MSM1MSMkMSMkMCMkOTkkNTgxMzUxIzIxIyQxIyQxIyQ5MiQyNjE4MzIjODEjJDEjJDIjJDgz,오케이요양병원,요양병원,ok,6,
JDQ4MTg4MSM1MSMkMSMkMCMkOTkkNTgxMzUxIzIxIyQxIyQxIyQ5MiQyNjEwMDIjNDEjJDEjJDgjJDgz,효담요양병원,요양병원,ok,10,
JDQ4MTg4MSM1MSMkMSMkMCMkOTkkNTgxMzUxIzIxIyQxIyQxIyQ5MiQzNjEyMjIjNTEjJDEjJDIjJDgz,서울힐링요양병원,요양병원,ok,15,
JDQ4MTg4MSM1MSMkMSMkMCMkOTkkNTgxMzUxIzIxIyQxIyQxIyQ5OSQ0NjE0ODEjNTEjJDEjJDIjJDgz,서울에이스요양병원,요양병원,ok,5,
JDQ4MTg4MSM1MSMkMSMkMCMkOTkkNTgxMzUxIzIxIyQxIyQxIyQ5OSQyNjE4MzIjNDEjJDEjJDgjJDgz,더서밋요양병원,요양병원,ok,13,
JDQ4MTg4MSM1MSMkMSMkMCMkOTkkNTgxMzUxIzIxIyQxIyQxIyQ5OSQyNjEwMDIjNjEjJDEjJDQjJDgz,성북웰니스요양병원,요양병원,ok,14,
JDQ4MTg4MSM1MSMkMSMkMCMkOTkkNTgxMzUxIzIxIyQxIyQxIyQ5OSQzNjEwMDIjODEjJDEjJDIjJDgz,플러스요양병원,요양병원,ok,19,
JDQ4MTg4MSM1MSMkMSMkMCMkOTkkNTgxMzUxIzIxIyQxIyQxIyQ5OSQzNjEyMjIjNjEjJDEjJDgjJDgz,서울효사랑요양병원,요양병원,ok,8,
JDQ4MTg4MSM1MSMkMSMkMCMkOTkkNTgxMzUxIzIxIyQxIyQxIyQwMyQ0NjE0ODEjNjEjJDEjJDgjJDgz,마인드웰병원,정신병원,ok,1,
JDQ4MTg4MSM1MSMkMSMkMCMkOTkkNTgxMzUxIzIxIyQxIyQxIyQwMyQ0NjEwMDIjNjEjJDEjJDAjJDgz,마리아성모요양병원,요양병원,ok,4,
JDQ4MTg4MSM1MSMkMSMkMCMkOTkkNTgxMzUxIzIxIyQxIyQxIyQwMyQyNjE0ODEjNDEjJDEjJDgjJDgz,송파그랜드요양병원,요양병원,ok,6,
JDQ4MTg4MSM1MSMkMSMkMCMkOTkkNTgxMzUxIzIxIyQxIyQxIyQwMyQyNjE4MzIjNjEjJDEjJDQjJDgz,마포요양병원,요양병원,ok,14,
JDQ4MTg4MSM1MSMkMSMkMCMkOTkkNTgxMzUxIzIxIyQxIyQxIyQwMyQyNjEyMjIjNzEjJDEjJDgjJDgz,편안한요양병원,요양병원,ok,12,
JDQ4MTg4MSM1MSMkMSMkMCMkOTkkNTgxMzUxIzIxIyQxIyQxIyQwMyQzNjE4MzIjODEjJDEjJDIjJDgz,강북연세요양병원,요양병원,ok,12,
JDQ4MTg4MSM1MSMkMSMkMCMkOTkkNTgxMzUxIzIxIyQxIyQxIyQwMyQzNjEwMDIjNDEjJDEjJDgjJDgz,은평요양병원,요양병원,ok,12,
JDQ4MTg4MSM1MSMkMSMkMCMkOTkkNTgxMzUxIzIxIyQxIyQxIyQwMyQzNjEyMjIjNDEjJDEjJDQjJDgz,꿈의숲요양병원,요양병원,ok,8,
JDQ4MTg4MSM1MSMkMSMkMCMkOTkkNTgxMzUxIzIxIyQxIyQxIyQxMyQ0NjE0ODEjNTEjJDEjJDYjJDgz,효림요양병원,요양병원,ok,8,
JDQ4MTg4MSM1MSMkMSMkMCMkOTkkNTgxMzUxIzIxIyQxIyQxIyQxMyQ0NjEwMDIjNDEjJDEjJDgjJDgz,남서울요양병원,요양병원,ok,15,
JDQ4MTg4MSM1MSMkMSMkMCMkOTkkNTgxMzUxIzIxIyQxIyQxIyQxMyQyNjE0ODEjODEjJDEjJDIjJDgz,이우요양병원,요양병원,ok,5,
JDQ4MTg4MSM1MSMkMSMkMCMkOTkkNTgxMzUxIzIxIyQxIyQxIyQxMyQzNjE0ODEjNDEjJDEjJDgjJDgz,북서울요양병원,요양병원,ok,7,
JDQ4MTg4MSM1MSMkMSMkMCMkOTkkNTgxMzUxIzIxIyQxIyQxIyQxMyQzNjE4MzIjNjEjJDEjJDQjJDgz,아미나요양병원,요양병원,ok,25,
JDQ4MTg4MSM1MSMkMSMkMCMkOTkkNTgxMzUxIzIxIyQxIyQxIyQxMyQzNjEyMjIjNzEjJDEjJDgjJDgz,서울숲요양병원,요양병원,ok,5,
JDQ4MTg4MSM1MSMkMSMkMCMkOTkkNTgxMzUxIzIxIyQyIyQxIyQwMCQyNjE4MzIjODEjJDEjJDYjJDgz,시온요양병원,요양병원,ok,11,
JDQ4MTg4MSM1MSMkMSMkMCMkOTkkNTgxMzUxIzIxIyQyIyQxIyQwMCQyNjEwMDIjNTEjJDEjJDIjJDgz,푸르메재단 넥슨어린이재활병원,요양병원,ok,3,
JDQ4MTg4MSM1MSMkMSMkMCMkOTkkNTgxMzUxIzIxIyQyIyQxIyQwMCQyNjEyMjIjNDEjJDEjJDgjJDgz,사랑요양병원,요양병원,ok,5,
JDQ4MTg4MSM1MSMkMSMkMCMkOTkkNTgxMzUxIzIxIyQyIyQxIyQwMCQzNjE0ODEjNzEjJDEjJDgjJDgz,강남수요양병원,요양병원,ok,11,
JDQ4MTg4MSM1MSMkMSMkMCMkOTkkNTgxMzUxIzIxIyQyIyQxIyQwMCQzNjEyMjIjNTEjJDEjJDYjJDgz,강남센트럴요양병원,요양병원,ok,8,
JDQ4MTg4MSM1MSMkMSMkMCMkOTkkNTgxOTYxIzExIyQxIyQzIyQ3OSQ0NjE0ODEjNDEjJDEjJDgjJDgz,강서필병원,정신병원,ok,1,
JDQ4MTg4MSM1MSMkMSMkMCMkOTkkNTgxOTYxIzExIyQxIyQzIyQ3OSQ0NjEwMDIjODEjJDEjJDYjJDgz,송파미소병원,정신병원,ok,2,
JDQ4MTg4MSM1MSMkMSMkMCMkOTkkNTgxOTYxIzExIyQxIyQzIyQ3OSQyNjE0ODEjNjEjJDEjJDQjJDgz,서울명병원,정신병원,ok,4,
JDQ4MTg4MSM1MSMkMSMkMCMkOTkkNTgxOTYxIzExIyQxIyQzIyQ3OSQyNjE4MzIjNDEjJDEjJDQjJDgz,다나병원,정신병원,ok,3,
JDQ4MTg4MSM1MSMkMSMkMCMkOTkkNTgxOTYxIzExIyQxIyQzIyQ3OSQyNjEwMDIjNTEjJDEjJDYjJDgz,재단법인한국산업보건환경연구소부설 해상병원,정신병원,ok,4,
JDQ4MTg4MSM1MSMkMSMkMCMkOTkkNTgxOTYxIzExIyQxIyQzIyQ3OSQyNjEyMjIjNDEjJDEjJDgjJDgz,베이직병원,정신병원,ok,1,
JDQ4MTg4MSM1MSMkMSMkMCMkOTkkNTgxOTYxIzExIyQxIyQzIyQ3OSQzNjE4MzIjNTEjJDEjJDIjJDgz,의료법인다나의료재단구로다나병원,정신병원,ok,7,
JDQ4MTg4MSM1MSMkMSMkMCMkOTkkNTgxOTYxIzExIyQxIyQzIyQ3OSQzNjEwMDIjNjEjJDEjJDgjJDgz,멘토스병원,정신병원,ok,2,
JDQ4MTg4MSM1MSMkMSMkMCMkOTkkNTgxOTYxIzExIyQxIyQzIyQ3OSQzNjEyMjIjNjEjJDEjJDAjJDgz,성지병원,정신병원,ok,1,
JDQ4MTg4MSM1MSMkMSMkMCMkOTkkNTgxOTYxIzExIyQxIyQzIyQ4OSQyNjE0ODEjNTEjJDEjJDIjJDgz,서울특별시은평병원,정신병원,ok,7,
JDQ4MTg4MSM1MSMkMSMkMCMkOTkkNTgxOTYxIzExIyQxIyQzIyQ4OSQyNjEwMDIjNDEjJDEjJDgjJDgz,국립정신건강센터,정신병원,ok,9,
JDQ4MTg4MSM1MSMkMSMkMCMkOTkkNTgxOTYxIzExIyQxIyQzIyQ4OSQyNjEyMjIjODEjJDEjJDYjJDgz,지혜병원,정신병원,ok,3,
JDQ4MTg4MSM1MSMkMSMkNCMkOTIkMzgxOTYxIzExIyQxIyQzIyQ3OSQyNjE0ODEjODEjJDEjJDIjJDgz,서초보건지소,보건지소,ok,6,
JDQ4MTg4MSM1MSMkMSMkNCMkOTkkMzgxMzUxIzExIyQxIyQzIyQ3OSQyNjE4MzIjNjEjJDEjJDAjJDgz,미래본병원,병원,ok,7,
JDQ4MTg4MSM1MSMkMSMkNCMkOTkkMzgxMzUxIzExIyQxIyQzIyQ3OSQyNjEwMDIjODEjJDEjJDIjJDgz,힘찬병원,병원,ok,7,
JDQ4MTg4MSM1MSMkMSMkNCMkOTkkNTgxMzUxIzExIyQxIyQzIyQ3OSQyNjE0ODEjNTEjJDEjJDYjJDgz,의료법인 참예원의료재단 서초참요양병원,요양병원,ok,14,
JDQ4MTg4MSM1MSMkMSMkNCMkOTkkNTgxMzUxIzExIyQxIyQzIyQ3OSQyNjE4MzIjODEjJDEjJDIjJDgz,시그니처요양병원,요양병원,ok,9,
JDQ4MTg4MSM1MSMkMSMkNCMkOTkkNTgxMzUxIzExIyQxIyQzIyQ3OSQyNjEwMDIjNDEjJDEjJDgjJDgz,새미래요양병원,요양병원,ok,9,
JDQ4MTg4MSM1MSMkMSMkNCMkOTkkNTgxMzUxIzExIyQxIyQzIyQ3OSQzNjE0ODEjNjEjJDEjJDgjJDgz,강남효요양병원,요양병원,ok,7,
JDQ4MTg4MSM1MSMkMSMkNCMkOTkkNTgxMzUxIzExIyQxIyQzIyQ3OSQzNjEwMDIjNjEjJDEjJDAjJDgz,강남요양병원,요양병원,ok,7,
JDQ4MTg4MSM1MSMkMSMkNCMkOTkkNTgxMzUxIzExIyQxIyQzIyQ3OSQzNjEyMjIjNTEjJDEjJDIjJDgz,서울삼성요양병원,요양병원,ok,9,
JDQ4MTg4MSM1MSMkMSMkOCMkOTkkMzgxMzUxIzExIyQxIyQzIyQ3OSQyNjE4MzIjODEjJDEjJDIjJDgz,척바른병원,병원,ok,8,
JDQ4MTg4MSM1MSMkMSMkOCMkOTkkMzgxMzUxIzExIyQxIyQzIyQ3OSQyNjEwMDIjNDEjJDEjJDgjJDgz,대항병원,병원,ok,9,
JDQ4MTg4MSM1MSMkMSMkOCMkOTkkMzgxMzUxIzExIyQxIyQzIyQ3OSQyNjEyMjIjNDEjJDEjJDQjJDgz,장스여성병원,병원,ok,5,
JDQ4MTg4MSM1MSMkMSMkOCMkOTkkMzgxMzUxIzExIyQxIyQzIyQ3OSQzNjE0ODEjNjEjJDEjJDgjJDgz,더힐병원,병원,ok,8,
JDQ4MTg4MSM1MSMkMSMkOCMkOTkkNTgxMzUxIzExIyQxIyQzIyQ3OSQyNjE0ODEjNzEjJDEjJDgjJDgz,서울중앙요양병원,요양병원,ok,10,
JDQ4MTg4MSM1MSMkMiMkMCMkMDAkMzgxMTkxIzIxIyQxIyQ5IyQ5OSQyNjEyMjIjODEjJDEjJDIjJDgz,강동아이비의원,의원,ok,5,
JDQ4MTg4MSM1MSMkMiMkMCMkMDAkMzgxMTkxIzIxIyQxIyQxIyQ2MiQ0NjE0ODEjODEjJDEjJDYjJDgz,㈜대한항공부속의원,의원,ok,2,
JDQ4MTg4MSM1MSMkMiMkMCMkMDAkMzgxMTkxIzMxIyQxIyQzIyQxMyQzNjE4MzIjNjEjJDEjJDgjJDgz,강이비인후과의원,의원,ok,1,
JDQ4MTg4MSM1MSMkMiMkMCMkMDAkMzgxMTkxIzQxIyQxIyQ3IyQ4OSQzNjEyMjIjNTEjJDEjJDIjJDgz,강미자산부인과의원,의원,ok,1,
JDQ4MTg4MSM1MSMkMiMkMCMkMDAkMzgxMTkxIzUxIyQxIyQxIyQ3MiQzNjE4MzIjNjEjJDEjJDgjJDgz,강서동남의원,의원,ok,2,
JDQ4MTg4MSM1MSMkMiMkMCMkMDAkMzgxNzAyIzExIyQxIyQ3IyQxMyQ0NjEwMDIjNTEjJDEjJDIjJDgz,강한피부과의원,의원,ok,2,
JDQ4MTg4MSM1MSMkMiMkMCMkMDAkMzgxNzAyIzExIyQxIyQ3IyQxMyQyNjEwMDIjNzEjJDEjJDgjJDgz,강북서울이비인후과의원,의원,ok,1,
JDQ4MTg4MSM1MSMkMiMkMCMkMDAkMzgxNzAyIzIxIyQxIyQ1IyQ4OSQyNjEyMjIjNDEjJDEjJDQjJDgz,강현수비뇨기과의원,의원,ok,2,
JDQ4MTg4MSM1MSMkMiMkMCMkMDAkMzgxNzAyIzIxIyQxIyQxIyQ2MiQ0NjE0ODEjNjEjJDEjJDAjJDgz,강비뇨기과의원,의원,ok,2,
JDQ4MTg4MSM1MSMkMiMkMCMkMDAkMzgxNzAyIzIxIyQxIyQxIyQ2MiQzNjEyMjIjODEjJDEjJDIjJDgz,(사)인구보건복지협회 서울지회 가족보건의원,의원,ok,7,
JDQ4MTg4MSM1MSMkMiMkMCMkMDAkMzgxNzAyIzQxIyQyIyQ3IyQwMCQzNjE4MzIjNDEjJDEjJDgjJDgz,Dr. 고 신경정신과의원,의원,ok,2,
JDQ4MTg4MSM1MSMkMiMkMCMkMDAkMzgxNzAyIzUxIyQxIyQ1IyQ5MiQzNjEyMjIjNjEjJDEjJDAjJDgz,강동고려의원,의원,ok,5,
JDQ4MTg4MSM1MSMkMiMkMCMkMDAkMzgxOTYxIzExIyQxIyQ3IyQ5MiQzNjE0ODEjNjEjJDEjJDgjJDgz,강남웰남성의원,의원,ok,2,
JDQ4MTg4MSM1MSMkMiMkMCMkMDAkMzgxOTYxIzQxIyQxIyQ3IyQ4OSQzNjEwMDIjODEjJDEjJDYjJDgz,강서비뇨기과의원,의원,ok,2,
JDQ4MTg4MSM1MSMkMiMkMCMkMDAkNDgxMTkxIzIxIyQxIyQ1IyQ4MiQyNjE0ODEjNjEjJDEjJDgjJDgz,강원석내과의원,의원,ok,6,
JDQ4MTg4MSM1MSMkMiMkMCMkMDAkNDgxMTkxIzIxIyQxIyQ5IyQ4MiQyNjE4MzIjNzEjJDEjJDgjJDgz,강정수이비인후과의원,의원,ok,1,
JDQ4MTg4MSM1MSMkMiMkMCMkMDAkNDgxMTkxIzIxIyQxIyQ5IyQ5MiQzNjE0ODEjNTEjJDEjJDIjJDgz,강서내과의원,의원,ok,2,
JDQ4MTg4MSM1MSMkMiMkMCMkMDAkNDgxMTkxIzIxIyQxIyQ5IyQ5OSQzNjE0ODEjNjEjJDEjJDgjJDgz,강남영상의학과의원,의원,ok,1,
JDQ4MTg4MSM1MSMkMiMkMCMkMDAkNDgxMTkxIzIxIyQxIyQxIyQ3OSQzNjEyMjIjNjEjJDEjJDQjJDgz,가톨릭성모의원,의원,ok,4,
JDQ4MTg4MSM1MSMkMiMkMCMkMDAkNDgxMTkxIzIxIyQyIyQ5IyQwMCQzNjEwMDIjNDEjJDEjJDgjJDgz,강남12의원,의원,ok,2,
JDQ4MTg4MSM1MSMkMiMkMCMkMDAkNDgxMTkxIzIxIyQyIyQ5IyQwMCQzNjEyMjIjNDEjJDEjJDQjJDgz,강덕내과의원,의원,ok,2,
JDQ4MTg4MSM1MSMkMiMkMCMkMDAkNDgxMTkxIzIxIyQyIyQxIyQwMCQzNjE0ODEjNDEjJDEjJDgjJDgz,강안과의원,의원,ok,1,
JDQ4MTg4MSM1MSMkMiMkMCMkMDAkNDgxMTkxIzMxIyQxIyQzIyQ5OSQzNjEwMDIjNDEjJDEjJDgjJDgz,가톨릭정형외과의원,의원,ok,4,
JDQ4MTg4MSM1MSMkMiMkMCMkMDAkNDgxMTkxIzMxIyQxIyQzIyQwMyQyNjEyMjIjNDEjJDEjJDQjJDgz,강남정신과의원,의원,ok,2,
JDQ4MTg4MSM1MSMkMiMkMCMkMDAkNDgxMTkxIzMxIyQxIyQzIyQwMyQzNjE0ODEjNjEjJDEjJDgjJDgz,강신삼신경정신과의원,의원,ok,2,
JDQ4MTg4MSM1MSMkMiMkMCMkMDAkNDgxMTkxIzMxIyQyIyQzIyQwMCQ0NjE0ODEjNTEjJDEjJDIjJDgz,강소아과의원,의원,ok,4,
JDQ4MTg4MSM1MSMkMiMkMCMkMDAkNDgxMTkxIzQxIyQxIyQ3IyQ4OSQyNjE0ODEjNjEjJDEjJDQjJDgz,강석경소아과의원,의원,ok,1,
JDQ4MTg4MSM1MSMkMiMkMCMkMDAkNDgxMTkxIzUxIyQxIyQ1IyQ5OSQyNjE4MzIjNDEjJDEjJDQjJDgz,강동정신건강의학과의원,의원,ok,2,
JDQ4MTg4MSM1MSMkMiMkMCMkMDAkNDgxMTkxIzUxIyQxIyQxIyQ4OSQ0NjE0ODEjNzEjJDEjJDgjJDgz,강호경내과의원,의원,ok,3,
JDQ4MTg4MSM1MSMkMiMkMCMkMDAkNDgxMzUxIzIxIyQxIyQ5IyQxMyQzNjE0ODEjNjEjJDEjJDgjJDgz,강내과의원,의원,ok,8,
JDQ4MTg4MSM1MSMkMiMkMCMkMDAkNDgxMzUxIzIxIyQxIyQxIyQ5MiQzNjEwMDIjNzEjJDEjJDgjJDgz,(사)한국한센복지협회서울특별시지부부설의원,의원,ok,5,
JDQ4MTg4MSM1MSMkMiMkMCMkMDAkNDgxMzUxIzMxIyQxIyQ3IyQ4OSQyNjEyMjIjNjEjJDEjJDAjJDgz,가락성모의원,의원,ok,1,
JDQ4MTg4MSM1MSMkMiMkMCMkMDAkNDgxMzUxIzQxIyQxIyQ3IyQ4OSQzNjEwMDIjNjEjJDEjJDQjJDgz,가든안과의원,의원,ok,1,
JDQ4MTg4MSM1MSMkMiMkMCMkMDAkNDgxMzUxIzQxIyQxIyQ3IyQxMyQzNjEyMjIjNDEjJDEjJDgjJDgz,강내과의원,의원,ok,1,
JDQ4MTg4MSM1MSMkMiMkMCMkMDAkNDgxMzUxIzUxIyQxIyQ1IyQ5MiQ0NjE0ODEjNjEjJDEjJDgjJDgz,가든비뇨기과의원,의원,ok,1,
JDQ4MTg4MSM1MSMkMiMkMCMkMDAkNDgxMzUxIzUxIyQxIyQ1IyQ5OSQzNjE4MzIjNDEjJDEjJDgjJDgz,강남미켈란의원,의원,ok,3,
JDQ4MTg4MSM1MSMkMiMkMCMkMDAkNDgxMzUxIzUxIyQxIyQxIyQ5MiQyNjEwMDIjNTEjJDEjJDIjJDgz,가든이비인후과의원,의원,ok,1,
JDQ4MTg4MSM1MSMkMiMkMCMkMDAkNDgxNzAyIzExIyQxIyQzIyQ4OSQyNjEyMjIjNTEjJDEjJDIjJDgz,(재)이랜드재단 이랜드의원,의원,ok,10,
JDQ4MTg4MSM1MSMkMiMkMCMkMDAkNDgxNzAyIzExIyQxIyQzIyQ5OSQyNjE0ODEjNTEjJDEjJDYjJDgz,강남재활의학과의원,의원,ok,1,
JDQ4MTg4MSM1MSMkMiMkMCMkMDAkNDgxNzAyIzExIyQxIyQzIyQ5OSQzNjE0ODEjNjEjJDEjJDgjJDgz,강남하트스캔의원,의원,ok,7,
JDQ4MTg4MSM1MSMkMiMkMCMkMDAkNDgxNzAyIzIxIyQxIyQ1IyQxMyQyNjEwMDIjNDEjJDEjJDgjJDgz,WE(더블유이)의원,의원,ok,2,
JDQ4MTg4MSM1MSMkMiMkMCMkMDAkNDgxNzAyIzIxIyQxIyQ5IyQ4OSQyNjE4MzIjNjEjJDEjJDgjJDgz,강남푸른정형외과의원,의원,ok,6,
JDQ4MTg4MSM1MSMkMiMkMCMkMDAkNDgxNzAyIzIxIyQxIyQxIyQ3MiQ0NjEwMDIjNDEjJDEjJDgjJDgz,건강한성심의원,의원,ok,10,
JDQ4MTg4MSM1MSMkMiMkMCMkMDAkNDgxNzAyIzIxIyQxIyQxIyQ3OSQyNjE4MzIjNjEjJDEjJDgjJDgz,LBO의원,의원,ok,4,
JDQ4MTg4MSM1MSMkMiMkMCMkMDAkNDgxNzAyIzIxIyQxIyQxIyQ4OSQzNjE4MzIjNjEjJDEjJDgjJDgz,(의)일맥의료재단 강동더서울의원,의원,ok,7,
JDQ4MTg4MSM1MSMkMiMkMCMkMDAkNDgxNzAyIzIxIyQxIyQxIyQxMyQzNjEwMDIjODEjJDEjJDIjJDgz,(재)한국의학연구소한국중부의원,의원,ok,6,
JDQ4MTg4MSM1MSMkMiMkMCMkMDAkNDgxNzAyIzMxIyQxIyQ3IyQ3MiQ0NjEwMDIjNzEjJDEjJDgjJDgz,강창원내과의원,의원,ok,7,
JDQ4MTg4MSM1MSMkMiMkMCMkMDAkNDgxNzAyIzMxIyQxIyQ3IyQ3MiQzNjE0ODEjNjEjJDEjJDgjJDgz,강서성모내과의원,의원,ok,4,
JDQ4MTg4MSM1MSMkMiMkMCMkMDAkNDgxNzAyIzMxIyQxIyQzIyQ3OSQzNjE4MzIjODEjJDEjJDIjJDgz,D&A(디앤에이)성형외과의원,의원,ok,1,
JDQ4MTg4MSM1MSMkMiMkMCMkMDAkNDgxNzAyIzQxIyQxIyQ3IyQ3MiQ0NjEwMDIjNTEjJDEjJDYjJDgz,1신건우 이비인후과의원,의원,ok,3,
JDQ4MTg4MSM1MSMkMiMkMCMkMDAkNDgxNzAyIzUxIyQxIyQ1IyQwMyQyNjE4MzIjODEjJDEjJDYjJDgz,강동성신의원,의원,ok,4,
JDQ4MTg4MSM1MSMkMiMkMCMkMDAkNDgxNzAyIzUxIyQxIyQ1IyQwMyQzNjEwMDIjNjEjJDEjJDQjJDgz,강남유로비뇨의학과의원,의원,ok,1,
JDQ4MTg4MSM1MSMkMiMkMCMkMDAkNDgxNzAyIzUxIyQxIyQxIyQ4OSQ0NjEwMDIjNDEjJDEjJDgjJDgz,강서중앙의원,의원,ok,6,
JDQ4MTg4MSM1MSMkMiMkMCMkMDAkNDgxNzAyIzUxIyQxIyQxIyQ4OSQyNjE4MzIjNDEjJDEjJDgjJDgz,가든내과의원,의원,ok,7,
JDQ4MTg4MSM1MSMkMiMkMCMkMDAkNDgxOTYxIzExIyQxIyQ3IyQ4MiQyNjE4MzIjNTEjJDEjJDIjJDgz,강준구내과의원,의원,ok,4,
JDQ4MTg4MSM1MSMkMiMkMCMkMDAkNDgxOTYxIzExIyQxIyQ3IyQ5OSQzNjEwMDIjNDEjJDEjJDQjJDgz,(주)하나은행부속의원,의원,ok,2,
JDQ4MTg4MSM1MSMkMiMkMCMkMDAkNDgxOTYxIzExIyQxIyQzIyQ5MiQzNjEyMjIjODEjJDEjJDIjJDgz,강남의원,의원,ok,4,
JDQ4MTg4MSM1MSMkMiMkMCMkMDAkNDgxOTYxIzExIyQxIyQzIyQ5OSQyNjE4MzIjNzEjJDEjJDgjJDgz,가족건강의원,의원,ok,4,
JDQ4MTg4MSM1MSMkMiMkMCMkMDAkNDgxOTYxIzMxIyQxIyQ3IyQ4OSQyNjE4MzIjODEjJDEjJDIjJDgz,강일태이비인후과의원,의원,ok,1,
JDQ4MTg4MSM1MSMkMiMkMCMkMDAkNDgxOTYxIzUxIyQxIyQ1IyQxMyQyNjE4MzIjNjEjJDEjJDQjJDgz,365이화웃는세상의원,의원,ok,8,
JDQ4MTg4MSM1MSMkMiMkMCMkMDAkNDgxOTYxIzUxIyQxIyQxIyQxMyQzNjE0ODEjNzEjJDEjJDgjJDgz,(재)천주교서울대교구유지재단 전진상의원,의원,ok,15,
JDQ4MTg4MSM1MSMkMiMkMCMkMDAkNTgxMzUxIzExIyQxIyQ3IyQ3MiQyNjE4MzIjNDEjJDEjJDgjJDgz,강신경정신과의원,의원,ok,2,
JDQ4MTg4MSM1MSMkMiMkMCMkMDAkNTgxMzUxIzExIyQxIyQ3IyQ4MiQzNjEyMjIjNTEjJDEjJDYjJDgz,BJ 라임의원,의원,ok,7,
JDQ4MTg4MSM1MSMkMiMkMCMkMDAkNTgxMzUxIzExIyQxIyQzIyQ3OSQyNjE0ODEjNjEjJDEjJDAjJDgz,강성호내과의원,의원,ok,1,
JDQ4MTg4MSM1MSMkMiMkMCMkMDAkNTgxMzUxIzIxIyQyIyQ1IyQwMCQyNjE0ODEjNjEjJDEjJDQjJDgz,강동서울외과의원,의원,ok,2,
JDQ4MTg4MSM1MSMkMiMkMCMkMDAkNTgxMzUxIzMxIyQxIyQ3IyQ4OSQyNjEyMjIjNjEjJDEjJDgjJDgz,강봉수가정의학과의원,의원,ok,1,
JDQ4MTg4MSM1MSMkMiMkMCMkMDAkNTgxMzUxIzMxIyQxIyQ3IyQxMyQyNjEwMDIjNjEjJDEjJDgjJDgz,가톨릭정형외과의원,의원,ok,8,
JDQ4MTg4MSM1MSMkMiMkMCMkMDAkNTgxMzUxIzMxIyQxIyQzIyQ3MiQ0NjEwMDIjNjEjJDEjJDgjJDgz,강경훈소아과의원,의원,ok,1,
JDQ4MTg4MSM1MSMkMiMkMCMkMDAkNTgxMzUxIzMxIyQxIyQzIyQ4OSQyNjE0ODEjNTEjJDEjJDYjJDgz,강남제이비뇨기과의원,의원,ok,1,
JDQ4MTg4MSM1MSMkMiMkMCMkMDAkNTgxMzUxIzQxIyQxIyQ3IyQ3MiQyNjEwMDIjNTEjJDEjJDYjJDgz,4월31일성형외과의원,의원,ok,1,
JDQ4MTg4MSM1MSMkMiMkMCMkMDAkNTgxMzUxIzQxIyQxIyQ3IyQ5OSQzNjE4MzIjNDEjJDEjJDgjJDgz,강남우리집의원,의원,ok,4,
JDQ4MTg4MSM1MSMkMiMkMCMkMDAkNTgxMzUxIzUxIyQxIyQxIyQ4OSQyNjE0ODEjNTEjJDEjJDIjJDgz,개운정신건강의학과의원,의원,ok,1,
JDQ4MTg4MSM1MSMkMiMkMCMkMDAkNTgxMzUxIzUxIyQxIyQxIyQ5OSQyNjEyMjIjNjEjJDEjJDgjJDgz,강남아이메디안과의원,의원,ok,1,
JDQ4MTg4MSM1MSMkMiMkMCMkMDAkNTgxMzUxIzUxIyQxIyQxIyQxMyQyNjE4MzIjNjEjJDEjJDQjJDgz,강남연세신통의원,의원,ok,1,
JDQ4MTg4MSM1MSMkMiMkMCMkMDAkNTgxOTYxIzExIyQxIyQ3IyQ2MiQzNjE4MzIjNTEjJDEjJDIjJDgz,강가정의학과의원,의원,ok,8,
JDQ4MTg4MSM1MSMkMiMkMCMkMDAkNTgxOTYxIzExIyQxIyQ3IyQ5MiQzNjE0ODEjNDEjJDEjJDQjJDgz,강남연정신건강의학과의원,의원,ok,1,
JDQ4MTg4MSM1MSMkMiMkMCMkMDAkNTgxOTYxIzExIyQxIyQzIyQ5OSQ0NjEwMDIjODEjJDEjJDIjJDgz,(의)미래의료재단리드림의원,의원,ok,10,
JDQ4MTg4MSM1MSMkMiMkMCMkMDAkNTgxOTYxIzExIyQxIyQzIyQ5OSQyNjE4MzIjODEjJDEjJDYjJDgz,e-서울이비인후과의원,의원,ok,1,
JDQ4MTg4MSM1MSMkMiMkMCMkMDAkNTgxOTYxIzIxIyQxIyQ5IyQ3OSQzNjEyMjIjNjEjJDEjJDAjJDgz,강남연세재활의학과의원,의원,ok,17,
JDQ4MTg4MSM1MSMkMiMkMCMkMDAkNTgxOTYxIzIxIyQxIyQ5IyQ5MiQyNjE4MzIjNDEjJDEjJDgjJDgz,CNP차앤박피부과의원,의원,ok,1,
JDQ4MTg4MSM1MSMkMiMkMCMkMDAkNTgxOTYxIzIxIyQxIyQ5IyQ5OSQyNjE4MzIjNjEjJDEjJDAjJDgz,365열린의원,의원,ok,7,
JDQ4MTg4MSM1MSMkMiMkMCMkMDAkNTgxOTYxIzIxIyQxIyQ5IyQwMyQzNjE4MzIjNDEjJDEjJDgjJDgz,가족사랑의원,의원,ok,1,
JDQ4MTg4MSM1MSMkMiMkMCMkMDAkNTgxOTYxIzIxIyQxIyQxIyQ4OSQyNjE0ODEjNDEjJDEjJDQjJDgz,강남성원의원,의원,ok,1,
JDQ4MTg4MSM1MSMkMiMkMCMkMDAkNTgxOTYxIzIxIyQxIyQxIyQ5MiQyNjE0ODEjNTEjJDEjJDYjJDgz,가인성형외과의원,의원,ok,1,
JDQ4MTg4MSM1MSMkMiMkMCMkMDAkNTgxOTYxIzIxIyQyIyQ5IyQwMCQyNjE4MzIjNDEjJDEjJDgjJDgz,강북연세정형외과의원,의원,ok,5,
JDQ4MTg4MSM1MSMkMiMkMCMkMDAkNTgxOTYxIzMxIyQxIyQ3IyQ4MiQyNjEyMjIjODEjJDEjJDIjJDgz,강민모내과의원,의원,ok,1,
JDQ4MTg4MSM1MSMkMiMkMCMkMDAkNTgxOTYxIzMxIyQxIyQzIyQ4OSQyNjEyMjIjNjEjJDEjJDQjJDgz,(의) 열린의료재단 혜화열린의원,의원,ok,1,
JDQ4MTg4MSM1MSMkMiMkMCMkMDAkNTgxOTYxIzMxIyQxIyQzIyQ5MiQ0NjEwMDIjNjEjJDEjJDgjJDgz,가톨릭정형외과의원,의원,ok,13,
JDQ4MTg4MSM1MSMkMiMkMCMkMDAkNTgxOTYxIzMxIyQxIyQzIyQ5OSQyNjEyMjIjNTEjJDEjJDIjJDgz,(의) 열린의료재단 강동열린의원,의원,ok,2,
JDQ4MTg4MSM1MSMkMiMkMCMkMDAkNTgxOTYxIzMxIyQxIyQzIyQwMyQyNjE0ODEjNDEjJDEjJDQjJDgz,강가정의학과의원,의원,ok,5,
JDQ4MTg4MSM1MSMkMiMkMCMkMDAkNTgxOTYxIzUxIyQxIyQxIyQ3MiQyNjEwMDIjNjEjJDEjJDQjJDgz,강소아청소년과의원,의원,ok,3,
JDQ4MTg4MSM1MSMkMiMkMCMkMDAkNTgxOTYxIzUxIyQxIyQxIyQ3OSQzNjE0ODEjNTEjJDEjJDYjJDgz,강남밝은빛안과의원,의원,ok,1,
JDQ4MTg4MSM1MSMkMiMkMCMkMDAkNTgxOTYxIzUxIyQyIyQ1IyQwMCQzNjE0ODEjNDEjJDEjJDgjJDgz,강북서울외과의원,의원,ok,8,
JDQ4MTg4MSM1MSMkMiMkNCMkMDAkMzgxMTkxIzExIyQxIyQ3IyQ3MiQzNjE4MzIjNjEjJDEjJDQjJDgz,강남예일미의원,의원,ok,1,
JDQ4MTg4MSM1MSMkMiMkNCMkMDAkMzgxMTkxIzExIyQyIyQ3IyQwMCQzNjE0ODEjNjEjJDEjJDgjJDgz,강남연세흉부외과의원,의원,ok,1,
JDQ4MTg4MSM1MSMkMiMkNCMkMDAkMzgxMTkxIzExIyQyIyQzIyQwMCQyNjE0ODEjNzEjJDEjJDgjJDgz,건강제일의원,의원,ok,1,
JDQ4MTg4MSM1MSMkMiMkNCMkMDAkMzgxMTkxIzExIyQyIyQzIyQwMCQzNjE4MzIjNjEjJDEjJDAjJDgz,강남세란의원,의원,ok,3,
JDQ4MTg4MSM1MSMkMiMkNCMkMDAkMzgxMTkxIzIxIyQxIyQ1IyQ3OSQ0NjE0ODEjNDEjJDEjJDQjJDgz,건강드림내과의원,의원,ok,4,
JDQ4MTg4MSM1MSMkMiMkNCMkMDAkMzgxMTkxIzIxIyQxIyQ1IyQ3OSQ0NjEwMDIjODEjJDEjJDIjJDgz,강남서울안과의원,의원,ok,1,
JDQ4MTg4MSM1MSMkMiMkNCMkMDAkMzgxMTkxIzIxIyQxIyQ1IyQ5OSQzNjEwMDIjNDEjJDEjJDQjJDgz,OLE(올래)성형외과의원,의원,ok,1,
JDQ4MTg4MSM1MSMkMiMkNCMkMDAkMzgxMTkxIzIxIyQxIyQ5IyQ3OSQzNjE4MzIjODEjJDEjJDIjJDgz,강동우성의원,의원,ok,3,
JDQ4MTg4MSM1MSMkMiMkNCMkMDAkMzgxMTkxIzIxIyQxIyQ5IyQ5OSQzNjE0ODEjODEjJDEjJDIjJDgz,강북삼성의원,의원,ok,7,
JDQ4MTg4MSM1MSMkMiMkNCMkMDAkMzgxMTkxIzIxIyQxIyQxIyQ4MiQyNjE4MzIjNjEjJDEjJDgjJDgz,CL성형외과의원,의원,ok,10,
JDQ4MTg4MSM1MSMkMiMkNCMkMDAkMzgxMTkxIzIxIyQxIyQxIyQ4OSQyNjE4MzIjNDEjJDEjJDQjJDgz,강남연세우노비뇨기과의원,의원,ok,1,
JDQ4MTg4MSM1MSMkMiMkNCMkMDAkMzgxMTkxIzMxIyQxIyQ3IyQwMyQ0NjE0ODEjNzEjJDEjJDgjJDgz,365대림정형외과의원,의원,ok,5,
JDQ4MTg4MSM1MSMkMiMkNCMkMDAkMzgxMTkxIzMxIyQxIyQ3IyQxMyQzNjEwMDIjNDEjJDEjJDQjJDgz,가톨릭권정형외과의원,의원,ok,25,
JDQ4MTg4MSM1MSMkMiMkNCMkMDAkMzgxMTkxIzQxIyQxIyQ3IyQ3MiQzNjE4MzIjNTEjJDEjJDYjJDgz,강남고운세상피부과의원,의원,ok,1,
JDQ4MTg4MSM1MSMkMiMkNCMkMDAkMzgxMTkxIzQxIyQxIyQ3IyQ3MiQzNjEyMjIjNjEjJDEjJDQjJDgz,365엠씨의원,의원,ok,2,
JDQ4MTg4MSM1MSMkMiMkNCMkMDAkMzgxMTkxIzQxIyQxIyQ3IyQ4OSQ0NjE0ODEjNTEjJDEjJDIjJDgz,강피부과의원,의원,ok,4,
JDQ4MTg4MSM1MSMkMiMkNCMkMDAkMzgxMTkxIzUxIyQxIyQ1IyQ3MiQyNjEyMjIjNjEjJDEjJDQjJDgz,SK우리들정형외과의원,의원,ok,3,
JDQ4MTg4MSM1MSMkMiMkNCMkMDAkMzgxMTkxIzUxIyQxIyQ1IyQ3MiQzNjEwMDIjNDEjJDEjJDQjJDgz,YK(와이케이)안과의원,의원,ok,1,
JDQ4MTg4MSM1MSMkMiMkNCMkMDAkMzgxMTkxIzUxIyQxIyQ1IyQ3OSQyNjEwMDIjNDEjJDEjJDgjJDgz,강남삼성성형외과의원,의원,ok,2,
JDQ4MTg4MSM1MSMkMiMkNCMkMDAkMzgxMTkxIzUxIyQxIyQ1IyQ4MiQyNjE4MzIjNDEjJDEjJDgjJDgz,DMC수색신경외과의원,의원,ok,7,
JDQ4MTg4MSM1MSMkMiMkNCMkMDAkMzgxMTkxIzUxIyQxIyQxIyQ3MiQzNjEyMjIjNDEjJDEjJDgjJDgz,강남셀리팅의원,의원,ok,3,
JDQ4MTg4MSM1MSMkMiMkNCMkMDAkMzgxMTkxIzUxIyQxIyQxIyQ3OSQyNjEwMDIjNjEjJDEjJDAjJDgz,강서정형외과의원,의원,ok,8,
JDQ4MTg4MSM1MSMkMiMkNCMkMDAkMzgxMTkxIzUxIyQxIyQxIyQ4OSQzNjEyMjIjNTEjJDEjJDIjJDgz,강북서울외과의원,의원,ok,2,
JDQ4MTg4MSM1MSMkMiMkNCMkMDAkMzgxMTkxIzUxIyQxIyQxIyQ5MiQ0NjE0ODEjNTEjJDEjJDIjJDgz,강남조앤조내과소아과의원,의원,ok,4,
JDQ4MTg4MSM1MSMkMiMkNCMkMDAkMzgxMTkxIzUxIyQxIyQxIyQ5OSQzNjE0ODEjNTEjJDEjJDYjJDgz,365MC의원,의원,ok,1,
JDQ4MTg4MSM1MSMkMiMkNCMkMDAkMzgxMzUxIzExIyQxIyQzIyQ3OSQzNjEyMjIjNTEjJDEjJDYjJDgz,SNU하안과의원,의원,ok,1,
JDQ4MTg4MSM1MSMkMiMkNCMkMDAkMzgxMzUxIzExIyQxIyQzIyQ4MiQ0NjEwMDIjNDEjJDEjJDgjJDgz,강동서울정형외과의원,의원,ok,5,
JDQ4MTg4MSM1MSMkMiMkNCMkMDAkMzgxMzUxIzExIyQxIyQzIyQ4MiQyNjE0ODEjODEjJDEjJDIjJDgz,가나이비인후과의원,의원,ok,1,
JDQ4MTg4MSM1MSMkMiMkNCMkMDAkMzgxMzUxIzExIyQxIyQzIyQwMyQzNjE0ODEjNjEjJDEjJDQjJDgz,21세기영상의학과의원,의원,ok,1,
JDQ4MTg4MSM1MSMkMiMkNCMkMDAkMzgxMzUxIzIxIyQxIyQ1IyQ2MiQ0NjEwMDIjNjEjJDEjJDgjJDgz,강남의원,의원,ok,5,
JDQ4MTg4MSM1MSMkMiMkNCMkMDAkMzgxMzUxIzIxIyQxIyQ1IyQ2MiQyNjEwMDIjNDEjJDEjJDgjJDgz,강동고려가정의원,의원,ok,4,
JDQ4MTg4MSM1MSMkMiMkNCMkMDAkMzgxMzUxIzIxIyQxIyQ1IyQ3MiQzNjE0ODEjNTEjJDEjJDIjJDgz,(의)열린의료재단 강남열린의원,의원,ok,1,
JDQ4MTg4MSM1MSMkMiMkNCMkMDAkMzgxMzUxIzIxIyQxIyQ1IyQxMyQzNjE0ODEjNDEjJDEjJDgjJDgz,강북연세이비인후과의원,의원,ok,4,
JDQ4MTg4MSM1MSMkMiMkNCMkMDAkMzgxMzUxIzIxIyQyIyQxIyQwMCQzNjE4MzIjNjEjJDEjJDgjJDgz,강남우태하피부과의원,의원,ok,1,
JDQ4MTg4MSM1MSMkMiMkNCMkMDAkMzgxMzUxIzMxIyQxIyQ3IyQ2MiQzNjE4MzIjODEjJDEjJDYjJDgz,강재활의학과닥터포유의원,의원,ok,10,
JDQ4MTg4MSM1MSMkMiMkNCMkMDAkMzgxMzUxIzMxIyQxIyQ3IyQ4MiQyNjEyMjIjNTEjJDEjJDIjJDgz,강서신경외과의원,의원,ok,7,
JDQ4MTg4MSM1MSMkMiMkNCMkMDAkMzgxMzUxIzMxIyQxIyQzIyQ2MiQyNjEwMDIjNTEjJDEjJDYjJDgz,강북이지함피부과의원,의원,ok,1,
JDQ4MTg4MSM1MSMkMiMkNCMkMDAkMzgxMzUxIzMxIyQyIyQ3IyQwMCQyNjE0ODEjNjEjJDEjJDAjJDgz,강동연세이비인후과의원,의원,ok,1,
JDQ4MTg4MSM1MSMkMiMkNCMkMDAkMzgxMzUxIzQxIyQxIyQ3IyQ3MiQzNjE0ODEjODEjJDEjJDIjJDgz,강남준성형외과의원,의원,ok,2,
JDQ4MTg4MSM1MSMkMiMkNCMkMDAkMzgxMzUxIzQxIyQxIyQ3IyQ5OSQyNjEyMjIjNDEjJDEjJDQjJDgz,강남베스트성모안과의원,의원,ok,1,
JDQ4MTg4MSM1MSMkMiMkNCMkMDAkMzgxMzUxIzQxIyQxIyQ3IyQxMyQyNjEwMDIjNTEjJDEjJDIjJDgz,강남성모내과의원,의원,ok,13,
JDQ4MTg4MSM1MSMkMiMkNCMkMDAkMzgxMzUxIzUxIyQxIyQ1IyQ4MiQyNjE0ODEjNjEjJDEjJDQjJDgz,감사원의무실부속의원,의원,ok,1,
JDQ4MTg4MSM1MSMkMiMkNCMkMDAkMzgxMzUxIzUxIyQyIyQxIyQwMCQzNjEyMjIjNjEjJDEjJDgjJDgz,강서제일의원,의원,ok,5,
JDQ4MTg4MSM1MSMkMiMkNCMkMDAkMzgxNzAyIzIxIyQxIyQ1IyQ2MiQ0NjE0ODEjNjEjJDEjJDAjJDgz,365연세의원,의원,ok,12,
JDQ4MTg4MSM1MSMkMiMkNCMkMDAkMzgxNzAyIzIxIyQxIyQ1IyQ2MiQyNjE4MzIjNTEjJDEjJDYjJDgz,강북송도외과의원,의원,ok,1,
JDQ4MTg4MSM1MSMkMiMkNCMkMDAkMzgxNzAyIzIxIyQxIyQ1IyQ4MiQzNjEwMDIjNjEjJDEjJDAjJDgz,DR.문이비인후과의원,의원,ok,4,
JDQ4MTg4MSM1MSMkMiMkNCMkMDAkMzgxNzAyIzIxIyQxIyQ1IyQxMyQzNjEwMDIjNjEjJDEjJDgjJDgz,BLS(비엘에스)의원,의원,ok,4,
JDQ4MTg4MSM1MSMkMiMkNCMkMDAkMzgxNzAyIzIxIyQxIyQ5IyQ3MiQyNjE4MzIjNzEjJDEjJDgjJDgz,10년전당신의오늘의원,의원,ok,2,
JDQ4MTg4MSM1MSMkMiMkNCMkMDAkMzgxNzAyIzIxIyQxIyQ5IyQ3MiQyNjEyMjIjODEjJDEjJDYjJDgz,가족사랑정신과의원,의원,ok,1,
JDQ4MTg4MSM1MSMkMiMkNCMkMDAkMzgxNzAyIzIxIyQxIyQ5IyQ5OSQzNjE4MzIjODEjJDEjJDIjJDgz,가람내과의원,의원,ok,4,
JDQ4MTg4MSM1MSMkMiMkNCMkMDAkMzgxNzAyIzIxIyQxIyQxIyQ2MiQ0NjE0ODEjODEjJDEjJDIjJDgz,가암성형외과의원,의원,ok,1,
JDQ4MTg4MSM1MSMkMiMkNCMkMDAkMzgxNzAyIzIxIyQxIyQxIyQ4MiQyNjE0ODEjNzEjJDEjJDgjJDgz,강남밝은명안과의원,의원,ok,1,
JDQ4MTg4MSM1MSMkMiMkNCMkMDAkMzgxNzAyIzIxIyQxIyQxIyQ5MiQ0NjEwMDIjODEjJDEjJDIjJDgz,강동연세내과의원,의원,ok,9,
JDQ4MTg4MSM1MSMkMiMkNCMkMDAkMzgxNzAyIzIxIyQxIyQxIyQ5OSQzNjEwMDIjODEjJDEjJDYjJDgz,강남조은눈안과의원,의원,ok,2,
JDQ4MTg4MSM1MSMkMiMkNCMkMDAkMzgxNzAyIzMxIyQxIyQ3IyQ2MiQ0NjEwMDIjNDEjJDEjJDgjJDgz,(의)열린의료재단 예인의원,의원,ok,1,
JDQ4MTg4MSM1MSMkMiMkNCMkMDAkMzgxNzAyIzMxIyQxIyQ3IyQ2MiQyNjE4MzIjNTEjJDEjJDIjJDgz,365더튼튼의원,의원,ok,7,
JDQ4MTg4MSM1MSMkMiMkNCMkMDAkMzgxNzAyIzMxIyQxIyQ3IyQ3MiQzNjE0ODEjODEjJDEjJDIjJDgz,365엠씨람스의원,의원,ok,1,
JDQ4MTg4MSM1MSMkMiMkNCMkMDAkMzgxNzAyIzMxIyQxIyQzIyQ2MiQzNjE0ODEjNjEjJDEjJDAjJDgz,강남성모안과의원,의원,ok,1,
JDQ4MTg4MSM1MSMkMiMkNCMkMDAkMzgxNzAyIzMxIyQxIyQzIyQ3MiQyNjE0ODEjODEjJDEjJDYjJDgz,강남서울밝은안과의원,의원,ok,1,
JDQ4MTg4MSM1MSMkMiMkNCMkMDAkMzgxNzAyIzMxIyQxIyQzIyQ4OSQyNjE4MzIjNjEjJDEjJDAjJDgz,강서한빛의원,의원,ok,5,
JDQ4MTg4MSM1MSMkMiMkNCMkMDAkMzgxNzAyIzMxIyQxIyQzIyQ5OSQzNjEwMDIjODEjJDEjJDIjJDgz,365코이의원,의원,ok,5,
JDQ4MTg4MSM1MSMkMiMkNCMkMDAkMzgxNzAyIzQxIyQxIyQ3IyQ2MiQ0NjEwMDIjODEjJDEjJDIjJDgz,강동하나이비인후과의원,의원,ok,1,
JDQ4MTg4MSM1MSMkMiMkNCMkMDAkMzgxNzAyIzUxIyQxIyQ1IyQ4MiQyNjEyMjIjODEjJDEjJDIjJDgz,강남산소의원,의원,ok,2,
JDQ4MTg4MSM1MSMkMiMkNCMkMDAkMzgxNzAyIzUxIyQxIyQ1IyQxMyQzNjEwMDIjNjEjJDEjJDAjJDgz,강남연세소아과의원,의원,ok,5,
JDQ4MTg4MSM1MSMkMiMkNCMkMDAkMzgxNzAyIzUxIyQxIyQxIyQ3MiQyNjE4MzIjNTEjJDEjJDIjJDgz,강남수재활의학과의원,의원,ok,2,
JDQ4MTg4MSM1MSMkMiMkNCMkMDAkMzgxNzAyIzUxIyQxIyQxIyQ4MiQ0NjE0ODEjNDEjJDEjJDgjJDgz,365서울연합의원,의원,ok,5,
JDQ4MTg4MSM1MSMkMiMkNCMkMDAkMzgxNzAyIzUxIyQxIyQxIyQ4MiQzNjE0ODEjODEjJDEjJDIjJDgz,(의) 열린의료재단 동대문열린의원,의원,ok,5,
JDQ4MTg4MSM1MSMkMiMkNCMkMDAkMzgxNzAyIzUxIyQxIyQxIyQ4MiQzNjE4MzIjNTEjJDEjJDIjJDgz,365엠씨(mc)의원,의원,ok,1,
JDQ4MTg4MSM1MSMkMiMkNCMkMDAkMzgxNzAyIzUxIyQxIyQxIyQ4OSQyNjEwMDIjNzEjJDEjJDgjJDgz,강피부과의원,의원,ok,1,
JDQ4MTg4MSM1MSMkMiMkNCMkMDAkMzgxNzAyIzUxIyQxIyQxIyQxMyQyNjEyMjIjNTEjJDEjJDYjJDgz,가족애내과의원,의원,ok,2,
JDQ4MTg4MSM1MSMkMiMkNCMkMDAkMzgxOTYxIzExIyQxIyQ3IyQ2MiQzNjE4MzIjNTEjJDEjJDIjJDgz,강남포도여성의원,의원,ok,3,
JDQ4MTg4MSM1MSMkMiMkNCMkMDAkMzgxOTYxIzExIyQxIyQ3IyQ4MiQzNjE4MzIjNzEjJDEjJDgjJDgz,강지혜소아청소년과의원,의원,ok,5,
JDQ4MTg4MSM1MSMkMiMkNCMkMDAkMzgxOTYxIzExIyQxIyQzIyQ4MiQzNjE0ODEjNjEjJDEjJDgjJDgz,강북밝은안과의원,의원,ok,1,
JDQ4MTg4MSM1MSMkMiMkNCMkMDAkMzgxOTYxIzExIyQxIyQzIyQ5OSQ0NjE0ODEjNDEjJDEjJDQjJDgz,강북제일외과의원,의원,ok,11,
JDQ4MTg4MSM1MSMkMiMkNCMkMDAkMzgxOTYxIzIxIyQxIyQ1IyQwMyQzNjEwMDIjODEjJDEjJDIjJDgz,건강세상의원,의원,ok,7,
JDQ4MTg4MSM1MSMkMiMkNCMkMDAkMzgxOTYxIzIxIyQxIyQ5IyQ4OSQ0NjE0ODEjODEjJDEjJDIjJDgz,강남로미모의원,의원,ok,2,
JDQ4MTg4MSM1MSMkMiMkNCMkMDAkMzgxOTYxIzIxIyQxIyQ5IyQ4OSQ0NjEwMDIjNjEjJDEjJDgjJDgz,강동내과의원,의원,ok,2,
JDQ4MTg4MSM1MSMkMiMkNCMkMDAkMzgxOTYxIzIxIyQxIyQxIyQ3OSQzNjE4MzIjNDEjJDEjJDQjJDgz,가족사랑서울정신건강의학과의원,의원,ok,2,
JDQ4MTg4MSM1MSMkMiMkNCMkMDAkMzgxOTYxIzIxIyQxIyQxIyQ4OSQ0NjEwMDIjNTEjJDEjJDYjJDgz,강동신경외과의원,의원,ok,11,
JDQ4MTg4MSM1MSMkMiMkNCMkMDAkMzgxOTYxIzIxIyQxIyQxIyQ5OSQyNjEyMjIjNTEjJDEjJDYjJDgz,강북서울의원,의원,ok,10,
JDQ4MTg4MSM1MSMkMiMkNCMkMDAkMzgxOTYxIzIxIyQyIyQxIyQwMCQyNjE0ODEjNjEjJDEjJDAjJDgz,강남이오스안과의원,의원,ok,1,
JDQ4MTg4MSM1MSMkMiMkNCMkMDAkMzgxOTYxIzMxIyQxIyQ3IyQ4OSQyNjE4MzIjNDEjJDEjJDQjJDgz,강남항외과의원,의원,ok,14,
JDQ4MTg4MSM1MSMkMiMkNCMkMDAkMzgxOTYxIzMxIyQxIyQzIyQ4MiQyNjEwMDIjNTEjJDEjJDYjJDgz,(의)성광의료재단차움건진의원,의원,ok,4,
JDQ4MTg4MSM1MSMkMiMkNCMkMDAkMzgxOTYxIzMxIyQxIyQzIyQ5OSQyNjEwMDIjNjEjJDEjJDAjJDgz,365mc모인이비인후과의원,의원,ok,1,
JDQ4MTg4MSM1MSMkMiMkNCMkMDAkMzgxOTYxIzUxIyQxIyQxIyQ4OSQzNjE0ODEjNDEjJDEjJDgjJDgz,강남가드비뇨기과의원,의원,ok,3,
JDQ4MTg4MSM1MSMkMiMkNCMkMDAkNDgxMTkxIzExIyQxIyQ3IyQ2MiQyNjE4MzIjNzEjJDEjJDgjJDgz,(의) 열린의료재단 영등포열린의원,의원,ok,4,
JDQ4MTg4MSM1MSMkMiMkNCMkMDAkNDgxMTkxIzExIyQxIyQ3IyQ3OSQ0NjE0ODEjODEjJDEjJDYjJDgz,강남성모이비인후과의원,의원,ok,7,
JDQ4MTg4MSM1MSMkMiMkNCMkMDAkNDgxMTkxIzExIyQxIyQ3IyQ4MiQyNjEyMjIjNTEjJDEjJDYjJDgz,강남연세라인의원,의원,ok,2,
JDQ4MTg4MSM1MSMkMiMkNCMkMDAkNDgxMTkxIzExIyQxIyQ3IyQ4MiQzNjEyMjIjNjEjJDEjJDgjJDgz,365밝은안과의원,의원,ok,1,
JDQ4MTg4MSM1MSMkMiMkNCMkMDAkNDgxMTkxIzExIyQxIyQ3IyQ5MiQzNjE0ODEjNzEjJDEjJDgjJDgz,강남정신건강의학과의원,의원,ok,1,
JDQ4MTg4MSM1MSMkMiMkNCMkMDAkNDgxMTkxIzExIyQxIyQ3IyQwMyQyNjEwMDIjNDEjJDEjJDQjJDgz,365봄이비인후과의원,의원,ok,3,
JDQ4MTg4MSM1MSMkMiMkNCMkMDAkNDgxMTkxIzExIyQxIyQzIyQ2MiQzNjEwMDIjNzEjJDEjJDgjJDgz,(의) 열린의료재단 상봉열린의원,의원,ok,5,
JDQ4MTg4MSM1MSMkMiMkNCMkMDAkNDgxMTkxIzExIyQyIyQ3IyQwMCQyNjEyMjIjNDEjJDEjJDgjJDgz,(의) 열린의료재단 은평열린의원,의원,ok,1,
JDQ4MTg4MSM1MSMkMiMkNCMkMDAkNDgxMTkxIzExIyQyIyQ3IyQwMCQzNjEwMDIjNjEjJDEjJDgjJDgz,건강한 가정의학과의원,의원,ok,18,
JDQ4MTg4MSM1MSMkMiMkNCMkMDAkNDgxMTkxIzIxIyQxIyQ1IyQ2MiQyNjEwMDIjNTEjJDEjJDYjJDgz,24시열린의원,의원,ok,5,
JDQ4MTg4MSM1MSMkMiMkNCMkMDAkNDgxMTkxIzIxIyQxIyQ1IyQ4MiQ0NjEwMDIjNTEjJDEjJDYjJDgz,강한내과의원,의원,ok,3,
JDQ4MTg4MSM1MSMkMiMkNCMkMDAkNDgxMTkxIzIxIyQxIyQ1IyQ4OSQ0NjEwMDIjNzEjJDEjJDgjJDgz,강남이룸안과의원,의원,ok,1,
JDQ4MTg4MSM1MSMkMiMkNCMkMDAkNDgxMTkxIzIxIyQxIyQ1IyQ5MiQzNjE4MzIjNjEjJDEjJDAjJDgz,(스카이메디)연세건강증진내과의원,의원,ok,4,
JDQ4MTg4MSM1MSMkMiMkNCMkMDAkNDgxMTkxIzIxIyQxIyQ1IyQwMyQzNjE4MzIjNDEjJDEjJDgjJDgz,815의원,의원,ok,1,
JDQ4MTg4MSM1MSMkMiMkNCMkMDAkNDgxMTkxIzIxIyQxIyQ5IyQ4MiQzNjEwMDIjNzEjJDEjJDgjJDgz,강남초이스정형외과의원,의원,ok,6,
JDQ4MTg4MSM1MSMkMiMkNCMkMDAkNDgxMTkxIzIxIyQxIyQxIyQ3OSQ0NjE0ODEjNjEjJDEjJDQjJDgz,건강한내과의원,의원,ok,7,
JDQ4MTg4MSM1MSMkMiMkNCMkMDAkNDgxMTkxIzIxIyQxIyQxIyQ4OSQ0NjE0ODEjNTEjJDEjJDIjJDgz,SC제일산부인과의원,의원,ok,4,
JDQ4MTg4MSM1MSMkMiMkNCMkMDAkNDgxMTkxIzIxIyQxIyQxIyQxMyQyNjEyMjIjNDEjJDEjJDgjJDgz,강북보아스이비인후과의원,의원,ok,5,
JDQ4MTg4MSM1MSMkMiMkNCMkMDAkNDgxMTkxIzIxIyQxIyQxIyQxMyQzNjE0ODEjODEjJDEjJDIjJDgz,강남베스트내과의원,의원,ok,4,
JDQ4MTg4MSM1MSMkMiMkNCMkMDAkNDgxMTkxIzIxIyQyIyQ5IyQwMCQzNjEyMjIjNTEjJDEjJDYjJDgz,강남성모정형외과의원,의원,ok,11,
JDQ4MTg4MSM1MSMkMiMkNCMkMDAkNDgxMTkxIzMxIyQxIyQ3IyQ3MiQzNjEwMDIjNTEjJDEjJDIjJDgz,41타워안과의원,의원,ok,1,
JDQ4MTg4MSM1MSMkMiMkNCMkMDAkNDgxMTkxIzMxIyQxIyQ3IyQ3OSQyNjEwMDIjNTEjJDEjJDYjJDgz,강남리즈의료생활협동조합 강남리즈의원,의원,ok,4,
JDQ4MTg4MSM1MSMkMiMkNCMkMDAkNDgxMTkxIzMxIyQxIyQ3IyQxMyQzNjEyMjIjNDEjJDEjJDQjJDgz,강남365가정의학과의원,의원,ok,7,
JDQ4MTg4MSM1MSMkMiMkNCMkMDAkNDgxMTkxIzMxIyQxIyQzIyQ4OSQyNjE4MzIjNDEjJDEjJDgjJDgz,강서굿모닝이비인후과의원,의원,ok,1,
JDQ4MTg4MSM1MSMkMiMkNCMkMDAkNDgxMTkxIzMxIyQxIyQzIyQ5OSQ0NjE0ODEjODEjJDEjJDYjJDgz,365메디의원,의원,ok,4,
JDQ4MTg4MSM1MSMkMiMkNCMkMDAkNDgxMTkxIzMxIyQxIyQzIyQwMyQyNjEwMDIjNjEjJDEjJDQjJDgz,강남르셀의원,의원,ok,5,
JDQ4MTg4MSM1MSMkMiMkNCMkMDAkNDgxMTkxIzQxIyQxIyQ3IyQ5OSQyNjE0ODEjNjEjJDEjJDgjJDgz,24시열린의원,의원,ok,5,
JDQ4MTg4MSM1MSMkMiMkNCMkMDAkNDgxMTkxIzUxIyQxIyQ1IyQ2MiQyNjE0ODEjNTEjJDEjJDYjJDgz,강남아산재활의학과의원,의원,ok,1,
JDQ4MTg4MSM1MSMkMiMkNCMkMDAkNDgxMTkxIzUxIyQxIyQ1IyQ4MiQyNjE4MzIjNTEjJDEjJDIjJDgz,건강드림의원,의원,ok,8,
JDQ4MTg4MSM1MSMkMiMkNCMkMDAkNDgxMTkxIzUxIyQxIyQ1IyQ4OSQyNjE0ODEjNDEjJDEjJDgjJDgz,강남펜타힐의원,의원,ok,8,
JDQ4MTg4MSM1MSMkMiMkNCMkMDAkNDgxMTkxIzUxIyQxIyQ1IyQ4OSQzNjE0ODEjNjEjJDEjJDAjJDgz,강남삼성신경외과의원,의원,ok,4,
JDQ4MTg4MSM1MSMkMiMkNCMkMDAkNDgxMTkxIzUxIyQxIyQxIyQ4MiQyNjEyMjIjODEjJDEjJDIjJDgz,갤러리의원,의원,ok,1,
JDQ4MTg4MSM1MSMkMiMkNCMkMDAkNDgxMzUxIzExIyQxIyQ3IyQwMyQzNjE0ODEjNTEjJDEjJDYjJDgz,강동김안과의원,의원,ok,5,
JDQ4MTg4MSM1MSMkMiMkNCMkMDAkNDgxMzUxIzExIyQxIyQ3IyQxMyQzNjEyMjIjNzEjJDEjJDgjJDgz,강남훈내과의원,의원,ok,6,
JDQ4MTg4MSM1MSMkMiMkNCMkMDAkNDgxMzUxIzExIyQxIyQzIyQ3MiQzNjE4MzIjNDEjJDEjJDQjJDgz,(의)케이씨엘의료재단 한국의원,의원,ok,2,
JDQ4MTg4MSM1MSMkMiMkNCMkMDAkNDgxMzUxIzExIyQxIyQzIyQ4OSQyNjEwMDIjNDEjJDEjJDgjJDgz,강동서울의원,의원,ok,5,
JDQ4MTg4MSM1MSMkMiMkNCMkMDAkNDgxMzUxIzExIyQxIyQzIyQ4OSQyNjEyMjIjNDEjJDEjJDQjJDgz,123의원,의원,ok,2,
JDQ4MTg4MSM1MSMkMiMkNCMkMDAkNDgxMzUxIzExIyQxIyQzIyQxMyQzNjEwMDIjNTEjJDEjJDIjJDgz,가연관악산부인과의원,의원,ok,2,
JDQ4MTg4MSM1MSMkMiMkNCMkMDAkNDgxMzUxIzIxIyQxIyQ1IyQ3MiQ0NjEwMDIjNjEjJDEjJDQjJDgz,강동김내과의원,의원,ok,15,
JDQ4MTg4MSM1MSMkMiMkNCMkMDAkNDgxMzUxIzIxIyQxIyQ1IyQ4MiQzNjEwMDIjNDEjJDEjJDQjJDgz,가족사랑서울정신건강의학과의원,의원,ok,2,
JDQ4MTg4MSM1MSMkMiMkNCMkMDAkNDgxMzUxIzIxIyQxIyQ1IyQwMyQzNjE0ODEjNjEjJDEjJDgjJDgz,강남삼성정형외과의원,의원,ok,6,
JDQ4MTg4MSM1MSMkMiMkNCMkMDAkNDgxMzUxIzIxIyQxIyQ5IyQ4OSQzNjE0ODEjNDEjJDEjJDgjJDgz,강남안성형외과의원,의원,ok,2,
JDQ4MTg4MSM1MSMkMiMkNCMkMDAkNDgxMzUxIzIxIyQxIyQxIyQ5MiQzNjEwMDIjNDEjJDEjJDgjJDgz,강북연세내과의원,의원,ok,6,
JDQ4MTg4MSM1MSMkMiMkNCMkMDAkNDgxMzUxIzMxIyQxIyQ3IyQ3OSQ0NjEwMDIjODEjJDEjJDIjJDgz,가락한솔의원,의원,ok,10,
JDQ4MTg4MSM1MSMkMiMkNCMkMDAkNDgxMzUxIzMxIyQxIyQ3IyQ4MiQyNjEyMjIjNjEjJDEjJDAjJDgz,강동삼성안과의원,의원,ok,1,
JDQ4MTg4MSM1MSMkMiMkNCMkMDAkNDgxMzUxIzMxIyQxIyQ3IyQ4MiQzNjE4MzIjNjEjJDEjJDQjJDgz,365류마고내과의원,의원,ok,5,
JDQ4MTg4MSM1MSMkMiMkNCMkMDAkNDgxMzUxIzMxIyQxIyQ3IyQ5OSQyNjEwMDIjNzEjJDEjJDgjJDgz,365열린내과의원,의원,ok,10,
JDQ4MTg4MSM1MSMkMiMkNCMkMDAkNDgxMzUxIzMxIyQxIyQzIyQ4MiQ0NjE0ODEjNzEjJDEjJDgjJDgz,가야내과의원,의원,ok,1,
JDQ4MTg4MSM1MSMkMiMkNCMkMDAkNDgxMzUxIzMxIyQxIyQzIyQ4MiQzNjE4MzIjODEjJDEjJDYjJDgz,가야성모의원,의원,ok,5,
JDQ4MTg4MSM1MSMkMiMkNCMkMDAkNDgxMzUxIzMxIyQyIyQzIyQwMCQ0NjEwMDIjNTEjJDEjJDYjJDgz,강남송도외과의원,의원,ok,1,
JDQ4MTg4MSM1MSMkMiMkNCMkMDAkNDgxMzUxIzQxIyQxIyQ3IyQ3MiQyNjE0ODEjNzEjJDEjJDgjJDgz,건강미소내과의원,의원,ok,5,
JDQ4MTg4MSM1MSMkMiMkNCMkMDAkNDgxMzUxIzQxIyQxIyQ3IyQ4MiQzNjE0ODEjNzEjJDEjJDgjJDgz,강남킴스의원,의원,ok,6,
JDQ4MTg4MSM1MSMkMiMkNCMkMDAkNDgxMzUxIzQxIyQxIyQ3IyQ4OSQzNjE0ODEjNDEjJDEjJDgjJDgz,강상용내과의원,의원,ok,3,
JDQ4MTg4MSM1MSMkMiMkNCMkMDAkNDgxMzUxIzQxIyQxIyQ3IyQ5MiQyNjE0ODEjNDEjJDEjJDgjJDgz,강동굿모닝이비인후과의원,의원,ok,2,
JDQ4MTg4MSM1MSMkMiMkNCMkMDAkNDgxMzUxIzUxIyQxIyQ1IyQ4OSQzNjEyMjIjNDEjJDEjJDQjJDgz,강남맨포스비뇨기과의원,의원,ok,1,
JDQ4MTg4MSM1MSMkMiMkNCMkMDAkNDgxMzUxIzUxIyQxIyQxIyQ4OSQ0NjEwMDIjODEjJDEjJDIjJDgz,강남원의원,의원,ok,5,
JDQ4MTg4MSM1MSMkMiMkNCMkMDAkNDgxMzUxIzUxIyQxIyQxIyQ5OSQ0NjE0ODEjNzEjJDEjJDgjJDgz,(의)성광의료재단 차움의원,의원,ok,14,
JDQ4MTg4MSM1MSMkMiMkNCMkMDAkNDgxNzAyIzExIyQxIyQ3IyQ3MiQzNjEyMjIjNjEjJDEjJDAjJDgz,강남바른정형외과의원,의원,ok,1,
JDQ4MTg4MSM1MSMkMiMkNCMkMDAkNDgxNzAyIzExIyQxIyQ3IyQ5OSQyNjEyMjIjNDEjJDEjJDQjJDgz,365항외과의원,의원,ok,9,
JDQ4MTg4MSM1MSMkMiMkNCMkMDAkNDgxNzAyIzExIyQxIyQ3IyQwMyQyNjE0ODEjNzEjJDEjJDgjJDgz,건강한내과의원,의원,ok,1,
JDQ4MTg4MSM1MSMkMiMkNCMkMDAkNDgxNzAyIzExIyQxIyQ3IyQwMyQzNjE4MzIjNjEjJDEjJDAjJDgz,강남서연성형외과의원,의원,ok,2,
JDQ4MTg4MSM1MSMkMiMkNCMkMDAkNDgxNzAyIzExIyQxIyQzIyQ4OSQ0NjE0ODEjNjEjJDEjJDQjJDgz,건강한우리내과의원,의원,ok,5,
JDQ4MTg4MSM1MSMkMiMkNCMkMDAkNDgxNzAyIzExIyQxIyQzIyQ5MiQzNjEyMjIjNTEjJDEjJDIjJDgz,SKY서울가정의학과의원,의원,ok,1,
JDQ4MTg4MSM1MSMkMiMkNCMkMDAkNDgxNzAyIzExIyQxIyQzIyQwMyQyNjE4MzIjNjEjJDEjJDQjJDgz,365한국신통의원,의원,ok,21,
JDQ4MTg4MSM1MSMkMiMkNCMkMDAkNDgxNzAyIzIxIyQxIyQ1IyQ5MiQ0NjE0ODEjODEjJDEjJDIjJDgz,가야성모안과의원,의원,ok,1,
JDQ4MTg4MSM1MSMkMiMkNCMkMDAkNDgxNzAyIzIxIyQxIyQ5IyQ5MiQyNjE0ODEjODEjJDEjJDYjJDgz,가야소아청소년과의원,의원,ok,1,
JDQ4MTg4MSM1MSMkMiMkNCMkMDAkNDgxNzAyIzIxIyQxIyQxIyQ3MiQ0NjEwMDIjNjEjJDEjJDQjJDgz,111의원,의원,ok,2,
JDQ4MTg4MSM1MSMkMiMkNCMkMDAkNDgxNzAyIzIxIyQxIyQxIyQ3MiQyNjE0ODEjNDEjJDEjJDgjJDgz,90일의기적의원,의원,ok,2,
JDQ4MTg4MSM1MSMkMiMkNCMkMDAkNDgxNzAyIzIxIyQxIyQxIyQ4OSQzNjEwMDIjNTEjJDEjJDYjJDgz,365열린가정의학과의원,의원,ok,19,
JDQ4MTg4MSM1MSMkMiMkNCMkMDAkNDgxNzAyIzIxIyQxIyQxIyQwMyQyNjE0ODEjNTEjJDEjJDYjJDgz,(의)성광의료재단 차여성의원,의원,ok,6,
JDQ4MTg4MSM1MSMkMiMkNCMkMDAkNDgxNzAyIzIxIyQyIyQ5IyQwMCQzNjEwMDIjNDEjJDEjJDgjJDgz,강남연세이비인후과의원,의원,ok,1,
JDQ4MTg4MSM1MSMkMiMkNCMkMDAkNDgxNzAyIzMxIyQxIyQ3IyQ3MiQ0NjE0ODEjNTEjJDEjJDIjJDgz,강남본정형외과의원,의원,ok,7,
JDQ4MTg4MSM1MSMkMiMkNCMkMDAkNDgxNzAyIzMxIyQxIyQ3IyQ3OSQ0NjEwMDIjNjEjJDEjJDAjJDgz,강남헬스케어의원,의원,ok,1,
JDQ4MTg4MSM1MSMkMiMkNCMkMDAkNDgxNzAyIzMxIyQxIyQ3IyQ4OSQ0NjE0ODEjNTEjJDEjJDYjJDgz,(사)한국뇌전증협회로빈슨기념의원,의원,ok,2,
JDQ4MTg4MSM1MSMkMiMkNCMkMDAkNDgxNzAyIzQxIyQxIyQ3IyQ4OSQzNjEwMDIjNjEjJDEjJDQjJDgz,강인구내과의원,의원,ok,1,
JDQ4MTg4MSM1MSMkMiMkNCMkMDAkNDgxNzAyIzQxIyQxIyQ3IyQ5MiQyNjE4MzIjNTEjJDEjJDIjJDgz,247외과의원,의원,ok,3,
JDQ4MTg4MSM1MSMkMiMkNCMkMDAkNDgxNzAyIzQxIyQxIyQ3IyQ5MiQzNjEwMDIjODEjJDEjJDYjJDgz,강남권산부인과의원,의원,ok,2,
JDQ4MTg4MSM1MSMkMiMkNCMkMDAkNDgxNzAyIzUxIyQyIyQ1IyQwMCQyNjEwMDIjNDEjJDEjJDQjJDgz,2060오스킨성형외과의원,의원,ok,2,
JDQ4MTg4MSM1MSMkMiMkNCMkMDAkNDgxOTYxIzExIyQxIyQ3IyQ4MiQyNjE0ODEjNDEjJDEjJDgjJDgz,강북삼성의원,의원,ok,8,
JDQ4MTg4MSM1MSMkMiMkNCMkMDAkNDgxOTYxIzExIyQxIyQ3IyQxMyQyNjE0ODEjNTEjJDEjJDYjJDgz,강서하나이비인후과의원,의원,ok,1,
JDQ4MTg4MSM1MSMkMiMkNCMkMDAkNDgxOTYxIzExIyQxIyQzIyQ2MiQ0NjEwMDIjNjEjJDEjJDAjJDgz,(의) 열린의료재단 서초열린의원,의원,ok,1,
JDQ4MTg4MSM1MSMkMiMkNCMkMDAkNDgxOTYxIzExIyQxIyQzIyQ4OSQyNjE4MzIjNTEjJDEjJDYjJDgz,(재)한국산업의학연구소 래피젠헬스케어의원,의원,ok,6,
JDQ4MTg4MSM1MSMkMiMkNCMkMDAkNDgxOTYxIzExIyQxIyQzIyQ4OSQzNjEwMDIjNDEjJDEjJDQjJDgz,강남삼성안과의원,의원,ok,1,
JDQ4MTg4MSM1MSMkMiMkNCMkMDAkNDgxOTYxIzIxIyQxIyQ1IyQ4MiQyNjE4MzIjODEjJDEjJDYjJDgz,강남서울외과의원,의원,ok,2,
JDQ4MTg4MSM1MSMkMiMkNCMkMDAkNDgxOTYxIzIxIyQxIyQ1IyQ5OSQzNjE4MzIjNTEjJDEjJDIjJDgz,강일성모내과의원,의원,ok,1,
JDQ4MTg4MSM1MSMkMiMkNCMkMDAkNDgxOTYxIzIxIyQxIyQ5IyQ3MiQzNjEwMDIjNjEjJDEjJDAjJDgz,강남미의원,의원,ok,2,
JDQ4MTg4MSM1MSMkMiMkNCMkMDAkNDgxOTYxIzIxIyQxIyQ5IyQ3OSQyNjEyMjIjNTEjJDEjJDYjJDgz,강남의원,의원,ok,9,
JDQ4MTg4MSM1MSMkMiMkNCMkMDAkNDgxOTYxIzIxIyQxIyQxIyQ4MiQ0NjE0ODEjNTEjJDEjJDYjJDgz,건강한내과의원,의원,ok,6,
JDQ4MTg4MSM1MSMkMiMkNCMkMDAkNDgxOTYxIzIxIyQxIyQxIyQ4OSQzNjE4MzIjODEjJDEjJDYjJDgz,강남리즈산부인과의원,의원,ok,1,
JDQ4MTg4MSM1MSMkMiMkNCMkMDAkNDgxOTYxIzIxIyQxIyQxIyQxMyQzNjE0ODEjNTEjJDEjJDIjJDgz,(의) 열린의료재단 연신내열린의원,의원,ok,1,
JDQ4MTg4MSM1MSMkMiMkNCMkMDAkNDgxOTYxIzIxIyQyIyQ1IyQwMCQ0NjEwMDIjNjEjJDEjJDgjJDgz,강남코모키이비인후과의원,의원,ok,6,
JDQ4MTg4MSM1MSMkMiMkNCMkMDAkNDgxOTYxIzIxIyQyIyQ5IyQwMCQzNjEwMDIjNDEjJDEjJDQjJDgz,강남샤인안과의원,의원,ok,1,
JDQ4MTg4MSM1MSMkMiMkNCMkMDAkNDgxOTYxIzMxIyQxIyQ3IyQ3MiQzNjE0ODEjODEjJDEjJDYjJDgz,365엠씨의원,의원,ok,1,
JDQ4MTg4MSM1MSMkMiMkNCMkMDAkNDgxOTYxIzMxIyQxIyQ3IyQ3OSQ0NjE0ODEjNjEjJDEjJDQjJDgz,강남유앤아이의원,의원,ok,1,
JDQ4MTg4MSM1MSMkMiMkNCMkMDAkNDgxOTYxIzMxIyQxIyQ3IyQ4OSQzNjE4MzIjNjEjJDEjJDAjJDgz,강남피어리의원,의원,ok,3,
JDQ4MTg4MSM1MSMkMiMkNCMkMDAkNDgxOTYxIzMxIyQxIyQ3IyQ5MiQyNjEyMjIjNzEjJDEjJDgjJDgz,(의)열린의료재단 미아열린의원,의원,ok,2,
JDQ4MTg4MSM1MSMkMiMkNCMkMDAkNDgxOTYxIzMxIyQxIyQ3IyQ5MiQzNjEwMDIjNDEjJDEjJDgjJDgz,강동소리의원,의원,ok,4,
JDQ4MTg4MSM1MSMkMiMkNCMkMDAkNDgxOTYxIzMxIyQxIyQ3IyQ5MiQzNjEyMjIjNDEjJDEjJDQjJDgz,건강그린내과의원,의원,ok,7,
JDQ4MTg4MSM1MSMkMiMkNCMkMDAkNDgxOTYxIzMxIyQxIyQ3IyQ5OSQyNjE0ODEjNjEjJDEjJDAjJDgz,강태욱피부과의원,의원,ok,1,
JDQ4MTg4MSM1MSMkMiMkNCMkMDAkNDgxOTYxIzMxIyQxIyQzIyQ3MiQzNjEwMDIjNDEjJDEjJDgjJDgz,가슴편한내과의원,의원,ok,1,
JDQ4MTg4MSM1MSMkMiMkNCMkMDAkNDgxOTYxIzMxIyQxIyQzIyQ5MiQ0NjE0ODEjNDEjJDEjJDQjJDgz,강북삼성내과의원,의원,ok,3,
JDQ4MTg4MSM1MSMkMiMkNCMkMDAkNDgxOTYxIzMxIyQxIyQzIyQxMyQyNjE4MzIjNTEjJDEjJDYjJDgz,강남미즈힐산부인과의원,의원,ok,1,
JDQ4MTg4MSM1MSMkMiMkNCMkMDAkNDgxOTYxIzMxIyQyIyQzIyQwMCQyNjE4MzIjNDEjJDEjJDQjJDgz,(의)열린의료재단 구로열린의원,의원,ok,1,
JDQ4MTg4MSM1MSMkMiMkNCMkMDAkNDgxOTYxIzMxIyQyIyQzIyQwMCQyNjEyMjIjNDEjJDEjJDgjJDgz,1삼성탑의원,의원,ok,4,
JDQ4MTg4MSM1MSMkMiMkNCMkMDAkNDgxOTYxIzQxIyQxIyQ3IyQ4OSQzNjE4MzIjNDEjJDEjJDgjJDgz,강남삼성드림이비인후과의원,의원,ok,5,
JDQ4MTg4MSM1MSMkMiMkNCMkMDAkNDgxOTYxIzQxIyQxIyQ3IyQ5OSQzNjEwMDIjNDEjJDEjJDgjJDgz,365미소내과의원,의원,ok,10,
JDQ4MTg4MSM1MSMkMiMkNCMkMDAkNDgxOTYxIzQxIyQxIyQ3IyQwMyQ0NjE0ODEjNDEjJDEjJDQjJDgz,Dr홍연합의원,의원,ok,6,
JDQ4MTg4MSM1MSMkMiMkNCMkMDAkNDgxOTYxIzUxIyQxIyQ1IyQxMyQyNjEwMDIjNTEjJDEjJDIjJDgz,건강드림내과의원,의원,ok,2,
JDQ4MTg4MSM1MSMkMiMkNCMkMDAkNDgxOTYxIzUxIyQxIyQxIyQ4OSQyNjE4MzIjNjEjJDEjJDAjJDgz,강변내과의원,의원,ok,4,
JDQ4MTg4MSM1MSMkMiMkNCMkMDAkNDgxOTYxIzUxIyQxIyQxIyQ4OSQyNjEyMjIjNjEjJDEjJDgjJDgz,강변정형외과의원,의원,ok,4,
JDQ4MTg4MSM1MSMkMiMkNCMkMDAkNDgxOTYxIzUxIyQxIyQxIyQ5MiQzNjE0ODEjNjEjJDEjJDgjJDgz,강서연세내과의원,의원,ok,10,
JDQ4MTg4MSM1MSMkMiMkNCMkMDAkNDgxOTYxIzUxIyQxIyQxIyQ5OSQyNjEwMDIjNjEjJDEjJDQjJDgz,강동서울삼성내과의원,의원,ok,3,
JDQ4MTg4MSM1MSMkMiMkNCMkMDAkNDgxOTYxIzUxIyQxIyQxIyQwMyQyNjEyMjIjNzEjJDEjJDgjJDgz,가산안과의원,의원,ok,1,
JDQ4MTg4MSM1MSMkMiMkNCMkMDAkNDgxOTYxIzUxIyQyIyQ1IyQwMCQzNjE4MzIjODEjJDEjJDIjJDgz,가락마취통증의학과의원,의원,ok,16,
JDQ4MTg4MSM1MSMkMiMkNCMkMDAkNTgxMzUxIzExIyQxIyQ3IyQ2MiQyNjE4MzIjODEjJDEjJDIjJDgz,강남더의원,의원,ok,6,
JDQ4MTg4MSM1MSMkMiMkNCMkMDAkNTgxMzUxIzExIyQxIyQ3IyQ3OSQzNjE4MzIjNDEjJDEjJDgjJDgz,365힐링의원,의원,ok,7,
JDQ4MTg4MSM1MSMkMiMkNCMkMDAkNTgxMzUxIzExIyQxIyQ3IyQxMyQyNjE4MzIjNjEjJDEjJDAjJDgz,강남비앤비의원,의원,ok,2,
JDQ4MTg4MSM1MSMkMiMkNCMkMDAkNTgxMzUxIzExIyQxIyQ3IyQxMyQzNjE4MzIjNzEjJDEjJDgjJDgz,강남성모내과의원,의원,ok,7,
JDQ4MTg4MSM1MSMkMiMkNCMkMDAkNTgxMzUxIzExIyQxIyQzIyQ3MiQyNjE4MzIjODEjJDEjJDYjJDgz,강남밝은미소안과의원,의원,ok,1,
JDQ4MTg4MSM1MSMkMiMkNCMkMDAkNTgxMzUxIzExIyQyIyQ3IyQwMCQyNjEwMDIjNjEjJDEjJDAjJDgz,강남더슬림의원,의원,ok,5,
JDQ4MTg4MSM1MSMkMiMkNCMkMDAkNTgxMzUxIzExIyQyIyQ3IyQwMCQzNjEwMDIjNzEjJDEjJDgjJDgz,강동한내과의원,의원,ok,7,
JDQ4MTg4MSM1MSMkMiMkNCMkMDAkNTgxMzUxIzIxIyQxIyQ1IyQ2MiQ0NjEwMDIjNDEjJDEjJDQjJDgz,강서고려비뇨의학과의원,의원,ok,2,
JDQ4MTg4MSM1MSMkMiMkNCMkMDAkNTgxMzUxIzIxIyQxIyQ1IyQ3MiQzNjEwMDIjNjEjJDEjJDAjJDgz,S아이니의원,의원,ok,6,
JDQ4MTg4MSM1MSMkMiMkNCMkMDAkNTgxMzUxIzIxIyQxIyQ1IyQ5MiQyNjE0ODEjODEjJDEjJDIjJDgz,747의원,의원,ok,4,
JDQ4MTg4MSM1MSMkMiMkNCMkMDAkNTgxMzUxIzIxIyQxIyQ1IyQ5MiQzNjEyMjIjNzEjJDEjJDgjJDgz,개포민마취통증의학과의원,의원,ok,4,
JDQ4MTg4MSM1MSMkMiMkNCMkMDAkNTgxMzUxIzIxIyQxIyQ5IyQ3MiQzNjE4MzIjNzEjJDEjJDgjJDgz,강남삼성내과의원,의원,ok,3,
JDQ4MTg4MSM1MSMkMiMkNCMkMDAkNTgxMzUxIzIxIyQxIyQxIyQ3MiQzNjE0ODEjNDEjJDEjJDQjJDgz,강태영내과의원,의원,ok,2,
JDQ4MTg4MSM1MSMkMiMkNCMkMDAkNTgxMzUxIzIxIyQxIyQxIyQ3OSQ0NjEwMDIjNjEjJDEjJDAjJDgz,강남아름다운유외과의원,의원,ok,2,
JDQ4MTg4MSM1MSMkMiMkNCMkMDAkNTgxMzUxIzIxIyQxIyQxIyQ4MiQyNjEwMDIjNTEjJDEjJDIjJDgz,강동천호정형외과의원,의원,ok,4,
JDQ4MTg4MSM1MSMkMiMkNCMkMDAkNTgxMzUxIzIxIyQxIyQxIyQxMyQzNjE4MzIjNTEjJDEjJDYjJDgz,365다움의원,의원,ok,5,
JDQ4MTg4MSM1MSMkMiMkNCMkMDAkNTgxMzUxIzMxIyQxIyQzIyQ5OSQ0NjE0ODEjNDEjJDEjJDQjJDgz,가야성모정형외과의원,의원,ok,4,
JDQ4MTg4MSM1MSMkMiMkNCMkMDAkNTgxMzUxIzMxIyQxIyQzIyQ5OSQzNjE0ODEjNzEjJDEjJDgjJDgz,강서삼성안과의원,의원,ok,1,
JDQ4MTg4MSM1MSMkMiMkNCMkMDAkNTgxMzUxIzMxIyQyIyQ3IyQwMCQyNjE4MzIjNTEjJDEjJDIjJDgz,가재울정내과의원,의원,ok,9,
JDQ4MTg4MSM1MSMkMiMkNCMkMDAkNTgxMzUxIzMxIyQyIyQ3IyQwMCQzNjE4MzIjNjEjJDEjJDQjJDgz,강서큰나무재활의학과의원,의원,ok,10,
JDQ4MTg4MSM1MSMkMiMkNCMkMDAkNTgxMzUxIzMxIyQyIyQzIyQwMCQzNjEwMDIjNTEjJDEjJDIjJDgz,강남올바른신경외과의원,의원,ok,5,
JDQ4MTg4MSM1MSMkMiMkNCMkMDAkNTgxMzUxIzQxIyQxIyQ3IyQ2MiQyNjEyMjIjODEjJDEjJDIjJDgz,강남엔비의원,의원,ok,2,
JDQ4MTg4MSM1MSMkMiMkNCMkMDAkNTgxMzUxIzQxIyQxIyQ3IyQ3MiQzNjEyMjIjODEjJDEjJDIjJDgz,강남푸른정신건강의학과의원,의원,ok,1,
JDQ4MTg4MSM1MSMkMiMkNCMkMDAkNTgxMzUxIzQxIyQxIyQ3IyQ4MiQ0NjEwMDIjNDEjJDEjJDQjJDgz,365문정사랑의원,의원,ok,12,
JDQ4MTg4MSM1MSMkMiMkNCMkMDAkNTgxMzUxIzQxIyQxIyQ3IyQ4MiQyNjE4MzIjNDEjJDEjJDgjJDgz,강동드림산부인과의원,의원,ok,3,
JDQ4MTg4MSM1MSMkMiMkNCMkMDAkNTgxMzUxIzQxIyQxIyQ3IyQ5MiQyNjEwMDIjNDEjJDEjJDgjJDgz,강남위튼내과의원,의원,ok,10,
JDQ4MTg4MSM1MSMkMiMkNCMkMDAkNTgxMzUxIzQxIyQxIyQ3IyQxMyQyNjE0ODEjODEjJDEjJDIjJDgz,같은마음정신건강의학과의원,의원,ok,1,
JDQ4MTg4MSM1MSMkMiMkNCMkMDAkNTgxMzUxIzUxIyQxIyQ1IyQ2MiQyNjEyMjIjNDEjJDEjJDgjJDgz,강남연세비뇨의학과의원,의원,ok,1,
JDQ4MTg4MSM1MSMkMiMkNCMkMDAkNTgxMzUxIzUxIyQxIyQ1IyQ3OSQzNjE4MzIjNTEjJDEjJDIjJDgz,강동맑은내과의원,의원,ok,9,
JDQ4MTg4MSM1MSMkMiMkNCMkMDAkNTgxMzUxIzUxIyQxIyQ1IyQxMyQyNjEwMDIjODEjJDEjJDYjJDgz,41타워 마디튼튼의원,의원,ok,3,
JDQ4MTg4MSM1MSMkMiMkNCMkMDAkNTgxMzUxIzUxIyQxIyQxIyQ5OSQyNjE0ODEjNTEjJDEjJDYjJDgz,365바른정형외과의원,의원,ok,1,
JDQ4MTg4MSM1MSMkMiMkNCMkMDAkNTgxMzUxIzUxIyQxIyQxIyQwMyQzNjE4MzIjNjEjJDEjJDAjJDgz,가산디지털내과의원,의원,ok,4,
JDQ4MTg4MSM1MSMkMiMkNCMkMDAkNTgxMzUxIzUxIyQxIyQxIyQwMyQzNjEyMjIjNjEjJDEjJDgjJDgz,건강의집 의원,의원,ok,7,
JDQ4MTg4MSM1MSMkMiMkNCMkMDAkNTgxMzUxIzUxIyQxIyQxIyQxMyQyNjEwMDIjNTEjJDEjJDIjJDgz,강남신내과의원,의원,ok,1,
JDQ4MTg4MSM1MSMkMiMkNCMkMDAkNTgxMzUxIzUxIyQxIyQxIyQxMyQzNjE0ODEjNzEjJDEjJDgjJDgz,강서삼성정형외과의원,의원,ok,4,
JDQ4MTg4MSM1MSMkMiMkNCMkMDAkNTgxMzUxIzUxIyQyIyQ1IyQwMCQyNjEwMDIjNjEjJDEjJDQjJDgz,강동가톨릭정형외과의원,의원,ok,6,
JDQ4MTg4MSM1MSMkMiMkNCMkMDAkNTgxOTYxIzExIyQxIyQ3IyQwMyQyNjEyMjIjNjEjJDEjJDAjJDgz,강남브이에스(VS)라인의원,의원,ok,3,
JDQ4MTg4MSM1MSMkMiMkNCMkMDAkNTgxOTYxIzExIyQxIyQ3IyQxMyQyNjE4MzIjNDEjJDEjJDQjJDgz,가산연합의원,의원,ok,3,
JDQ4MTg4MSM1MSMkMiMkNCMkMDAkNTgxOTYxIzExIyQxIyQzIyQ2MiQyNjE4MzIjNzEjJDEjJDgjJDgz,강남라이프산부인과의원,의원,ok,1,
JDQ4MTg4MSM1MSMkMiMkNCMkMDAkNTgxOTYxIzExIyQxIyQzIyQ5OSQzNjEyMjIjNzEjJDEjJDgjJDgz,강동중앙내과외과의원,의원,ok,9,
JDQ4MTg4MSM1MSMkMiMkNCMkMDAkNTgxOTYxIzExIyQxIyQzIyQxMyQ0NjE0ODEjNjEjJDEjJDAjJDgz,강남라렌의원,의원,ok,5,
JDQ4MTg4MSM1MSMkMiMkNCMkMDAkNTgxOTYxIzExIyQyIyQzIyQwMCQzNjEwMDIjNjEjJDEjJDgjJDgz,강남스마일안과의원,의원,ok,1,
JDQ4MTg4MSM1MSMkMiMkNCMkMDAkNTgxOTYxIzIxIyQxIyQ1IyQ2MiQzNjEwMDIjNTEjJDEjJDIjJDgz,강남연세정신건강의학과의원,의원,ok,1,
JDQ4MTg4MSM1MSMkMiMkNCMkMDAkNTgxOTYxIzIxIyQxIyQ1IyQwMyQ0NjE0ODEjNjEjJDEjJDgjJDgz,가온유외과의원,의원,ok,4,
JDQ4MTg4MSM1MSMkMiMkNCMkMDAkNTgxOTYxIzIxIyQxIyQ1IyQwMyQzNjE4MzIjODEjJDEjJDIjJDgz,강서아산내과의원,의원,ok,7,
JDQ4MTg4MSM1MSMkMiMkNCMkMDAkNTgxOTYxIzIxIyQxIyQ5IyQ2MiQ0NjE0ODEjNTEjJDEjJDYjJDgz,강한미(美)의원,의원,ok,2,
JDQ4MTg4MSM1MSMkMiMkNCMkMDAkNTgxOTYxIzIxIyQxIyQ5IyQ3MiQyNjE4MzIjNDEjJDEjJDQjJDgz,강남라해의원,의원,ok,3,
JDQ4MTg4MSM1MSMkMiMkNCMkMDAkNTgxOTYxIzIxIyQxIyQ5IyQ3OSQzNjEyMjIjODEjJDEjJDIjJDgz,강남도쿄안과의원,의원,ok,1,
JDQ4MTg4MSM1MSMkMiMkNCMkMDAkNTgxOTYxIzIxIyQxIyQ5IyQwMyQzNjE0ODEjNDEjJDEjJDQjJDgz,가산본튼튼의원,의원,ok,3,
JDQ4MTg4MSM1MSMkMiMkNCMkMDAkNTgxOTYxIzIxIyQxIyQxIyQ3MiQ0NjE0ODEjODEjJDEjJDIjJDgz,강남하늘정신건강의학과의원,의원,ok,1,
JDQ4MTg4MSM1MSMkMiMkNCMkMDAkNTgxOTYxIzIxIyQxIyQxIyQ5OSQ0NjE0ODEjNjEjJDEjJDgjJDgz,강북센트럴정형외과의원,의원,ok,4,
JDQ4MTg4MSM1MSMkMiMkNCMkMDAkNTgxOTYxIzIxIyQxIyQxIyQ5OSQyNjE0ODEjNDEjJDEjJDgjJDgz,강남올샤인의원,의원,ok,3,
JDQ4MTg4MSM1MSMkMiMkNCMkMDAkNTgxOTYxIzIxIyQyIyQ1IyQwMCQzNjE0ODEjNzEjJDEjJDgjJDgz,갤러리아피부과의원,의원,ok,1,
JDQ4MTg4MSM1MSMkMiMkNCMkMDAkNTgxOTYxIzMxIyQxIyQ3IyQ2MiQzNjE4MzIjODEjJDEjJDIjJDgz,강남박내과의원,의원,ok,6,
JDQ4MTg4MSM1MSMkMiMkNCMkMDAkNTgxOTYxIzMxIyQxIyQ3IyQ3OSQ0NjEwMDIjNjEjJDEjJDQjJDgz,(사)한국건강관리협회 중앙검사본부 중앙검사의원,의원,ok,3,
JDQ4MTg4MSM1MSMkMiMkNCMkMDAkNTgxOTYxIzMxIyQxIyQ3IyQxMyQ0NjE0ODEjNTEjJDEjJDIjJDgz,가미의원,의원,ok,1,
JDQ4MTg4MSM1MSMkMiMkNCMkMDAkNTgxOTYxIzMxIyQxIyQ3IyQxMyQyNjE0ODEjNzEjJDEjJDgjJDgz,강일연세이비인후과의원,의원,ok,5,
JDQ4MTg4MSM1MSMkMiMkNCMkMDAkNTgxOTYxIzMxIyQxIyQzIyQwMyQyNjEwMDIjNDEjJDEjJDgjJDgz,강북제일내과의원,의원,ok,9,
JDQ4MTg4MSM1MSMkMiMkNCMkMDAkNTgxOTYxIzQxIyQxIyQ3IyQ3MiQ0NjEwMDIjODEjJDEjJDIjJDgz,강동본터치정형외과의원,의원,ok,19,
JDQ4MTg4MSM1MSMkMiMkNCMkMDAkNTgxOTYxIzQxIyQxIyQ3IyQ4MiQzNjEyMjIjNDEjJDEjJDgjJDgz,210정형외과의원,의원,ok,6,
JDQ4MTg4MSM1MSMkMiMkNCMkMDAkNTgxOTYxIzQxIyQxIyQ3IyQwMyQzNjE0ODEjODEjJDEjJDYjJDgz,강남그랜드안과의원,의원,ok,1,
JDQ4MTg4MSM1MSMkMiMkNCMkMDAkNTgxOTYxIzQxIyQyIyQ3IyQwMCQyNjEwMDIjODEjJDEjJDIjJDgz,강남드림내과의원,의원,ok,3,
JDQ4MTg4MSM1MSMkMiMkNCMkMDAkNTgxOTYxIzQxIyQyIyQ3IyQwMCQzNjEyMjIjODEjJDEjJDYjJDgz,강동오아로피부과의원,의원,ok,1,
JDQ4MTg4MSM1MSMkMiMkNCMkMDAkNTgxOTYxIzUxIyQxIyQ1IyQ4OSQyNjE0ODEjODEjJDEjJDIjJDgz,강남리슬림의원,의원,ok,8,
JDQ4MTg4MSM1MSMkMiMkNCMkMDAkNTgxOTYxIzUxIyQxIyQ1IyQ4OSQyNjEyMjIjNjEjJDEjJDAjJDgz,강남센트럴안과의원,의원,ok,1,
JDQ4MTg4MSM1MSMkMiMkNCMkMDAkNTgxOTYxIzUxIyQxIyQ1IyQ5MiQzNjEyMjIjNDEjJDEjJDgjJDgz,강플러스내과의원,의원,ok,3,
JDQ4MTg4MSM1MSMkMiMkNCMkMDAkNTgxOTYxIzUxIyQxIyQ1IyQ5OSQ0NjE0ODEjNDEjJDEjJDgjJDgz,강남편하지의원,의원,ok,1,
JDQ4MTg4MSM1MSMkMiMkNCMkMDAkNTgxOTYxIzUxIyQxIyQ1IyQwMyQyNjEwMDIjNzEjJDEjJDgjJDgz,41연세빛정신건강의학과의원,의원,ok,1,
JDQ4MTg4MSM1MSMkMiMkNCMkMDAkNTgxOTYxIzUxIyQxIyQxIyQ3MiQyNjEwMDIjODEjJDEjJDYjJDgz,강북편한내과의원,의원,ok,1,
JDQ4MTg4MSM1MSMkMiMkNCMkMDAkNTgxOTYxIzUxIyQxIyQxIyQ3MiQzNjE0ODEjNTEjJDEjJDYjJDgz,강서베스트내과의원,의원,ok,6,
JDQ4MTg4MSM1MSMkMiMkNCMkMDAkNTgxOTYxIzUxIyQxIyQxIyQ3OSQyNjE0ODEjNjEjJDEjJDAjJDgz,강남탑내과의원,의원,ok,5,
JDQ4MTg4MSM1MSMkMiMkNCMkMDAkNTgxOTYxIzUxIyQxIyQxIyQ3OSQzNjE0ODEjNzEjJDEjJDgjJDgz,88신경외과의원,의원,ok,4,
JDQ4MTg4MSM1MSMkMiMkNCMkMDAkNTgxOTYxIzUxIyQxIyQxIyQ4OSQyNjE0ODEjNDEjJDEjJDgjJDgz,강서아이엠유의원,의원,ok,6,
JDQ4MTg4MSM1MSMkMiMkNCMkMDAkNTgxOTYxIzUxIyQxIyQxIyQ4OSQyNjEwMDIjNDEjJDEjJDQjJDgz,강남큐브안과의원,의원,ok,1,
JDQ4MTg4MSM1MSMkMiMkNCMkMDAkNTgxOTYxIzUxIyQxIyQxIyQxMyQyNjEyMjIjNjEjJDEjJDgjJDgz,강남신세계안과의원,의원,ok,1,
JDQ4MTg4MSM1MSMkMiMkOCMkMDAkMzgxMTkxIzExIyQxIyQ3IyQ4OSQyNjE0ODEjNTEjJDEjJDIjJDgz,365휘경사랑의원,의원,ok,13,
JDQ4MTg4MSM1MSMkMiMkOCMkMDAkMzgxMTkxIzExIyQxIyQ3IyQ4OSQyNjEyMjIjODEjJDEjJDYjJDgz,강남코아이비인후과의원,의원,ok,5,
JDQ4MTg4MSM1MSMkMiMkOCMkMDAkMzgxMTkxIzExIyQxIyQ3IyQwMyQ0NjE0ODEjODEjJDEjJDYjJDgz,365삼성튼튼정형외과의원,의원,ok,5,
JDQ4MTg4MSM1MSMkMiMkOCMkMDAkMzgxMTkxIzExIyQxIyQ3IyQwMyQ0NjEwMDIjNzEjJDEjJDgjJDgz,강일아산내과의원,의원,ok,2,
JDQ4MTg4MSM1MSMkMiMkOCMkMDAkMzgxMTkxIzExIyQxIyQzIyQ2MiQyNjE0ODEjODEjJDEjJDIjJDgz,강동센트럴이비인후과의원,의원,ok,7,
JDQ4MTg4MSM1MSMkMiMkOCMkMDAkMzgxMTkxIzExIyQxIyQzIyQ2MiQyNjE4MzIjNTEjJDEjJDIjJDgz,365도담의원,의원,ok,5,
JDQ4MTg4MSM1MSMkMiMkOCMkMDAkMzgxMTkxIzExIyQxIyQzIyQ4MiQyNjEwMDIjNDEjJDEjJDgjJDgz,365백세드림정형외과의원,의원,ok,4,
JDQ4MTg4MSM1MSMkMiMkOCMkMDAkMzgxMTkxIzExIyQxIyQzIyQwMyQzNjE0ODEjNDEjJDEjJDQjJDgz,강남성모안과의원,의원,ok,1,
JDQ4MTg4MSM1MSMkMiMkOCMkMDAkMzgxMTkxIzExIyQxIyQzIyQwMyQzNjE4MzIjNjEjJDEjJDAjJDgz,갤러리아피부과의원,의원,ok,1,
JDQ4MTg4MSM1MSMkMiMkOCMkMDAkMzgxMTkxIzExIyQyIyQ3IyQwMCQ0NjE0ODEjNTEjJDEjJDIjJDgz,강동하트온내과의원,의원,ok,3,
JDQ4MTg4MSM1MSMkMiMkOCMkMDAkMzgxMTkxIzIxIyQxIyQ1IyQ3OSQ0NjEwMDIjNDEjJDEjJDgjJDgz,강남예스외과의원,의원,ok,2,
JDQ4MTg4MSM1MSMkMiMkOCMkMDAkMzgxMTkxIzIxIyQxIyQ1IyQ5MiQzNjE4MzIjNjEjJDEjJDgjJDgz,강남피어봄의원,의원,ok,3,
JDQ4MTg4MSM1MSMkMiMkOCMkMDAkMzgxMTkxIzIxIyQxIyQ1IyQxMyQ0NjE0ODEjODEjJDEjJDYjJDgz,강한서울정형외과의원,의원,ok,6,
JDQ4MTg4MSM1MSMkMiMkOCMkMDAkMzgxMTkxIzIxIyQxIyQ5IyQ2MiQyNjEyMjIjNDEjJDEjJDQjJDgz,강남브엘의원,의원,ok,6,
JDQ4MTg4MSM1MSMkMiMkOCMkMDAkMzgxMTkxIzIxIyQxIyQ5IyQ3OSQyNjE4MzIjODEjJDEjJDYjJDgz,365오목교성모마취통증의학과의원,의원,ok,5,
JDQ4MTg4MSM1MSMkMiMkOCMkMDAkMzgxMTkxIzIxIyQxIyQ5IyQ4OSQ0NjE0ODEjNzEjJDEjJDgjJDgz,365더바른마취통증의학과의원,의원,ok,5,
JDQ4MTg4MSM1MSMkMiMkOCMkMDAkMzgxMTkxIzIxIyQxIyQ5IyQ4OSQyNjEwMDIjNDEjJDEjJDQjJDgz,강동참편한재활의학과의원,의원,ok,4,
JDQ4MTg4MSM1MSMkMiMkOCMkMDAkMzgxMTkxIzIxIyQxIyQ5IyQ4OSQzNjEyMjIjNDEjJDEjJDgjJDgz,강남다움의원,의원,ok,1,
JDQ4MTg4MSM1MSMkMiMkOCMkMDAkMzgxMTkxIzIxIyQxIyQ5IyQ5MiQzNjE0ODEjODEjJDEjJDIjJDgz,강서365의원,의원,ok,13,
JDQ4MTg4MSM1MSMkMiMkOCMkMDAkMzgxMTkxIzIxIyQxIyQ5IyQ5OSQ0NjEwMDIjNTEjJDEjJDIjJDgz,강남밴스의원,의원,ok,2,
JDQ4MTg4MSM1MSMkMiMkOCMkMDAkMzgxMTkxIzIxIyQxIyQxIyQ3MiQzNjE4MzIjNjEjJDEjJDQjJDgz,같은마음정신건강의학과의원,의원,ok,1,
JDQ4MTg4MSM1MSMkMiMkOCMkMDAkMzgxMTkxIzIxIyQxIyQxIyQ4OSQyNjEwMDIjNzEjJDEjJDgjJDgz,강동효자정형외과의원,의원,ok,6,
JDQ4MTg4MSM1MSMkMiMkOCMkMDAkMzgxMTkxIzIxIyQxIyQxIyQ5OSQyNjE4MzIjNDEjJDEjJDgjJDgz,강남연세정형외과의원,의원,ok,5,
JDQ4MTg4MSM1MSMkMiMkOCMkMDAkMzgxMTkxIzMxIyQxIyQ3IyQ3MiQyNjE4MzIjODEjJDEjJDIjJDgz,365홍제바른정형외과의원,의원,ok,5,
JDQ4MTg4MSM1MSMkMiMkOCMkMDAkMzgxMTkxIzMxIyQxIyQ3IyQ4MiQyNjEwMDIjODEjJDEjJDYjJDgz,강남세렌여성의원,의원,ok,1,
JDQ4MTg4MSM1MSMkMiMkOCMkMDAkMzgxMTkxIzMxIyQxIyQ3IyQ4MiQzNjE4MzIjODEjJDEjJDIjJDgz,강동우태하피부과의원,의원,ok,1,
JDQ4MTg4MSM1MSMkMiMkOCMkMDAkMzgxMTkxIzMxIyQxIyQ3IyQ4OSQyNjE4MzIjODEjJDEjJDYjJDgz,강서활기찬마취통증의학과의원,의원,ok,3,
JDQ4MTg4MSM1MSMkMiMkOCMkMDAkMzgxMTkxIzMxIyQxIyQ3IyQ4OSQzNjEyMjIjNTEjJDEjJDYjJDgz,1층본튼튼의원,의원,ok,2,
JDQ4MTg4MSM1MSMkMiMkOCMkMDAkMzgxMTkxIzMxIyQxIyQ3IyQ5OSQyNjEwMDIjNDEjJDEjJDQjJDgz,강남채원의원,의원,ok,5,
JDQ4MTg4MSM1MSMkMiMkOCMkMDAkMzgxMTkxIzMxIyQxIyQzIyQ3MiQ0NjEwMDIjNDEjJDEjJDgjJDgz,강남수내과의원,의원,ok,1,
JDQ4MTg4MSM1MSMkMiMkOCMkMDAkMzgxMTkxIzMxIyQxIyQzIyQ3OSQyNjE0ODEjNDEjJDEjJDgjJDgz,감사한내과의원,의원,ok,5,
JDQ4MTg4MSM1MSMkMiMkOCMkMDAkMzgxMTkxIzMxIyQxIyQzIyQ3OSQzNjEwMDIjNDEjJDEjJDgjJDgz,365아이엠유의원,의원,ok,5,
JDQ4MTg4MSM1MSMkMiMkOCMkMDAkMzgxMTkxIzMxIyQxIyQzIyQwMyQyNjE0ODEjODEjJDEjJDYjJDgz,강도형정신건강의학과의원,의원,ok,1,
JDQ4MTg4MSM1MSMkMiMkOCMkMDAkMzgxMTkxIzMxIyQxIyQzIyQxMyQ0NjE0ODEjNDEjJDEjJDgjJDgz,강남비엘에스의원,의원,ok,2,
JDQ4MTg4MSM1MSMkMiMkOCMkMDAkMzgxMTkxIzMxIyQxIyQzIyQxMyQyNjE0ODEjNjEjJDEjJDgjJDgz,365답십리탑정형외과의원,의원,ok,6,
JDQ4MTg4MSM1MSMkMiMkOCMkMDAkMzgxMTkxIzMxIyQyIyQ3IyQwMCQzNjE0ODEjNDEjJDEjJDgjJDgz,SNU이용석신경과의원,의원,ok,1,
JDQ4MTg4MSM1MSMkMiMkOCMkMDAkMzgxMTkxIzMxIyQyIyQzIyQwMCQyNjE0ODEjNTEjJDEjJDIjJDgz,365더바른신경외과의원,의원,ok,4,
JDQ4MTg4MSM1MSMkMiMkOCMkMDAkMzgxMTkxIzMxIyQyIyQzIyQwMCQzNjEwMDIjNTEjJDEjJDYjJDgz,강재활의학과의원,의원,ok,3,
JDQ4MTg4MSM1MSMkMiMkOCMkMDAkMzgxMTkxIzQxIyQxIyQ3IyQ3MiQyNjE0ODEjNDEjJDEjJDQjJDgz,365먹골탑정형외과의원,의원,ok,4,
JDQ4MTg4MSM1MSMkMiMkOCMkMDAkMzgxMTkxIzQxIyQxIyQ3IyQ4OSQ0NjEwMDIjNjEjJDEjJDAjJDgz,365웰의원,의원,ok,12,
JDQ4MTg4MSM1MSMkMiMkOCMkMDAkMzgxMTkxIzQxIyQxIyQ3IyQ5MiQyNjE0ODEjNjEjJDEjJDAjJDgz,강서성모맑은내과의원,의원,ok,1,
JDQ4MTg4MSM1MSMkMiMkOCMkMDAkMzgxMTkxIzQxIyQxIyQ3IyQ5OSQzNjEwMDIjODEjJDEjJDYjJDgz,가양제일365정형외과의원,의원,ok,6,
JDQ4MTg4MSM1MSMkMiMkOCMkMDAkMzgxMTkxIzUxIyQxIyQ1IyQ3OSQyNjE0ODEjNjEjJDEjJDgjJDgz,가야삼성정신건강의학과의원,의원,ok,1,
JDQ4MTg4MSM1MSMkMiMkOCMkMDAkMzgxMTkxIzUxIyQxIyQxIyQ2MiQzNjEyMjIjODEjJDEjJDIjJDgz,365정릉탑정형외과의원,의원,ok,4,
JDQ4MTg4MSM1MSMkMiMkOCMkMDAkMzgxMTkxIzUxIyQxIyQxIyQ3MiQyNjEyMjIjNTEjJDEjJDIjJDgz,강남초이스의원,의원,ok,3,
JDQ4MTg4MSM1MSMkMiMkOCMkMDAkMzgxMTkxIzUxIyQxIyQxIyQ3OSQzNjEyMjIjODEjJDEjJDYjJDgz,가양바로힐신경외과의원,의원,ok,5,
JDQ4MTg4MSM1MSMkMiMkOCMkMDAkMzgxMTkxIzUxIyQxIyQxIyQ4MiQzNjE4MzIjNDEjJDEjJDgjJDgz,강남마취통증의학과의원,의원,ok,9,
JDQ4MTg4MSM1MSMkMiMkOCMkMDAkMzgxMTkxIzUxIyQxIyQxIyQ5MiQ0NjE0ODEjNjEjJDEjJDgjJDgz,1323의원,의원,ok,2,
JDQ4MTg4MSM1MSMkMiMkOCMkMDAkMzgxMTkxIzUxIyQxIyQxIyQwMyQzNjE0ODEjNDEjJDEjJDgjJDgz,강동새록이비인후과의원,의원,ok,1,
JDQ4MTg4MSM1MSMkMiMkOCMkMDAkMzgxMTkxIzUxIyQxIyQxIyQwMyQzNjEyMjIjNzEjJDEjJDgjJDgz,강남아쥬르의원,의원,ok,2,
JDQ4MTg4MSM1MSMkMiMkOCMkMDAkMzgxMzUxIzExIyQxIyQ3IyQ4OSQ0NjE0ODEjNzEjJDEjJDgjJDgz,강남디렉터의원,의원,ok,2,
JDQ4MTg4MSM1MSMkMiMkOCMkMDAkMzgxMzUxIzExIyQxIyQ3IyQ4OSQ0NjEwMDIjNjEjJDEjJDQjJDgz,365엠씨의원,의원,ok,1,
JDQ4MTg4MSM1MSMkMiMkOCMkMDAkMzgxMzUxIzExIyQxIyQ3IyQ5MiQ0NjEwMDIjODEjJDEjJDYjJDgz,강북바른정형외과의원,의원,ok,9,
JDQ4MTg4MSM1MSMkMiMkOCMkMDAkMzgxMzUxIzExIyQxIyQ3IyQ5OSQyNjE4MzIjNTEjJDEjJDYjJDgz,88흉부외과의원,의원,ok,1,
JDQ4MTg4MSM1MSMkMiMkOCMkMDAkMzgxMzUxIzExIyQxIyQ3IyQ5OSQyNjEwMDIjNzEjJDEjJDgjJDgz,강남에이스안과의원,의원,ok,1,
JDQ4MTg4MSM1MSMkMiMkOCMkMDAkMzgxMzUxIzExIyQxIyQ3IyQwMyQyNjEwMDIjNDEjJDEjJDgjJDgz,KT광화문부속의원,의원,ok,1,
JDQ4MTg4MSM1MSMkMiMkOCMkMDAkMzgxMzUxIzExIyQxIyQzIyQ4MiQ0NjEwMDIjNjEjJDEjJDQjJDgz,강남바른내과의원,의원,ok,15,
JDQ4MTg4MSM1MSMkMiMkOCMkMDAkMzgxMzUxIzExIyQxIyQzIyQ4MiQyNjE0ODEjNDEjJDEjJDgjJDgz,강남브랜드안과의원,의원,ok,1,
JDQ4MTg4MSM1MSMkMiMkOCMkMDAkMzgxMzUxIzExIyQxIyQzIyQ4OSQyNjE0ODEjNjEjJDEjJDQjJDgz,강남아이원스안과의원,의원,ok,1,
JDQ4MTg4MSM1MSMkMiMkOCMkMDAkMzgxMzUxIzExIyQxIyQzIyQ5MiQyNjE0ODEjODEjJDEjJDYjJDgz,강남쏘울의원,의원,ok,9,
JDQ4MTg4MSM1MSMkMiMkOCMkMDAkMzgxMzUxIzExIyQxIyQzIyQ5MiQzNjEyMjIjODEjJDEjJDIjJDgz,강동맘유의원,의원,ok,1,
JDQ4MTg4MSM1MSMkMiMkOCMkMDAkMzgxMzUxIzExIyQxIyQzIyQ5OSQyNjEwMDIjNDEjJDEjJDgjJDgz,가산성모정신건강의학과의원,의원,ok,1,
JDQ4MTg4MSM1MSMkMiMkOCMkMDAkMzgxMzUxIzExIyQxIyQzIyQxMyQyNjEwMDIjNDEjJDEjJDgjJDgz,강남퍼스트재활의학과의원,의원,ok,5,
JDQ4MTg4MSM1MSMkMiMkOCMkMDAkMzgxMzUxIzExIyQyIyQzIyQwMCQzNjE0ODEjNTEjJDEjJDIjJDgz,읻다의원,의원,ok,2,
JDQ4MTg4MSM1MSMkMiMkOCMkMDAkMzgxMzUxIzIxIyQxIyQ1IyQ2MiQ0NjEwMDIjNDEjJDEjJDQjJDgz,강남삼성정형외과의원,의원,ok,4,
JDQ4MTg4MSM1MSMkMiMkOCMkMDAkMzgxMzUxIzIxIyQxIyQ1IyQ3OSQyNjEwMDIjNjEjJDEjJDQjJDgz,강서척정형외과의원,의원,ok,10,
JDQ4MTg4MSM1MSMkMiMkOCMkMDAkMzgxMzUxIzIxIyQxIyQ1IyQ4OSQzNjE4MzIjNDEjJDEjJDgjJDgz,감자와눈사람여성의원,의원,ok,2,
JDQ4MTg4MSM1MSMkMiMkOCMkMDAkMzgxMzUxIzIxIyQxIyQ1IyQ5MiQyNjE4MzIjNTEjJDEjJDIjJDgz,가양성모내과의원,의원,ok,5,
JDQ4MTg4MSM1MSMkMiMkOCMkMDAkMzgxMzUxIzIxIyQxIyQ1IyQ5MiQzNjE4MzIjNjEjJDEjJDQjJDgz,건강하지항외과의원,의원,ok,12,
JDQ4MTg4MSM1MSMkMiMkOCMkMDAkMzgxMzUxIzIxIyQxIyQ1IyQwMyQzNjE4MzIjNTEjJDEjJDIjJDgz,365메트로의원,의원,ok,2,
JDQ4MTg4MSM1MSMkMiMkOCMkMDAkMzgxMzUxIzIxIyQxIyQ5IyQ2MiQyNjEyMjIjODEjJDEjJDYjJDgz,88플러스내과산부인과의원,의원,ok,2,
JDQ4MTg4MSM1MSMkMiMkOCMkMDAkMzgxMzUxIzIxIyQxIyQ5IyQ5OSQyNjEyMjIjNjEjJDEjJDAjJDgz,88플러스내과의원,의원,ok,1,
JDQ4MTg4MSM1MSMkMiMkOCMkMDAkMzgxMzUxIzIxIyQxIyQ5IyQwMyQyNjEwMDIjNDEjJDEjJDQjJDgz,강남서울이비인후과의원,의원,ok,6,
JDQ4MTg4MSM1MSMkMiMkOCMkMDAkMzgxMzUxIzIxIyQxIyQ5IyQxMyQ0NjE0ODEjNjEjJDEjJDAjJDgz,강남숲정신건강의학과의원,의원,ok,1,
JDQ4MTg4MSM1MSMkMiMkOCMkMDAkMzgxMzUxIzIxIyQxIyQ5IyQxMyQ0NjEwMDIjNTEjJDEjJDIjJDgz,가람정신건강의학과의원,의원,ok,2,
JDQ4MTg4MSM1MSMkMiMkOCMkMDAkMzgxMzUxIzIxIyQxIyQxIyQ3MiQyNjE0ODEjNzEjJDEjJDgjJDgz,가양바른성모정형외과의원,의원,ok,8,
JDQ4MTg4MSM1MSMkMiMkOCMkMDAkMzgxMzUxIzIxIyQxIyQxIyQ3MiQzNjE4MzIjNjEjJDEjJDAjJDgz,강동굿본재활의학과의원,의원,ok,4,
JDQ4MTg4MSM1MSMkMiMkOCMkMDAkMzgxMzUxIzIxIyQxIyQxIyQ4MiQzNjE4MzIjNDEjJDEjJDgjJDgz,24시열린의원,의원,ok,5,
JDQ4MTg4MSM1MSMkMiMkOCMkMDAkMzgxMzUxIzIxIyQxIyQxIyQ4OSQyNjE4MzIjNTEjJDEjJDIjJDgz,강남아이오케이안과의원,의원,ok,1,
JDQ4MTg4MSM1MSMkMiMkOCMkMDAkMzgxMzUxIzIxIyQxIyQxIyQ5MiQ0NjE0ODEjNzEjJDEjJDgjJDgz,강남연세안과의원,의원,ok,1,
JDQ4MTg4MSM1MSMkMiMkOCMkMDAkMzgxMzUxIzIxIyQxIyQxIyQ5MiQzNjE4MzIjODEjJDEjJDYjJDgz,강남성모안과의원,의원,ok,1,
JDQ4MTg4MSM1MSMkMiMkOCMkMDAkMzgxMzUxIzIxIyQxIyQxIyQ5MiQzNjEyMjIjNDEjJDEjJDgjJDgz,강남신논현본튼튼의원,의원,ok,1,
JDQ4MTg4MSM1MSMkMiMkOCMkMDAkMzgxMzUxIzIxIyQyIyQ5IyQwMCQzNjEyMjIjNjEjJDEjJDAjJDgz,강일서울산부인과의원,의원,ok,1,
JDQ4MTg4MSM1MSMkMiMkOCMkMDAkMzgxMzUxIzMxIyQxIyQ3IyQ2MiQyNjEwMDIjNTEjJDEjJDYjJDgz,365봄연합의원,의원,ok,9,
JDQ4MTg4MSM1MSMkMiMkOCMkMDAkMzgxMzUxIzMxIyQxIyQ3IyQ3MiQ0NjEwMDIjNjEjJDEjJDgjJDgz,강남에스터산부인과의원,의원,ok,4,
JDQ4MTg4MSM1MSMkMiMkOCMkMDAkMzgxMzUxIzMxIyQxIyQ3IyQ3OSQzNjEyMjIjNjEjJDEjJDQjJDgz,강동성모내과의원,의원,ok,1,
JDQ4MTg4MSM1MSMkMiMkOCMkMDAkMzgxMzUxIzMxIyQxIyQ3IyQ4OSQzNjE4MzIjNDEjJDEjJDgjJDgz,강남타임의원,의원,ok,2,
JDQ4MTg4MSM1MSMkMiMkOCMkMDAkMzgxMzUxIzMxIyQxIyQ3IyQwMyQyNjEwMDIjNTEjJDEjJDIjJDgz,24시열린의원,의원,ok,5,
JDQ4MTg4MSM1MSMkMiMkOCMkMDAkMzgxMzUxIzMxIyQxIyQ3IyQxMyQ0NjEwMDIjNjEjJDEjJDQjJDgz,365웰정형외과재활의학과의원,의원,ok,7,
JDQ4MTg4MSM1MSMkMiMkOCMkMDAkMzgxMzUxIzMxIyQxIyQzIyQ2MiQzNjE4MzIjNjEjJDEjJDgjJDgz,강서바른재활의학과의원,의원,ok,4,
JDQ4MTg4MSM1MSMkMiMkOCMkMDAkMzgxMzUxIzMxIyQxIyQzIyQ3OSQ0NjE0ODEjNjEjJDEjJDQjJDgz,강남센트럴의원,의원,ok,4,
JDQ4MTg4MSM1MSMkMiMkOCMkMDAkMzgxMzUxIzMxIyQxIyQzIyQ3OSQyNjE0ODEjNDEjJDEjJDQjJDgz,가온삼성비뇨의학과의원,의원,ok,1,
JDQ4MTg4MSM1MSMkMiMkOCMkMDAkMzgxMzUxIzMxIyQxIyQzIyQ4OSQyNjE4MzIjNDEjJDEjJDgjJDgz,같은마음정신건강의학과의원,의원,ok,1,
JDQ4MTg4MSM1MSMkMiMkOCMkMDAkMzgxMzUxIzMxIyQxIyQzIyQ4OSQzNjEyMjIjNjEjJDEjJDgjJDgz,감동비뇨의학과의원,의원,ok,1,
JDQ4MTg4MSM1MSMkMiMkOCMkMDAkMzgxMzUxIzMxIyQxIyQzIyQxMyQ0NjE0ODEjNDEjJDEjJDgjJDgz,365동작아산위풍당당재활의학과의원,의원,ok,5,
JDQ4MTg4MSM1MSMkMiMkOCMkMDAkMzgxMzUxIzMxIyQyIyQzIyQwMCQ0NjEwMDIjNjEjJDEjJDQjJDgz,가장편한내과의원,의원,ok,4,
JDQ4MTg4MSM1MSMkMiMkOCMkMDAkMzgxMzUxIzMxIyQyIyQzIyQwMCQyNjE4MzIjNjEjJDEjJDgjJDgz,강남성모원안과의원,의원,ok,1,
JDQ4MTg4MSM1MSMkMiMkOCMkMDAkMzgxMzUxIzQxIyQxIyQ3IyQxMyQ0NjEwMDIjNDEjJDEjJDgjJDgz,개포서울통정형외과의원,의원,ok,5,
JDQ4MTg4MSM1MSMkMiMkOCMkMDAkMzgxMzUxIzQxIyQxIyQ3IyQxMyQzNjE0ODEjNDEjJDEjJDgjJDgz,강동성모이비인후과의원,의원,ok,6,
JDQ4MTg4MSM1MSMkMiMkOCMkMDAkMzgxMzUxIzUxIyQxIyQ1IyQ3OSQzNjE4MzIjNTEjJDEjJDIjJDgz,개포센트럴이비인후과의원,의원,ok,4,
JDQ4MTg4MSM1MSMkMiMkOCMkMDAkMzgxMzUxIzUxIyQxIyQ1IyQ5MiQzNjEwMDIjNzEjJDEjJDgjJDgz,강북으뜸내과의원,의원,ok,1,
JDQ4MTg4MSM1MSMkMiMkOCMkMDAkMzgxMzUxIzUxIyQxIyQ1IyQ5MiQzNjEyMjIjNjEjJDEjJDQjJDgz,강남스탠다드정형외과의원,의원,ok,2,
JDQ4MTg4MSM1MSMkMiMkOCMkMDAkMzgxMzUxIzUxIyQxIyQ1IyQwMyQ0NjE0ODEjODEjJDEjJDYjJDgz,갤러리아피부과의원,의원,ok,3,
JDQ4MTg4MSM1MSMkMiMkOCMkMDAkMzgxMzUxIzUxIyQxIyQ1IyQxMyQzNjEyMjIjNDEjJDEjJDQjJDgz,강남플랜에스의원,의원,ok,3,
JDQ4MTg4MSM1MSMkMiMkOCMkMDAkMzgxMzUxIzUxIyQxIyQxIyQ3OSQ0NjE0ODEjNjEjJDEjJDAjJDgz,21성형외과의원,의원,ok,2,
JDQ4MTg4MSM1MSMkMiMkOCMkMDAkMzgxMzUxIzUxIyQxIyQxIyQ3OSQzNjE0ODEjNDEjJDEjJDgjJDgz,개포숲정신건강의학과의원,의원,ok,1,
JDQ4MTg4MSM1MSMkMiMkOCMkMDAkMzgxMzUxIzUxIyQxIyQxIyQ3OSQzNjE4MzIjNjEjJDEjJDgjJDgz,개포삼성정형외과의원,의원,ok,4,
JDQ4MTg4MSM1MSMkMiMkOCMkMDAkMzgxMzUxIzUxIyQxIyQxIyQ5MiQyNjE0ODEjNDEjJDEjJDQjJDgz,강동뼈선생정형외과의원,의원,ok,4,
JDQ4MTg4MSM1MSMkMiMkOCMkMDAkMzgxMzUxIzUxIyQxIyQxIyQ5OSQyNjE0ODEjNTEjJDEjJDYjJDgz,가넷성형외과의원,의원,ok,1,
JDQ4MTg4MSM1MSMkMiMkOCMkMDAkMzgxMzUxIzUxIyQyIyQ1IyQwMCQzNjE0ODEjNDEjJDEjJDQjJDgz,강남미래영상의학과의원,의원,ok,1,
JDQ4MTg4MSM1MSMkMiMkOCMkMDAkMzgxMzUxIzUxIyQyIyQxIyQwMCQyNjE0ODEjNDEjJDEjJDgjJDgz,강서바른내과의원,의원,ok,6,
JDQ4MTg4MSM1MSMkMiMkOCMkMDAkMzgxOTYxIzExIyQxIyQ3IyQ2MiQ0NjE0ODEjNjEjJDEjJDAjJDgz,강동이엠365의원,의원,ok,14,
JDQ4MTg4MSM1MSMkMiMkOCMkMDAkMzgxOTYxIzExIyQxIyQ3IyQ5OSQyNjE4MzIjODEjJDEjJDYjJDgz,강남성모비뇨의학과의원,의원,ok,1,
JDQ4MTg4MSM1MSMkMiMkOCMkMDAkMzgxOTYxIzExIyQxIyQ3IyQxMyQzNjE0ODEjODEjJDEjJDIjJDgz,강동명일활기찬재활의학과의원,의원,ok,5,
JDQ4MTg4MSM1MSMkMiMkOCMkMDAkMzgxOTYxIzExIyQxIyQzIyQ3OSQ0NjEwMDIjNzEjJDEjJDgjJDgz,365온(ON)가정의원,의원,ok,8,
JDQ4MTg4MSM1MSMkMiMkOCMkMDAkMzgxOTYxIzExIyQxIyQzIyQ4MiQ0NjEwMDIjNDEjJDEjJDgjJDgz,강남챔피언정형외과의원,의원,ok,4,
JDQ4MTg4MSM1MSMkMiMkOCMkMDAkMzgxOTYxIzExIyQxIyQzIyQ5OSQyNjE0ODEjODEjJDEjJDIjJDgz,강일바른내과의원,의원,ok,1,
JDQ4MTg4MSM1MSMkMiMkOCMkMDAkMzgxOTYxIzExIyQxIyQzIyQwMyQyNjE4MzIjNjEjJDEjJDgjJDgz,강남호랑이마취통증의학과의원,의원,ok,11,
JDQ4MTg4MSM1MSMkMiMkOCMkMDAkMzgxOTYxIzExIyQxIyQzIyQxMyQ0NjEwMDIjNTEjJDEjJDIjJDgz,강남비비의원,의원,ok,1,
JDQ4MTg4MSM1MSMkMiMkOCMkMDAkMzgxOTYxIzExIyQxIyQzIyQxMyQzNjEyMjIjODEjJDEjJDIjJDgz,가온정신건강의학과의원,의원,ok,1,
JDQ4MTg4MSM1MSMkMiMkOCMkMDAkMzgxOTYxIzExIyQyIyQzIyQwMCQyNjE4MzIjNDEjJDEjJDQjJDgz,(주)제이시스메디칼부속의원,의원,ok,2,
JDQ4MTg4MSM1MSMkMiMkOCMkMDAkMzgxOTYxIzExIyQyIyQzIyQwMCQzNjE4MzIjNTEjJDEjJDIjJDgz,가암염원석성형외과의원,의원,ok,1,
JDQ4MTg4MSM1MSMkMiMkOCMkMDAkMzgxOTYxIzExIyQyIyQzIyQwMCQzNjEyMjIjNjEjJDEjJDAjJDgz,강동연세비뇨의학과의원,의원,ok,1,
JDQ4MTg4MSM1MSMkMiMkOCMkMDAkMzgxOTYxIzIxIyQxIyQ1IyQ2MiQzNjEyMjIjNDEjJDEjJDgjJDgz,강남에프엠의원,의원,ok,3,
JDQ4MTg4MSM1MSMkMiMkOCMkMDAkMzgxOTYxIzIxIyQxIyQ1IyQ4MiQ0NjEwMDIjNDEjJDEjJDQjJDgz,강북성모내과의원,의원,ok,7,
JDQ4MTg4MSM1MSMkMiMkOCMkMDAkMzgxOTYxIzIxIyQxIyQ1IyQ4MiQyNjEwMDIjNjEjJDEjJDAjJDgz,가양삼성정형외과의원,의원,ok,5,
JDQ4MTg4MSM1MSMkMiMkOCMkMDAkMzgxOTYxIzIxIyQxIyQ1IyQ4OSQ0NjEwMDIjNTEjJDEjJDYjJDgz,개포삼성안과의원,의원,ok,1,
JDQ4MTg4MSM1MSMkMiMkOCMkMDAkMzgxOTYxIzIxIyQxIyQ5IyQ4MiQzNjE0ODEjNjEjJDEjJDQjJDgz,강서톡스앤필의원,의원,ok,2,
JDQ4MTg4MSM1MSMkMiMkOCMkMDAkMzgxOTYxIzIxIyQxIyQ5IyQ5MiQzNjE4MzIjNzEjJDEjJDgjJDgz,강남르시엘여성의원,의원,ok,2,
JDQ4MTg4MSM1MSMkMiMkOCMkMDAkMzgxOTYxIzIxIyQxIyQ5IyQwMyQyNjEyMjIjNTEjJDEjJDYjJDgz,강남현안과의원,의원,ok,1,
JDQ4MTg4MSM1MSMkMiMkOCMkMDAkMzgxOTYxIzIxIyQxIyQ5IyQwMyQzNjE0ODEjNDEjJDEjJDQjJDgz,강동세브란스내과의원,의원,ok,6,
JDQ4MTg4MSM1MSMkMiMkOCMkMDAkMzgxOTYxIzIxIyQxIyQxIyQ2MiQyNjEyMjIjNDEjJDEjJDgjJDgz,가산퍼스트정형외과의원,의원,ok,6,
JDQ4MTg4MSM1MSMkMiMkOCMkMDAkMzgxOTYxIzIxIyQxIyQxIyQ3MiQzNjE0ODEjNjEjJDEjJDQjJDgz,365삼성의원,의원,ok,11,
JDQ4MTg4MSM1MSMkMiMkOCMkMDAkMzgxOTYxIzIxIyQxIyQxIyQ4MiQzNjE0ODEjNTEjJDEjJDIjJDgz,강동천호내과의원,의원,ok,2,
JDQ4MTg4MSM1MSMkMiMkOCMkMDAkMzgxOTYxIzIxIyQxIyQxIyQ5OSQyNjE4MzIjNjEjJDEjJDQjJDgz,강동탑정형외과의원,의원,ok,4,
JDQ4MTg4MSM1MSMkMiMkOCMkMDAkMzgxOTYxIzIxIyQxIyQxIyQ5OSQzNjE0ODEjNTEjJDEjJDYjJDgz,강인한소아청소년과의원,의원,ok,4,
JDQ4MTg4MSM1MSMkMiMkOCMkMDAkMzgxOTYxIzIxIyQyIyQ1IyQwMCQzNjEyMjIjNTEjJDEjJDYjJDgz,가양메트로정형외과의원,의원,ok,7,
JDQ4MTg4MSM1MSMkMiMkOCMkMDAkMzgxOTYxIzMxIyQxIyQ3IyQ2MiQzNjEyMjIjNDEjJDEjJDQjJDgz,강남헤라성형외과의원,의원,ok,2,
JDQ4MTg4MSM1MSMkMiMkOCMkMDAkMzgxOTYxIzMxIyQxIyQ3IyQ3MiQzNjEyMjIjNzEjJDEjJDgjJDgz,강남연세외과의원,의원,ok,3,
JDQ4MTg4MSM1MSMkMiMkOCMkMDAkMzgxOTYxIzMxIyQxIyQ3IyQ4MiQyNjEyMjIjNDEjJDEjJDgjJDgz,강남스마트신경과의원,의원,ok,3,
JDQ4MTg4MSM1MSMkMiMkOCMkMDAkMzgxOTYxIzMxIyQxIyQ3IyQ5MiQzNjEyMjIjNDEjJDEjJDgjJDgz,강남엔도내과의원,의원,ok,1,
JDQ4MTg4MSM1MSMkMiMkOCMkMDAkMzgxOTYxIzMxIyQxIyQ3IyQ5OSQyNjE4MzIjNDEjJDEjJDgjJDgz,강남웰니스내과의원,의원,ok,2,
JDQ4MTg4MSM1MSMkMiMkOCMkMDAkMzgxOTYxIzMxIyQxIyQzIyQ3OSQyNjE4MzIjNDEjJDEjJDQjJDgz,강남아이디의원,의원,ok,3,
JDQ4MTg4MSM1MSMkMiMkOCMkMDAkMzgxOTYxIzMxIyQxIyQzIyQwMyQyNjE4MzIjODEjJDEjJDIjJDgz,강남현비뇨의학과의원,의원,ok,6,
JDQ4MTg4MSM1MSMkMiMkOCMkMDAkMzgxOTYxIzMxIyQxIyQzIyQwMyQyNjEwMDIjNDEjJDEjJDgjJDgz,365아산원탑마취통증의학과재활의학과의원,의원,ok,5,
JDQ4MTg4MSM1MSMkMiMkOCMkMDAkMzgxOTYxIzMxIyQyIyQ3IyQwMCQzNjE4MzIjNDEjJDEjJDgjJDgz,개포삼성앤서울내과의원,의원,ok,5,
JDQ4MTg4MSM1MSMkMiMkOCMkMDAkMzgxOTYxIzMxIyQyIyQ3IyQwMCQzNjEyMjIjNTEjJDEjJDIjJDgz,갤러리아피부과의원,의원,ok,1,
JDQ4MTg4MSM1MSMkMiMkOCMkMDAkMzgxOTYxIzQxIyQxIyQ3IyQ3MiQzNjE4MzIjNDEjJDEjJDgjJDgz,가산시그니처정형외과의원,의원,ok,6,
JDQ4MTg4MSM1MSMkMiMkOCMkMDAkMzgxOTYxIzQxIyQxIyQ3IyQwMyQzNjEwMDIjNzEjJDEjJDgjJDgz,강동유외과의원,의원,ok,1,
JDQ4MTg4MSM1MSMkMiMkOCMkMDAkMzgxOTYxIzUxIyQxIyQ1IyQ2MiQ0NjEwMDIjNTEjJDEjJDYjJDgz,강남리더스정형외과의원,의원,ok,4,
JDQ4MTg4MSM1MSMkMiMkOCMkMDAkMzgxOTYxIzUxIyQxIyQ1IyQ3MiQzNjE4MzIjNjEjJDEjJDAjJDgz,강동삼성산부인과의원,의원,ok,1,
JDQ4MTg4MSM1MSMkMiMkOCMkMDAkMzgxOTYxIzUxIyQxIyQ1IyQ4OSQyNjE4MzIjNTEjJDEjJDIjJDgz,강남메이퓨어의원,의원,ok,1,
JDQ4MTg4MSM1MSMkMiMkOCMkMDAkMzgxOTYxIzUxIyQxIyQ1IyQ5MiQ0NjEwMDIjNjEjJDEjJDQjJDgz,강남 리쥬엘의원,의원,ok,3,
JDQ4MTg4MSM1MSMkMiMkOCMkMDAkMzgxOTYxIzUxIyQxIyQ1IyQ5MiQzNjE4MzIjODEjJDEjJDYjJDgz,365웰정형외과의원,의원,ok,3,
JDQ4MTg4MSM1MSMkMiMkOCMkMDAkMzgxOTYxIzUxIyQxIyQ1IyQxMyQ0NjEwMDIjNDEjJDEjJDQjJDgz,강남진정형외과의원,의원,ok,4,
JDQ4MTg4MSM1MSMkMiMkOCMkMDAkMzgxOTYxIzUxIyQxIyQ1IyQxMyQyNjEyMjIjNTEjJDEjJDIjJDgz,365역촌으뜸본재활의학과의원,의원,ok,4,
JDQ4MTg4MSM1MSMkMiMkOCMkMDAkMzgxOTYxIzUxIyQxIyQxIyQ3OSQyNjE0ODEjNjEjJDEjJDAjJDgz,강남닥터에버스의원,의원,ok,1,
JDQ4MTg4MSM1MSMkMiMkOCMkMDAkMzgxOTYxIzUxIyQxIyQxIyQxMyQzNjE4MzIjNzEjJDEjJDgjJDgz,(사)경찰공제회 강서적성의원,의원,ok,3,
JDQ4MTg4MSM1MSMkMiMkOCMkMDAkMzgxOTYxIzUxIyQxIyQxIyQxMyQzNjEwMDIjNDEjJDEjJDgjJDgz,365더잘봄정형외과의원,의원,ok,6,
JDQ4MTg4MSM1MSMkMSMkMCMkOTIkMzgxMzUxIzExIyQxIyQzIyQ4OSQ0NjEwMDIjNDEjJDEjJDQjJDgz,강남구보건소,보건소,ok,0,
JDQ4MTg4MSM1MSMkMSMkMCMkOTIkMzgxMzUxIzExIyQxIyQzIyQ3OSQzNjEwMDIjNDEjJDEjJDQjJDgz,강동구보건소,보건소,ok,0,
JDQ4MTg4MSM1MSMkMSMkMCMkOTIkMzgxMzUxIzExIyQxIyQzIyQ3OSQzNjEyMjIjODEjJDEjJDIjJDgz,관악구보건소,보건소,ok,0,
JDQ4MTg4MSM1MSMkMSMkMCMkOTIkMzgxMzUxIzExIyQxIyQzIyQ5OSQyNjEyMjIjNDEjJDEjJDQjJDgz,구로구보건소,보건소,ok,0,
JDQ4MTg4MSM1MSMkMSMkMCMkOTIkMzgxMzUxIzExIyQxIyQzIyQ3OSQyNjEyMjIjNjEjJDEjJDQjJDgz,노원구보건소,보건소,ok,0,
JDQ4MTg4MSM1MSMkMSMkMCMkOTIkMzgxMzUxIzExIyQxIyQzIyQ4OSQzNjE4MzIjNTEjJDEjJDYjJDgz,도봉구보건소,보건소,ok,0,
JDQ4MTg4MSM1MSMkMSMkMCMkOTIkMzgxMzUxIzExIyQxIyQzIyQ4OSQzNjEyMjIjNjEjJDEjJDQjJDgz,동대문구보건소,보건소,ok,0,
JDQ4MTg4MSM1MSMkMSMkMCMkOTIkMzgxMzUxIzExIyQxIyQzIyQ3OSQyNjEwMDIjNzEjJDEjJDgjJDgz,마포구보건소,보건소,ok,0,
JDQ4MTg4MSM1MSMkMSMkMCMkOTIkMzgxMzUxIzExIyQxIyQzIyQ4OSQyNjE4MzIjNDEjJDEjJDgjJDgz,서울특별시동작구보건소,보건소,ok,0,
JDQ4MTg4MSM1MSMkMSMkMCMkOTIkMzgxMzUxIzExIyQxIyQzIyQ3OSQ0NjEwMDIjNTEjJDEjJDIjJDgz,서울특별시성동구보건소,보건소,ok,0,
JDQ4MTg4MSM1MSMkMSMkMCMkOTIkMzgxMzUxIzExIyQxIyQzIyQ5OSQyNjE0ODEjNTEjJDEjJDYjJDgz,서초구보건소,보건소,ok,0,
JDQ4MTg4MSM1MSMkMSMkMCMkOTIkMzgxMzUxIzExIyQxIyQzIyQ3OSQyNjE4MzIjNTEjJDEjJDYjJDgz,성북구보건소,보건소,ok,0,
JDQ4MTg4MSM1MSMkMSMkMCMkOTIkMzgxMzUxIzExIyQxIyQzIyQ5OSQyNjEwMDIjNDEjJDEjJDgjJDgz,양천구보건소,보건소,ok,0,
JDQ4MTg4MSM1MSMkMSMkMCMkOTIkMzgxMzUxIzExIyQxIyQzIyQ4OSQ0NjE0ODEjNDEjJDEjJDgjJDgz,용산구보건소,보건소,ok,0,
JDQ4MTg4MSM1MSMkMSMkMCMkOTIkMzgxMzUxIzExIyQxIyQzIyQ4OSQyNjEyMjIjNTEjJDEjJDIjJDgz,종로구보건소,보건소,ok,0,
JDQ4MTg4MSM1MSMkMSMkMCMkOTIkMzgxMTkxIzExIyQxIyQzIyQ3OSQzNjE0ODEjNTEjJDEjJDIjJDgz,구산보건지소,보건지소,ok,0,
JDQ4MTg4MSM1MSMkMSMkMCMkOTIkMzgxMTkxIzExIyQxIyQzIyQ3OSQyNjE0ODEjNDEjJDEjJDQjJDgz,노원구보건지소,보건지소,ok,0,
JDQ4MTg4MSM1MSMkMSMkOCMkOTIkMzgxOTYxIzExIyQxIyQzIyQ3OSQyNjE0ODEjNDEjJDEjJDgjJDgz,불광보건지소,보건지소,ok,0,
JDQ4MTg4MSM1MSMkMSMkMCMkOTIkMzgxMTkxIzExIyQxIyQzIyQ3OSQyNjEyMjIjNjEjJDEjJDgjJDgz,서대문구가좌보건지소,보건지소,ok,0,
JDQ4MTg4MSM1MSMkMSMkMCMkOTIkMzgxMTkxIzExIyQxIyQzIyQ3OSQyNjE4MzIjNjEjJDEjJDAjJDgz,서초구방배보건지소,보건지소,ok,0,
JDQ4MTg4MSM1MSMkMSMkMCMkOTIkMzgxMTkxIzExIyQxIyQzIyQ3OSQzNjEyMjIjODEjJDEjJDYjJDgz,응암보건지소,보건지소,ok,0,
JDQ4MTg4MSM1MSMkMSMkMCMkOTkkMzgxMzUxIzUxIyQxIyQxIyQ4OSQyNjEyMjIjNDEjJDEjJDgjJDgz,낭만병원,병원,ok,6,
JDQ4MTg4MSM1MSMkMSMkMCMkOTkkMzgxMzUxIzQxIyQxIyQ3IyQwMyQzNjEyMjIjODEjJDEjJDIjJDgz,덕수의료재단 서울브레인병원,병원,ok,3,
JDQ4MTg4MSM1MSMkMSMkMCMkOTkkMzgxMzUxIzMxIyQxIyQzIyQxMyQyNjE4MzIjODEjJDEjJDIjJDgz,디앤에프병원,병원,ok,2,
JDQ4MTg4MSM1MSMkMSMkMCMkOTkkMzgxMzUxIzIxIyQxIyQ5IyQ4MiQ0NjE0ODEjNDEjJDEjJDgjJDgz,메디힐병원,병원,ok,13,
