요양기관명,시도명,시군구명,요양기관종별,표시과목,주소,중환자실 병상수 소계,성인 중환자실 병상수,소아 중환자실 병상수,신생아 중환자실 병상수,격리병실 병상수
서울대학교병원,서울특별시,종로구,상급종합병원,해당사항없음,서울특별시 종로구 대학로 101 (연건동),170,106,24,40,7
강북삼성병원,서울특별시,종로구,상급종합병원,해당사항없음,서울특별시 종로구 새문안로 29 (평동),64,53,0,11,12
서울적십자병원,서울특별시,종로구,종합병원,해당사항없음,"서울특별시 종로구 새문안로 9, 적십자병원 (평동)",12,12,0,0,6
국립중앙의료원,서울특별시,중구,종합병원,해당사항없음,"서울특별시 중구 을지로 245, 국립중앙의료원 (을지로6가)",55,55,0,0,37
순천향대학교 부속 서울병원,서울특별시,용산구,종합병원,해당사항없음,서울특별시 용산구 대사관로 59 (한남동),68,55,0,13,4
한양대학교병원,서울특별시,성동구,상급종합병원,해당사항없음,서울특별시 성동구 왕십리로 222-1 (사근동),89,64,0,25,20
재단법인베스티안재단베스티안서울병원,서울특별시,성동구,종합병원,해당사항없음,서울특별시 성동구 왕십리로 382 (하왕십리동),5,5,0,0,0
서울효사랑요양병원,서울특별시,성동구,요양병원,해당사항없음,서울특별시 성동구 동일로 93 (성수동2가),0,0,0,0,115
건국대학교병원,서울특별시,광진구,상급종합병원,해당사항없음,서울특별시 광진구 능동로 120-1 (화양동),78,62,0,16,3
혜민병원,서울특별시,광진구,종합병원,해당사항없음,서울특별시 광진구 자양로 85 (자양동),19,19,0,0,0
편안한요양병원,서울특별시,광진구,요양병원,해당사항없음,"서울특별시 광진구 자양로 38, 편안한요양병원 (자양동)",0,0,0,0,4
국립정신건강센터,서울특별시,광진구,정신병원,해당사항없음,"서울특별시 광진구 용마산로 127 (중곡동, 국립정신건강센터)",0,0,0,0,43
경희대학교병원,서울특별시,동대문구,상급종합병원,해당사항없음,서울특별시 동대문구 경희대로 23 (회기동),106,88,0,18,19
서울특별시 동부병원,서울특별시,동대문구,종합병원,해당사항없음,서울특별시 동대문구 무학로 124 (용두동),9,9,0,0,6
삼육서울병원,서울특별시,동대문구,종합병원,해당사항없음,서울특별시 동대문구 망우로 82 (휘경동),22,18,0,4,4
서울성심병원,서울특별시,동대문구,종합병원,해당사항없음,"서울특별시 동대문구 왕산로 259, 서울성심병원 (청량리동)",11,11,0,0,1
서울탑병원,서울특별시,동대문구,병원,일반의,"서울특별시 동대문구 정릉천동로 102, 지하1층~지상4층 (제기동)",0,0,0,0,32
녹색병원,서울특별시,중랑구,종합병원,해당사항없음,서울특별시 중랑구 사가정로49길 53 (면목동),20,20,0,0,3
서울특별시서울의료원,서울특별시,중랑구,종합병원,해당사항없음,서울특별시 중랑구 신내로 156 (신내동),41,38,0,3,15
서울특별시 북부병원,서울특별시,중랑구,병원,일반의,서울특별시 중랑구 양원역로 38 (망우동),0,0,0,0,3
팔팔병원,서울특별시,중랑구,병원,일반의,"서울특별시 중랑구 동일로 679 (면목동, 88병원)",6,6,0,0,0
학교법인 고려중앙학원 고려대학교의과대학부속병원(안암병원),서울특별시,성북구,상급종합병원,해당사항없음,"서울특별시 성북구 고려대로 73, 고려대병원 (안암동5가)",91,71,0,20,14
성북서울요양병원,서울특별시,성북구,요양병원,해당사항없음,서울특별시 성북구 종암로 31 (종암동),0,0,0,0,1
의료법인성화의료재단  대한병원,서울특별시,강북구,종합병원,해당사항없음,"서울특별시 강북구 도봉로 301 (수유동, 대한병원)",15,15,0,0,1
서울현대병원,서울특별시,강북구,종합병원,해당사항없음,"서울특별시 강북구 도봉로 374 (번동, 서울현대병원)",9,9,0,0,0
국립재활원,서울특별시,강북구,병원,재활의학과,"서울특별시 강북구 삼각산로 58 (수유동, 국립재활원)",0,0,0,0,1
신일병원,서울특별시,강북구,병원,일반의,서울특별시 강북구 덕릉로 73 (수유동),0,0,0,0,2
의료법인한전의료재단 한일병원,서울특별시,도봉구,종합병원,해당사항없음,"서울특별시 도봉구 우이천로 308, 한일병원 (쌍문동)",24,24,0,0,8
인제대학교 상계백병원,서울특별시,노원구,종합병원,해당사항없음,"서울특별시 노원구 동일로 1342, 상계백병원 (상계동)",56,40,0,16,3
노원을지대학교병원,서울특별시,노원구,종합병원,해당사항없음,"서울특별시 노원구 한글비석로 68, 을지병원 (하계동)",44,34,0,10,1
한국원자력의학원원자력병원,서울특별시,노원구,종합병원,해당사항없음,"서울특별시 노원구 노원로 75, 한국원자력의학원 (공릉동)",24,24,0,0,1
의료법인 행복나눔의료재단 사랑요양병원,서울특별시,노원구,요양병원,해당사항없음,"서울특별시 노원구 동일로243길 45 (상계동, 사랑요양병원)",0,0,0,0,18
더조은요양병원,서울특별시,노원구,요양병원,해당사항없음,서울특별시 노원구 화랑로 323 (월계동),0,0,0,0,108
그레이스힐 요양병원,서울특별시,노원구,요양병원,해당사항없음,"서울특별시 노원구 노원로 461, 대감프라자빌딩 3,4,5,6층 (상계동)",0,0,0,0,180
가톨릭대학교 은평성모병원,서울특별시,은평구,종합병원,해당사항없음,서울특별시 은평구 통일로 1021 (진관동),79,54,0,25,17
의료법인 청구성심병원,서울특별시,은평구,종합병원,해당사항없음,서울특별시 은평구 통일로 873 (갈현동),6,6,0,0,13
서울특별시서북병원,서울특별시,은평구,병원,일반의,서울특별시 은평구 갈현로7길 49 (역촌동),0,0,0,0,61
연세노블병원,서울특별시,은평구,병원,일반의,서울특별시 은평구 서오릉로 37 (녹번동),0,0,0,0,2
한국효요양병원,서울특별시,은평구,요양병원,해당사항없음,"서울특별시 은평구 은평로 170, 6층,7층,8층 (응암동, 상현빌딩동)",0,0,0,0,16
연세대학교의과대학세브란스병원,서울특별시,서대문구,상급종합병원,해당사항없음,서울특별시 서대문구 연세로 50-1 (신촌동),245,168,25,52,44
의료법인동신의료재단 동신병원,서울특별시,서대문구,종합병원,해당사항없음,"서울특별시 서대문구 연희로 272, 동신병원 본관동 (홍은동)",9,9,0,0,7
서울호흡안심병원,서울특별시,서대문구,병원,일반의,서울특별시 서대문구 세무서길 20 (홍제동),7,7,0,0,0
이화여자대학교의과대학부속목동병원,서울특별시,양천구,상급종합병원,해당사항없음,서울특별시 양천구 안양천로 1071 (목동),90,60,0,30,9
홍익병원,서울특별시,양천구,종합병원,해당사항없음,"서울특별시 양천구 목동로 225, 홍익병원본관 (신정동)",15,15,0,0,1
서울특별시서남병원,서울특별시,양천구,종합병원,해당사항없음,서울특별시 양천구 신정이펜1로 20 (신정동),18,18,0,0,4
서울스마트요양병원,서울특별시,양천구,요양병원,해당사항없음,"서울특별시 양천구 중앙로 181, 복합메디컬타운 3~8층 (신정동)",0,0,0,0,1
미즈메디병원,서울특별시,강서구,종합병원,해당사항없음,서울특별시 강서구 강서로 295 (내발산동),0,0,0,0,1
부민병원,서울특별시,강서구,종합병원,해당사항없음,"서울특별시 강서구 공항대로 389, 부민병원 (등촌동)",15,15,0,0,3
우리들병원,서울특별시,강서구,종합병원,해당사항없음,서울특별시 강서구 하늘길 70 (과해동),0,0,0,0,1
이화여자대학교의과대학부속서울병원,서울특별시,강서구,종합병원,해당사항없음,"서울특별시 강서구 공항대로 260, 이화의대부속서울병원 (마곡동)",116,92,0,24,6
강서푸른꿈성모어린이병원,서울특별시,강서구,병원,일반의,"서울특별시 강서구 공항대로41길 34, 플러스존 3,8,9층 (등촌동)",0,0,0,0,1
더서밋요양병원,서울특별시,강서구,요양병원,해당사항없음,"서울특별시 강서구 양천로 715, 지하3층~8층 (염창동)",0,0,0,0,1
고려대학교의과대학부속구로병원,서울특별시,구로구,상급종합병원,해당사항없음,"서울특별시 구로구 구로동로 148, 고려대부속구로병원 (구로동)",118,95,0,23,8
구로성심병원,서울특별시,구로구,종합병원,해당사항없음,"서울특별시 구로구 경인로 427, 구로성심병원 (고척동)",11,11,0,0,0
더세인트요양병원,서울특별시,구로구,요양병원,해당사항없음,"서울특별시 구로구 경인로 218, 더세인트빌딩 B1.B중,3~15층 (오류동)",0,0,0,0,1
의료법인 어울림의료재단 정성요양병원,서울특별시,구로구,요양병원,해당사항없음,"서울특별시 구로구 남부순환로107길 24, 정성요양병원 (가리봉동)",0,0,0,0,1
의료법인 미소들노인전문병원,서울특별시,구로구,요양병원,해당사항없음,"서울특별시 구로구 고척로21나길 88-41 (개봉동, 미소들병원)",0,0,0,0,1
서울브이아이피(VIP)요양병원,서울특별시,구로구,요양병원,해당사항없음,"서울특별시 구로구 경인로 297, 오류빌딩 (개봉동)",0,0,0,0,1
희명병원,서울특별시,금천구,종합병원,해당사항없음,서울특별시 금천구 시흥대로 244 (시흥동),19,19,0,0,0
새움병원,서울특별시,금천구,병원,일반의,"서울특별시 금천구 시흥대로139길 8, 새움병원 (독산동)",0,0,0,0,4
가톨릭대학교 여의도성모병원,서울특별시,영등포구,종합병원,해당사항없음,"서울특별시 영등포구 63로 10, 여의도성모병원 (여의도동)",30,30,0,0,1
한림대학교 한강성심병원,서울특별시,영등포구,종합병원,해당사항없음,"서울특별시 영등포구 버드나루로7길 12 (영등포동7가, 한강성심병원)",12,12,0,0,2
한림대학교 강남성심병원,서울특별시,영등포구,종합병원,해당사항없음,"서울특별시 영등포구 신길로 1 (대림동, 강남성심병원)",75,62,0,13,3
성애의료재단 성애병원,서울특별시,영등포구,종합병원,해당사항없음,"서울특별시 영등포구 여의대방로53길 22 (신길동, 성애병원)",24,20,0,4,0
명지성모병원,서울특별시,영등포구,종합병원,해당사항없음,"서울특별시 영등포구 도림로 156, 명지성모병원 (대림동)",13,13,0,0,5
의료법인 인봉의료재단 영등포병원,서울특별시,영등포구,병원,일반의,서울특별시 영등포구 당산로31길 10 (당산동3가),14,14,0,0,0
신화요양병원,서울특별시,영등포구,요양병원,해당사항없음,서울특별시 영등포구 영중로 100 (영등포동7가),0,0,0,0,3
서울센트럴요양병원,서울특별시,영등포구,요양병원,해당사항없음,서울특별시 영등포구 경인로 767 (문래동3가),0,0,0,0,1
마리아성모요양병원,서울특별시,영등포구,요양병원,해당사항없음,"서울특별시 영등포구 영중로 122 (영등포동8가, 일이빌딩)",0,0,0,0,40
중앙대학교병원,서울특별시,동작구,상급종합병원,해당사항없음,서울특별시 동작구 흑석로 102 (흑석동),101,76,0,25,47
서울특별시보라매병원,서울특별시,동작구,종합병원,해당사항없음,서울특별시 동작구 보라매로5길 20 (신대방동),53,39,0,14,11
의료법인에이치엠피의료재단녹십초요양병원,서울특별시,동작구,요양병원,해당사항없음,서울특별시 동작구 시흥대로 634 (신대방동),0,0,0,0,4
의료법인서울효천의료재단 에이치플러스양지병원,서울특별시,관악구,종합병원,해당사항없음,"서울특별시 관악구 남부순환로 1636, 양지병원 (신림동)",21,21,0,0,5
강남고려병원,서울특별시,관악구,병원,일반의,서울특별시 관악구 관악로 242 (봉천동),5,5,0,0,0
학교법인가톨릭학원가톨릭대학교서울성모병원,서울특별시,서초구,상급종합병원,해당사항없음,서울특별시 서초구 반포대로 222 (반포동),159,104,5,50,10
연세대학교의과대학 강남세브란스병원,서울특별시,강남구,상급종합병원,해당사항없음,"서울특별시 강남구 언주로 211, 강남세브란스병원 (도곡동)",77,49,0,28,21
삼성서울병원,서울특별시,강남구,상급종합병원,해당사항없음,"서울특별시 강남구 일원로 81 (일원동, 삼성의료원)",229,141,29,59,21
차의과학대학교 강남차병원,서울특별시,강남구,종합병원,해당사항없음,"서울특별시 강남구 논현로 566, 강남차병원(역삼동650-9, 606-4, 605외2필지(지하7층~지하1층, 지상2층~7층)) (역삼동)",30,0,0,30,1
강남베드로병원,서울특별시,강남구,종합병원,해당사항없음,"서울특별시 강남구 남부순환로 2649, 베드로병원 (도곡동)",0,0,0,0,15
강남구립행복요양병원,서울특별시,강남구,요양병원,해당사항없음,"서울특별시 강남구 헌릉로590길 60 (세곡동, 강남구립 행복요양병원)",0,0,0,0,2
재단법인아산사회복지재단 서울아산병원,서울특별시,송파구,상급종합병원,해당사항없음,"서울특별시 송파구 올림픽로43길 88, 서울아산병원 (풍납동)",281,189,30,62,14
경찰병원,서울특별시,송파구,종합병원,해당사항없음,"서울특별시 송파구 송이로 123, 국립경찰병원 (가락동)",16,16,0,0,3
한국보훈복지의료공단 중앙보훈병원,서울특별시,강동구,종합병원,해당사항없음,서울특별시 강동구 진황도로61길 53 (둔촌동),54,54,0,0,28
성심의료재단강동성심병원,서울특별시,강동구,종합병원,해당사항없음,서울특별시 강동구 성안로 150 (길동),49,46,0,3,32
강동경희대학교병원,서울특별시,강동구,종합병원,해당사항없음,서울특별시 강동구 동남로 892 (상일동),64,47,0,17,7
강동아너스힐병원,서울특별시,강동구,병원,일반의,"서울특별시 강동구 양재대로 1463, 5~15층 (길동)",0,0,0,0,248
한국보훈복지의료공단 서울요양병원,서울특별시,강동구,요양병원,해당사항없음,"서울특별시 강동구 진황도로61길 53, 서울요양병원 (둔촌동)",0,0,0,0,1
강동성모요양병원,서울특별시,강동구,요양병원,해당사항없음,"서울특별시 강동구 올림픽로80길 31, 로뎀빌딩 (천호동)",0,0,0,0,1
서울현대요양병원,서울특별시,강동구,요양병원,해당사항없음,"서울특별시 강동구 올림픽로 684, 서울현대요양병원 (천호동)",0,0,0,0,24
서울숲요양병원,서울특별시,강동구,요양병원,해당사항없음,"서울특별시 강동구 고덕로 295-60, 원케어메디컬타운 (고덕동)",0,0,0,0,1
재단법인천주교부산교구유지재단 메리놀병원,부산광역시,중구,종합병원,해당사항없음,부산광역시 중구 중구로 121 (대청동4가),19,19,0,0,4
의료법인나라의료재단중앙나라요양병원,부산광역시,중구,요양병원,해당사항없음,부산광역시 중구 중앙대로 69 (중앙동3가),0,0,0,0,1
의료법인연송의료재단 신창요양병원,부산광역시,중구,요양병원,해당사항없음,부산광역시 중구 중앙대로 55 (중앙동2가),0,0,0,0,1
부산대학교병원,부산광역시,서구,상급종합병원,해당사항없음,부산광역시 서구 구덕로 179 (아미동1가),136,116,0,20,28
고신대학교복음병원,부산광역시,서구,상급종합병원,해당사항없음,부산광역시 서구 감천로 262 (암남동),95,77,0,18,10
동아대학교병원,부산광역시,서구,상급종합병원,해당사항없음,부산광역시 서구 대신공원로 26 (동대신동3가),119,99,0,20,4
삼육부산병원,부산광역시,서구,종합병원,해당사항없음,부산광역시 서구 대티로 170 (서대신동2가),15,15,0,0,11
송도요양병원,부산광역시,서구,요양병원,해당사항없음,부산광역시 서구 암남공원로 522 (암남동),0,0,0,0,1
재단법인일신기독교선교회 일신기독병원,부산광역시,동구,종합병원,해당사항없음,부산광역시 동구 정공단로 27 (좌천동),12,0,0,12,0
의료법인정화의료재단 봉생기념병원,부산광역시,동구,종합병원,해당사항없음,"부산광역시 동구 중앙대로 401 (좌천동, 봉생병원)",22,22,0,0,1
좋은문화병원,부산광역시,동구,종합병원,해당사항없음,부산광역시 동구 범일로 119 (범일동),18,8,0,10,1
의료법인은경의료재단 인창요양병원,부산광역시,동구,요양병원,해당사항없음,부산광역시 동구 중앙대로 281 (초량동),0,0,0,0,1
의료법인나라의료재단 부산나라요양병원,부산광역시,동구,요양병원,해당사항없음,부산광역시 동구 중앙대로 421(좌천동),0,0,0,0,1
영도병원,부산광역시,영도구,종합병원,해당사항없음,부산광역시 영도구 태종로 85 (대교동2가),10,10,0,0,1
의료법인 행도의료재단 해동병원,부산광역시,영도구,종합병원,해당사항없음,부산광역시 영도구 태종로 133 (봉래동3가),9,9,0,0,2
의료법인 성원의료재단 영도참편한 요양병원,부산광역시,영도구,요양병원,해당사항없음,"부산광역시 영도구 동삼서로 21 (동삼동, 영도참편한요양병원)",0,0,0,0,1
정요양병원,부산광역시,영도구,요양병원,해당사항없음,부산광역시 영도구 절영로 32 (대교동1가),0,0,0,0,1
인제대학교부산백병원,부산광역시,부산진구,상급종합병원,해당사항없음,"부산광역시 부산진구 복지로 75, 진사로83번길 81, 1층(일부), 3층 (개금동)",101,66,0,35,20
학교법인)동의병원,부산광역시,부산진구,종합병원,해당사항없음,"부산광역시 부산진구 양정로 62, 지상2ㆍ3ㆍ10층 각 일부/ 지하1ㆍ지상1ㆍ지상4~지상8층 전층 (양정동)",23,23,0,0,2
의료법인 온그룹의료재단 온병원,부산광역시,부산진구,종합병원,해당사항없음,"부산광역시 부산진구 가야대로 719, ,767,721,본관 지하3~11층 전부,12층 일부,13~14층 전부,15층 일부,신관 1층, 9층 일부 (당감동)",35,35,0,0,6
사단법인청색회 연지그린요양병원,부산광역시,부산진구,요양병원,해당사항없음,부산광역시 부산진구 새싹로 186 (연지동),0,0,0,0,2
의료법인청원의료재단 수요양병원,부산광역시,부산진구,요양병원,해당사항없음,"부산광역시 부산진구 동평로 401, 지하2~지상10층 (양정동)",0,0,0,0,1
의료법인 사랑나눔의료재단 에보스요양병원,부산광역시,부산진구,요양병원,해당사항없음,부산광역시 부산진구 동천로107번길 8 (부전동),0,0,0,0,18
의료법인 온그룹의료재단 온요양병원,부산광역시,부산진구,요양병원,해당사항없음,"부산광역시 부산진구 가야대로 721, 신관 8층 일부, 9~14층 전부, 15층 일부, 16층 전부, 본관 12층 일부 (당감동)",0,0,0,0,1
대동병원,부산광역시,동래구,종합병원,해당사항없음,부산광역시 동래구 충렬대로 187 (명륜동),22,22,0,0,9
의료법인 광혜의료재단 광혜병원,부산광역시,동래구,종합병원,해당사항없음,"부산광역시 동래구 충렬대로 96 (온천동, 광혜병원)",9,9,0,0,1
동래봉생병원,부산광역시,동래구,종합병원,해당사항없음,부산광역시 동래구 안연로109번길 27 (안락동),20,20,0,0,2
빌리브세웅병원,부산광역시,동래구,종합병원,해당사항없음,부산광역시 동래구 충렬대로 455 (안락동),10,10,0,0,0
새봄병원,부산광역시,동래구,병원,일반의,"부산광역시 동래구 충렬대로 152, 3층일부,7~10층 (온천동)",0,0,0,0,3
거인병원,부산광역시,동래구,병원,일반의,"부산광역시 동래구 여고로 12, 거인병원 지하1,지상2~10층 (사직동)",0,0,0,0,1
의료법인 은빛의료재단 참사랑요양병원,부산광역시,동래구,요양병원,해당사항없음,"부산광역시 동래구 충렬대로 258, 참사랑요양병원 1-3일부,6-11층 (낙민동)",0,0,0,0,1
의료법인 강혜의료재단 온천사랑의요양병원,부산광역시,동래구,요양병원,해당사항없음,부산광역시 동래구 금강공원로 40 (온천동),0,0,0,0,1
세인요양병원,부산광역시,동래구,요양병원,해당사항없음,부산광역시 동래구 여고로 5(사직동),0,0,0,0,1
부산성모병원(재단법인 천주교부산교구유지재단),부산광역시,남구,종합병원,해당사항없음,부산광역시 남구 용호로232번길 25-14 (용호동),30,20,0,10,2
의료법인정화의료재단봉생힐링병원,부산광역시,남구,병원,일반의,부산광역시 남구 양지골로 241 (감만동),0,0,0,0,2
의료법인은경의료재단 인창대연요양병원,부산광역시,남구,요양병원,해당사항없음,부산광역시 남구 수영로 164 (대연동),0,0,0,0,3
의료법인인혜의료재단가나병원,부산광역시,남구,정신병원,해당사항없음,부산광역시 남구 유엔평화로 156 (용당동),0,0,0,0,1
의료법인 인당의료재단 부민병원,부산광역시,북구,종합병원,해당사항없음,부산광역시 북구 만덕대로 59 (덕천동),19,19,0,0,1
재단법인 베스티안재단 베스티안부산병원,부산광역시,북구,병원,일반의,부산광역시 북구 화명대로 1 (화명동),6,6,0,0,0
다사랑요양병원,부산광역시,북구,요양병원,해당사항없음,부산광역시 북구 덕천로 339 (만덕동),0,0,0,0,12
의료법인 은성의료재단 좋은리버뷰요양병원,부산광역시,북구,요양병원,해당사항없음,부산광역시 북구 금곡대로 586 (금곡동),0,0,0,0,1
인제대학교 해운대백병원,부산광역시,해운대구,종합병원,해당사항없음,부산광역시 해운대구 해운대로 875 (좌동),100,77,0,23,7
의료법인 인당의료재단 해운대부민병원,부산광역시,해운대구,종합병원,해당사항없음,"부산광역시 해운대구 해운대로 584, 해운대 부민병원 지하4~지상13층 (우동)",21,21,0,0,3
센텀이루다요양병원,부산광역시,해운대구,요양병원,해당사항없음,"부산광역시 해운대구 APEC로 17, 센텀리더스마크, 1.2층일부, 3층, 5~8층 (우동)",0,0,0,0,1
해운대 한빛요양병원,부산광역시,해운대구,요양병원,해당사항없음,"부산광역시 해운대구 반여로 156, 한빛요양병원 (반여동)",0,0,0,0,6
센텀파크요양병원,부산광역시,해운대구,요양병원,해당사항없음,부산광역시 해운대구 재반로 137 (재송동),0,0,0,0,1
하나병원,부산광역시,사하구,병원,일반의,부산광역시 사하구 다대로 311 (장림동),5,5,0,0,0
라파요양병원,부산광역시,사하구,요양병원,해당사항없음,"부산광역시 사하구 다대로 544, 3-4층 (다대동, 진요빌딩)",0,0,0,0,19
의료법인 성원의료재단 감천참편한요양병원,부산광역시,사하구,요양병원,해당사항없음,"부산광역시 사하구 감천로 125 (감천동, 우리빌딩)",0,0,0,0,1
의료법인한우리의료재단 한우리요양병원,부산광역시,사하구,요양병원,해당사항없음,부산광역시 사하구 원양로 400 (감천동),0,0,0,0,3
의료법인은성의료재단 좋은사랑요양병원,부산광역시,사하구,요양병원,해당사항없음,부산광역시 사하구 낙동대로 305 (괴정동),0,0,0,0,8
한빛요양병원,부산광역시,사하구,요양병원,해당사항없음,부산광역시 사하구 사하로 55 (구평동),0,0,0,0,5
화창한병원,부산광역시,금정구,병원,일반의,"부산광역시 금정구 중앙대로1685번길 12, 지하2~6층 (부곡동)",5,5,0,0,0
의료법인 라움의료재단 세웅병원,부산광역시,금정구,병원,일반의,부산광역시 금정구 서동로 162 (서동),9,9,0,0,0
의료법인 영파의료재단 규림요양병원,부산광역시,금정구,요양병원,해당사항없음,부산광역시 금정구 금샘로 59 (장전동),0,0,0,0,2
다움병원,부산광역시,금정구,정신병원,해당사항없음,부산광역시 금정구 체육공원로 608 (두구동),0,0,0,0,1
부산광역시의료원,부산광역시,연제구,종합병원,해당사항없음,"부산광역시 연제구 월드컵대로 359 (거제동, 1동, 5동일부)",27,27,0,0,23
세움병원,부산광역시,연제구,병원,일반의,부산광역시 연제구 고분로13번길 15 (연산동),0,0,0,0,12
비에이치에스한서병원,부산광역시,수영구,종합병원,해당사항없음,부산광역시 수영구 수영로 615 (광안동),16,16,0,0,3
의료법인 은성의료재단 좋은강안병원,부산광역시,수영구,종합병원,해당사항없음,부산광역시 수영구 수영로 493 (남천동),32,32,0,0,3
의료법인 센텀의료재단 센텀종합병원,부산광역시,수영구,종합병원,해당사항없음,부산광역시 수영구 수영로679번길 8 (광안동),26,26,0,0,0
의료법인동일의료재단수영나라요양병원,부산광역시,수영구,요양병원,해당사항없음,부산광역시 수영구 연수로 404 (광안동),0,0,0,0,1
한국보훈복지의료공단 부산보훈병원,부산광역시,사상구,종합병원,해당사항없음,부산광역시 사상구 백양대로 420 (주례동),24,24,0,0,19
의료법인 은성의료재단 좋은삼선병원,부산광역시,사상구,종합병원,해당사항없음,"부산광역시 사상구 가야대로 326, 좋은삼선병원 (주례동)",30,30,0,0,2
의료법인 은성의료재단 좋은부산요양병원,부산광역시,사상구,요양병원,해당사항없음,부산광역시 사상구 학감대로39번길 67 (학장동),0,0,0,0,1
강림요양병원,부산광역시,사상구,요양병원,해당사항없음,부산광역시 사상구 낙동대로 792 (엄궁동),0,0,0,0,1
의료법인 나라의료재단 스마트나라요양병원,부산광역시,사상구,요양병원,해당사항없음,부산광역시 사상구 낙동대로 1026(감전동),0,0,0,0,1
의료법인 길정의료재단 대남병원,부산광역시,사상구,정신병원,해당사항없음,부산광역시 사상구 학감대로39번길 116 (학장동),0,0,0,0,1
부산시립정신병원,부산광역시,사상구,정신병원,해당사항없음,부산광역시 사상구 학감대로39번길 104-36 (학장동),0,0,0,0,1
동남권원자력의학원원자력병원,부산광역시,기장군,종합병원,해당사항없음,부산광역시 기장군 장안읍 좌동길 40,12,12,0,0,5
경북대학교병원,대구광역시,중구,상급종합병원,해당사항없음,"대구광역시 중구 동덕로 130 (삼덕동2가, 경북대학교병원)",103,88,0,15,18
계명대학교대구동산병원,대구광역시,중구,종합병원,해당사항없음,"대구광역시 중구 달성로 56, 계명대학교대구동산병원 (동산동)",16,16,0,0,0
남산병원,대구광역시,중구,병원,일반의,대구광역시 중구 남산로13길 9 (남산동),0,0,0,0,2
푸른병원,대구광역시,중구,병원,일반의,대구광역시 중구 태평로 102 (태평로3가),6,6,0,0,0
대구파티마병원,대구광역시,동구,종합병원,해당사항없음,대구광역시 동구 아양로 99 (신암동),56,46,0,10,25
강남종합병원,대구광역시,동구,종합병원,해당사항없음,"대구광역시 동구 동촌로 207, 강남병원 (방촌동)",12,12,0,0,1
열경의료재단동부허병원,대구광역시,동구,정신병원,해당사항없음,"대구광역시 동구 화랑로 81, 동부허병원 (효목동)",0,0,0,0,13
대구의료원,대구광역시,서구,종합병원,해당사항없음,대구광역시 서구 평리로 157 (중리동),19,19,0,0,83
대구굿모닝병원,대구광역시,서구,종합병원,해당사항없음,"대구광역시 서구 달서로 42, 대구 굿모닝병원 지하2층~11층 (내당동)",39,39,0,0,0
더필병원,대구광역시,서구,병원,일반의,대구광역시 서구 서대구로 194 (평리동),11,11,0,0,0
대구광역시서부노인전문병원,대구광역시,서구,요양병원,해당사항없음,대구광역시 서구 와룡로 298-13 (중리동),0,0,0,0,30
제일효요양병원,대구광역시,서구,요양병원,해당사항없음,"대구광역시 서구 북비산로 250 (평리동, 제일효병원)",0,0,0,0,26
대구가톨릭대학교병원,대구광역시,남구,상급종합병원,해당사항없음,대구광역시 남구 두류공원로17길 33 (대명동),104,62,0,42,9
영남대학교병원,대구광역시,남구,상급종합병원,해당사항없음,대구광역시 남구 현충로 170 (대명동),99,84,0,15,7
성심요양병원,대구광역시,남구,요양병원,해당사항없음,대구광역시 남구 대명로 14 (대명동),0,0,0,0,6
뉴영대요양병원,대구광역시,남구,요양병원,해당사항없음,대구광역시 남구 대명로 275(대명동),0,0,0,0,5
앞산요양병원,대구광역시,남구,요양병원,해당사항없음,대구광역시 남구 대명로 237 (대명동),0,0,0,0,12
고은재활요양병원,대구광역시,남구,요양병원,해당사항없음,"대구광역시 남구 현충로 236, 2~6(4층 일부)층 (대명동)",0,0,0,0,1
대구요양병원,대구광역시,남구,요양병원,해당사항없음,"대구광역시 남구 현충로 184, 대구요양병원 (대명동)",0,0,0,0,42
칠곡경북대학교병원,대구광역시,북구,상급종합병원,해당사항없음,"대구광역시 북구 호국로 807, 칠곡경북대학교병원(임상실습동 1~11층 포함) (학정동)",96,45,12,39,17
대구가톨릭대학교 칠곡가톨릭병원,대구광역시,북구,종합병원,해당사항없음,대구광역시 북구 칠곡중앙대로 440 (읍내동),0,0,0,0,2
대구보건대학교병원,대구광역시,북구,병원,일반의,대구광역시 북구 팔거천동로 209 (동천동),0,0,0,0,1
한솔요양병원,대구광역시,북구,요양병원,해당사항없음,대구광역시 북구 침산로 167 (침산동),0,0,0,0,7
칠성요양병원,대구광역시,북구,요양병원,해당사항없음,"대구광역시 북구 신암로 27, 2,4층일부,5-7층 (칠성동1가)",0,0,0,0,11
센트럴요양병원,대구광역시,북구,요양병원,해당사항없음,"대구광역시 북구 연암로 111, 지하1층,지상1~6층 (산격동)",0,0,0,0,15
스위스요양병원,대구광역시,수성구,요양병원,해당사항없음,"대구광역시 수성구 화랑로 26, 2,3,4층 (만촌동, 만촌우방하이츠)",0,0,0,0,2
김신요양병원,대구광역시,수성구,요양병원,해당사항없음,"대구광역시 수성구 수성로 228, 지하1~10층 (중동)",0,0,0,0,1
의료법인한성재단동아메디병원,대구광역시,수성구,정신병원,해당사항없음,"대구광역시 수성구 지산로 77 (지산동, (지상1~6층))",0,0,0,0,2
계명대학교동산병원,대구광역시,달서구,상급종합병원,해당사항없음,대구광역시 달서구 달구벌대로 1035 (신당동),99,53,7,39,17
한국보훈복지의료공단 대구보훈병원,대구광역시,달서구,종합병원,해당사항없음,대구광역시 달서구 월곡로 60 (도원동),23,23,0,0,3
의료법인구의료재단 구병원,대구광역시,달서구,종합병원,해당사항없음,대구광역시 달서구 감삼북길 141 (감삼동),19,19,0,0,0
삼일병원,대구광역시,달서구,종합병원,해당사항없음,"대구광역시 달서구 월배로 436, 지하1,지상1~11층 (송현동)",0,0,0,0,1
더블유병원,대구광역시,달서구,종합병원,해당사항없음,"대구광역시 달서구 달구벌대로 1632, 더블유병원 (감삼동)",22,22,0,0,0
나사렛종합병원,대구광역시,달서구,종합병원,해당사항없음,"대구광역시 달서구 월배로 97, 나사렛병원 (진천동)",29,29,0,0,0
중앙요양병원,대구광역시,달서구,요양병원,해당사항없음,"대구광역시 달서구 월배로83길 14, 지하1, 2~5층 (송현동)",0,0,0,0,12
대구명성요양병원,대구광역시,달서구,요양병원,해당사항없음,대구광역시 달서구 성당로 223 (두류동),0,0,0,0,36
의료법인가창삼성의료재단 가창삼성요양병원,대구광역시,달성군,요양병원,해당사항없음,대구광역시 달성군 가창면 가창로57길 50,0,0,0,0,3
인하대학교의과대학부속병원,인천광역시,중구,상급종합병원,해당사항없음,"인천광역시 중구 인항로 27-0 (신흥동3가,인하대학병원)",122,91,5,26,7
인천기독병원,인천광역시,중구,종합병원,해당사항없음,"인천광역시 중구 답동로30번길 10 (율목동,(율목동))",10,10,0,0,3
고은요양병원,인천광역시,중구,요양병원,해당사항없음,인천광역시 중구 연안부두로21번길 11-12 (항동7가),0,0,0,0,24
인천광역시의료원,인천광역시,동구,종합병원,해당사항없음,"인천광역시 동구 방축로 217 (송림동,217)",17,17,0,0,21
의료법인 성수의료재단 인천백병원,인천광역시,동구,종합병원,해당사항없음,"인천광역시 동구 샛골로 214-  (송림동,(송림동))",12,12,0,0,0
의료법인 인천사랑병원,인천광역시,미추홀구,종합병원,해당사항없음,"인천광역시 미추홀구 미추홀대로 726-0 (주안동,인천사랑병원)",17,17,0,0,1
현대유비스병원,인천광역시,미추홀구,종합병원,해당사항없음,"인천광역시 미추홀구 독배로 503-0 (숭의동,현대유비스병원)",14,14,0,0,0
의료법인 아인의료재단 아인병원,인천광역시,미추홀구,병원,일반의,"인천광역시 미추홀구 경인로 372, 201동 지하1,지상3~12층 ,13층일부호 (주안동, 포레나 미추홀)",10,0,0,10,0
한국보훈복지의료공단 인천보훈병원,인천광역시,미추홀구,병원,일반의,"인천광역시 미추홀구 인주대로 138, 인천보훈병원 지(1,2),1~7층 (용현동)",7,7,0,0,0
인천사랑요양병원,인천광역시,미추홀구,요양병원,해당사항없음,"인천광역시 미추홀구 경인로 400 (주안동, 지하2층~지하1층, 1층일부~10층)",0,0,0,0,4
로뎀요양병원,인천광역시,미추홀구,요양병원,해당사항없음,"인천광역시 미추홀구 주안로 211, 지엔엠빌딩(1층 일부 ~ 9층) (주안동)",0,0,0,0,1
신한대바울요양병원,인천광역시,미추홀구,요양병원,해당사항없음,"인천광역시 미추홀구 경인로 107 (숭의동, 지2층 ~ 8층)",0,0,0,0,5
세움요양병원,인천광역시,미추홀구,요양병원,해당사항없음,"인천광역시 미추홀구 아암대로 53, 3~10층 (용현동)",0,0,0,0,1
(의)나사렛의료재단 나사렛국제병원,인천광역시,연수구,종합병원,해당사항없음,"인천광역시 연수구 먼우금로 98 (동춘동, (동춘동))",17,17,0,0,3
인천적십자병원,인천광역시,연수구,종합병원,해당사항없음,"인천광역시 연수구 원인재로 263-  (연수동,263)",8,8,0,0,2
송도효자병원,인천광역시,연수구,요양병원,해당사항없음,"인천광역시 연수구 능허대로 235 (옥련동, 송도효자병원)",0,0,0,0,36
의료법인 길의료재단 길병원,인천광역시,남동구,상급종합병원,해당사항없음,"인천광역시 남동구 남동대로774번길 21-0 (구월동,의료법인길의료재단길병원)",156,126,0,30,88
인천힘찬종합병원,인천광역시,남동구,종합병원,해당사항없음,"인천광역시 남동구 논현로 72-0 (논현동,인천힘찬종합병원)",9,9,0,0,0
행복마을요양병원,인천광역시,남동구,요양병원,해당사항없음,"인천광역시 남동구 백범로 398, 새마을금고중앙회 (간석동)",0,0,0,0,29
뿌리요양병원,인천광역시,남동구,요양병원,해당사항없음,"인천광역시 남동구 앵고개로934번길 43, 뿌리요양병원 (논현동)",0,0,0,0,1
가톨릭대학교인천성모병원,인천광역시,부평구,상급종합병원,해당사항없음,"인천광역시 부평구 동수로 56-0 (부평동,가톨릭대학교인천성모병원)",83,70,0,13,9
부평세림병원,인천광역시,부평구,종합병원,해당사항없음,"인천광역시 부평구 부평대로 175-  (청천동, (청천동))",15,15,0,0,2
근로복지공단인천병원,인천광역시,부평구,종합병원,해당사항없음,"인천광역시 부평구 무네미로 446-  (구산동,(구산동))",10,10,0,0,51
한림병원,인천광역시,계양구,종합병원,해당사항없음,"인천광역시 계양구 장제로 722 (작전동,(작전동))",23,23,0,0,10
인천세종병원,인천광역시,계양구,종합병원,해당사항없음,"인천광역시 계양구 계양문화로 20-0 (작전동,인천세종병원)",24,24,0,0,18
인천제2시립노인치매요양병원,인천광역시,계양구,요양병원,해당사항없음,"인천광역시 계양구 드림로 852, 노인치매요양병원 (갈현동)",0,0,0,0,1
성로요양병원,인천광역시,계양구,요양병원,해당사항없음,인천광역시 계양구 아나지로 378(작전동),0,0,0,0,10
(의)성세의료재단 뉴성민병원,인천광역시,서구,종합병원,해당사항없음,"인천광역시 서구 신석로 70-  (석남동,70)",19,19,0,0,0
의료법인루가의료재단 나은병원,인천광역시,서구,종합병원,해당사항없음,"인천광역시 서구 원적로 23 (가좌동,23)",30,30,0,0,9
검단탑병원,인천광역시,서구,종합병원,해당사항없음,"인천광역시 서구 청마로19번길 5 (당하동,(당하동))",18,18,0,0,2
가톨릭관동대학교 국제성모병원,인천광역시,서구,종합병원,해당사항없음,"인천광역시 서구 심곡로100번길 25-0 (심곡동,인천국제성모병원)",78,74,0,4,43
인천연세병원,인천광역시,서구,병원,일반의,인천광역시 서구 승학로 320 (연희동),5,5,0,0,0
정인의료소비자협동조합 검단연세요양병원,인천광역시,서구,요양병원,해당사항없음,인천광역시 서구 검단로459번길 3-2 (왕길동),0,0,0,0,12
나무요양병원,인천광역시,서구,요양병원,해당사항없음,"인천광역시 서구 고산후로121번길 19, 새롬프라자 1~5층 (원당동)",0,0,0,0,12
청담요양병원,인천광역시,서구,요양병원,해당사항없음,"인천광역시 서구 열우물로 235, 2~5층 (가좌동, 가재울플라자)",0,0,0,0,1
은혜병원,인천광역시,서구,정신병원,해당사항없음,인천광역시 서구 심곡로132번길 22 (심곡동),0,0,0,0,1
비에스종합병원,인천광역시,강화군,종합병원,해당사항없음,인천광역시 강화군 강화읍 충렬사로 31-0 ( ),20,19,0,1,0
전남대학교병원,광주광역시,동구,상급종합병원,해당사항없음,광주광역시 동구 제봉로 42 (학동),163,110,8,45,7
조선대학교병원,광주광역시,동구,상급종합병원,해당사항없음,광주광역시 동구 필문대로 365 (학동),99,79,0,20,9
동명병원,광주광역시,동구,병원,일반의,광주광역시 동구 동명로70번길 5(동명동),0,0,0,0,24
세종요양병원,광주광역시,동구,요양병원,해당사항없음,광주광역시 동구 천변우로 453 (금동),0,0,0,0,62
양명요양병원,광주광역시,동구,요양병원,해당사항없음,광주광역시 동구 제봉로 35-6 (학동),0,0,0,0,3
서광병원,광주광역시,서구,종합병원,해당사항없음,광주광역시 서구 금화로59번길 6 (금호동),12,12,0,0,2
미래로21병원,광주광역시,서구,종합병원,해당사항없음,광주광역시 서구 화운로 1 (화정동),8,8,0,0,0
광주한국병원,광주광역시,서구,종합병원,해당사항없음,광주광역시 서구 월드컵4강로 223 (쌍촌동),0,0,0,0,1
하일렌요양병원,광주광역시,서구,요양병원,해당사항없음,광주광역시 서구 상무대로 1176 (농성동),0,0,0,0,40
광주기독병원,광주광역시,남구,종합병원,해당사항없음,광주광역시 남구 양림로 37 (양림동),32,29,0,3,0
빛고을전남대학교병원,광주광역시,남구,종합병원,해당사항없음,"광주광역시 남구 덕남길 80-0, 1동 (덕남동,전남대학교병원류마티스전문질환센터)",10,10,0,0,0
동아병원,광주광역시,남구,종합병원,해당사항없음,광주광역시 남구 대남대로 238 (백운동),0,0,0,0,1
효인재활요양병원,광주광역시,남구,요양병원,해당사항없음,광주광역시 남구 대남대로 362 (월산동),0,0,0,0,5
효다움요양병원,광주광역시,남구,요양병원,해당사항없음,광주광역시 남구 송암로98번길 36-10 (송하동),0,0,0,0,16
씨티재활의학과요양병원,광주광역시,남구,요양병원,해당사항없음,광주광역시 남구 입하길 12-1 (송하동),0,0,0,0,1
남구THE선요양병원,광주광역시,남구,요양병원,해당사항없음,광주광역시 남구 효덕로303번길 12 (송하동),0,0,0,0,3
대한요양병원,광주광역시,남구,요양병원,해당사항없음,"광주광역시 남구 서문대로 758, 2~5층 (주월동)",0,0,0,0,35
광주희망병원,광주광역시,북구,종합병원,해당사항없음,광주광역시 북구 하서로 429 (용두동),9,9,0,0,0
광주병원,광주광역시,북구,종합병원,해당사항없음,광주광역시 북구 면앙로139번길 51 (두암동),13,13,0,0,0
빛고을여성병원,광주광역시,북구,병원,일반의,"광주광역시 북구 하서로 395, 빛고을 여성병원 2~7층 (양산동)",9,0,0,9,0
다움요양병원,광주광역시,북구,요양병원,해당사항없음,광주광역시 북구 하서로 387 (양산동),0,0,0,0,1
헤아림요양병원,광주광역시,북구,요양병원,해당사항없음,광주광역시 북구 하서로 290-51 (일곡동),0,0,0,0,1
첨단THE선요양병원,광주광역시,북구,요양병원,해당사항없음,광주광역시 북구 첨단연신로 25-0 (연제동),0,0,0,0,9
천사요양병원,광주광역시,북구,요양병원,해당사항없음,"광주광역시 북구 북문대로 18, 지1,1～7층 (운암동)",0,0,0,0,1
동행요양병원,광주광역시,북구,요양병원,해당사항없음,광주광역시 북구 무등로 226 (신안동),0,0,0,0,1
광주보훈병원,광주광역시,광산구,종합병원,해당사항없음,광주광역시 광산구 첨단월봉로 99 (산월동),26,26,0,0,2
하남성심병원,광주광역시,광산구,종합병원,해당사항없음,광주광역시 광산구 용아로 259 (산정동),10,10,0,0,0
첨단종합병원,광주광역시,광산구,종합병원,해당사항없음,광주광역시 광산구 첨단중앙로170번길 59 (쌍암동),24,24,0,0,1
KS병원,광주광역시,광산구,종합병원,해당사항없음,광주광역시 광산구 왕버들로 220 (수완동),23,23,0,0,0
광주센트럴병원,광주광역시,광산구,종합병원,해당사항없음,"광주광역시 광산구 수완로 6-0, A,B,C동 (신가동)",0,0,0,0,1
한마음병원,광주광역시,광산구,병원,일반의,"광주광역시 광산구 송도로 160, 3,4층 (도산동)",0,0,0,0,4
효정요양병원,광주광역시,광산구,요양병원,해당사항없음,광주광역시 광산구 노안삼도로 1263 (삼거동),0,0,0,0,3
자연요양병원,광주광역시,광산구,요양병원,해당사항없음,광주광역시 광산구 목련로 330-19 (신가동),0,0,0,0,5
호남THE선요양병원,광주광역시,광산구,요양병원,해당사항없음,광주광역시 광산구 사암로 206 (우산동),0,0,0,0,20
상그릴라요양병원,광주광역시,광산구,요양병원,해당사항없음,광주광역시 광산구 월계로 217 (쌍암동),0,0,0,0,26
우리요양병원,광주광역시,광산구,요양병원,해당사항없음,광주광역시 광산구 소촌로 96 (소촌동),0,0,0,0,1
첨단요양병원,광주광역시,광산구,요양병원,해당사항없음,광주광역시 광산구 첨단중앙로170번길 54(쌍암동),0,0,0,0,3
대전한국병원,대전광역시,동구,종합병원,해당사항없음,"대전광역시 동구 동서대로 1672 (성남동, (성남동))",12,12,0,0,0
대전화병원,대전광역시,동구,병원,일반의,"대전광역시 동구 동대전로 39-0 (신안동,대전화병원)",5,5,0,0,0
충남대학교병원,대전광역시,중구,상급종합병원,해당사항없음,"대전광역시 중구 문화로 282-  (대사동,(대사동))",123,84,5,34,14
학교법인 가톨릭학원 가톨릭대학교 대전성모병원,대전광역시,중구,종합병원,해당사항없음,"대전광역시 중구 대흥로 64-  (대흥동,(대흥동))",40,36,0,4,4
의료법인 영훈의료재단 대전선병원,대전광역시,중구,종합병원,해당사항없음,"대전광역시 중구 목중로 29 (목동,(목동))",25,25,0,0,2
의료법인 산수의료재단 웰시티요양병원,대전광역시,중구,요양병원,해당사항없음,"대전광역시 중구 대종로 400-  (대흥동, (대흥동))",0,0,0,0,1
학교법인 건양교육재단 건양대학교병원,대전광역시,서구,상급종합병원,해당사항없음,"대전광역시 서구 관저동로 158 (관저동,(관저동))",108,84,0,24,5
학교법인 을지학원 대전을지대학교병원,대전광역시,서구,종합병원,해당사항없음,"대전광역시 서구 둔산서로 95 (둔산동,(둔산동))",96,76,0,20,0
대청병원,대전광역시,서구,종합병원,해당사항없음,"대전광역시 서구 계백로 1322-  (정림동,(정림동))",17,17,0,0,0
의료법인영훈의료재단 유성선병원,대전광역시,유성구,종합병원,해당사항없음,"대전광역시 유성구 북유성대로 93-0 (지족동, 0동 0호 (지족동,유선성병원))",20,20,0,0,5
국군대전병원,대전광역시,유성구,병원,일반의,"대전광역시 유성구 자운로 90-0 (자운동, (자운동))",0,0,0,0,20
대전보훈병원,대전광역시,대덕구,종합병원,해당사항없음,"대전광역시 대덕구 대청로82번길 147 (신탄진동,147)",19,19,0,0,9
근로복지공단 대전병원,대전광역시,대덕구,종합병원,해당사항없음,"대전광역시 대덕구 계족로 637-  (법동, (법동))",5,5,0,0,1
사회복지법인천성원신탄진한일병원,대전광역시,대덕구,병원,일반의,"대전광역시 대덕구 신탄진로 623-0 (상서동,신탄진한일병원)",8,8,0,0,6
의료법인 동강의료재단 동강병원,울산광역시,중구,종합병원,해당사항없음,울산광역시 중구 태화로 239 (태화동),37,37,0,0,26
의료법인 우아의료재단 길메리요양병원,울산광역시,중구,요양병원,해당사항없음,울산광역시 중구 서원1길 106 (반구동),0,0,0,0,3
의료법인 청남의료재단  세민에스요양병원,울산광역시,중구,요양병원,해당사항없음,울산광역시 중구 내황4길 11 (반구동),0,0,0,0,2
울산병원,울산광역시,남구,종합병원,해당사항없음,울산광역시 남구 월평로171번길 13 (신정동),20,20,0,0,21
의료법인 은성의료재단 좋은삼정병원,울산광역시,남구,종합병원,해당사항없음,울산광역시 남구 북부순환도로 51 (무거동),15,15,0,0,1
의료법인 정안의료재단 중앙병원,울산광역시,남구,종합병원,해당사항없음,"울산광역시 남구 문수로 472, 중앙병원 (신정동)",22,22,0,0,1
임요양병원,울산광역시,남구,요양병원,해당사항없음,울산광역시 남구 삼산로 11 (신정동),0,0,0,0,2
의료법인 세연의료재단 무거연세요양병원,울산광역시,남구,요양병원,해당사항없음,"울산광역시 남구 대학로 148, 2~7층 (무거동)",0,0,0,0,8
구인의료재단법인 오복요양병원,울산광역시,남구,요양병원,해당사항없음,울산광역시 남구 두왕로 335 (신정동),0,0,0,0,10
삼호요양병원,울산광역시,남구,요양병원,해당사항없음,"울산광역시 남구 북부순환도로 58, 1~7층 (무거동)",0,0,0,0,10
의)우아의료재단 달동길메리요양병원,울산광역시,남구,요양병원,해당사항없음,"울산광역시 남구 돋질로 146 (달동, 달동길메리요양병원)",0,0,0,0,3
학교법인 울산공업학원 울산대학교병원,울산광역시,동구,상급종합병원,해당사항없음,"울산광역시 동구 대학병원로 25, 울산대학교병원 (전하동)",123,97,0,26,5
의료법인 정흡의료재단 효림요양병원,울산광역시,동구,요양병원,해당사항없음,울산광역시 동구 방어진순환도로 693-1 (일산동),0,0,0,0,14
의료법인 송은의료재단 울산시티병원,울산광역시,북구,종합병원,해당사항없음,울산광역시 북구 산업로 1007 (연암동),29,29,0,0,0
의료법인에스엠씨의료재단 복음요양병원,울산광역시,북구,요양병원,해당사항없음,울산광역시 북구 제내1길 6 (신천동),0,0,0,0,6
이손요양병원,울산광역시,울주군,요양병원,해당사항없음,"울산광역시 울주군 삼남읍 하방로 39, (지하1층, 지상 2,3,4층)",0,0,0,0,2
범서사랑요양병원,울산광역시,울주군,요양병원,해당사항없음,"울산광역시 울주군 범서읍 구영로 94, 엠프라자 3,7,8층",0,0,0,0,4
세광병원,울산광역시,울주군,정신병원,해당사항없음,울산광역시 울주군 삼남읍 반구대로 15,0,0,0,0,1
사회복지법인 동향원 부설 반구대병원,울산광역시,울주군,정신병원,해당사항없음,울산광역시 울주군 두동면 천전각석길 11,0,0,0,0,1
세종충남대학교병원,세종특별자치시,세종특별자치시,종합병원,해당사항없음,"세종특별자치시 보듬7로 20, 세종충남대학교병원 (도담동)",43,24,0,19,5
세종제일산부인과의원,세종특별자치시,세종특별자치시,의원,산부인과,"세종특별자치시 한누리대로 2265, 세종메디컬센터 5층, 6층층 (대평동)",0,0,0,0,2
경기도의료원 수원병원,경기도,수원시 장안구,종합병원,해당사항없음,경기도 수원시 장안구 수성로245번길 69 (정자동),9,9,0,0,35
연세수요양병원,경기도,수원시 장안구,요양병원,해당사항없음,"경기도 수원시 장안구 만석로 206, 1(일부),2~5,6(일부)층 (송죽동)",0,0,0,0,7
수원삼성요양병원,경기도,수원시 장안구,요양병원,해당사항없음,경기도 수원시 장안구 장안로 108 (정자동),0,0,0,0,20
의료법인 명인의료재단 화홍병원,경기도,수원시 권선구,종합병원,해당사항없음,경기도 수원시 권선구 호매실로90번길 98 (호매실동),30,30,0,0,0
의료법인 덕산의료재단 수원덕산병원,경기도,수원시 권선구,종합병원,해당사항없음,경기도 수원시 권선구 서부로 1674 (고색동),27,27,0,0,5
수원하나요양병원,경기도,수원시 권선구,요양병원,해당사항없음,"경기도 수원시 권선구 금곡로 206, 호매실우성메디피아2 304호, 4~5층 (금곡동)",0,0,0,0,3
가톨릭대학교 성빈센트병원,경기도,수원시 팔달구,상급종합병원,해당사항없음,경기도 수원시 팔달구 중부대로 93 (지동),91,73,0,18,11
의료법인 녹산의료재단동수원병원,경기도,수원시 팔달구,종합병원,해당사항없음,경기도 수원시 팔달구 중부대로 165 (우만동),23,23,0,0,1
의료법인 토마스의료재단 윌스기념병원,경기도,수원시 팔달구,종합병원,해당사항없음,경기도 수원시 팔달구 경수대로 437 (인계동),19,19,0,0,6
위더스요양병원,경기도,수원시 팔달구,요양병원,해당사항없음,경기도 수원시 팔달구 경수대로 511 (인계동),0,0,0,0,19
아주대학교병원,경기도,수원시 영통구,상급종합병원,해당사항없음,경기도 수원시 영통구 월드컵로 164 (원천동),160,124,0,36,24
의료법인 한성재단 S서울병원,경기도,수원시 영통구,병원,일반의,경기도 수원시 영통구 중부대로246번길 14 (매탄동),0,0,0,0,2
수원요양병원,경기도,수원시 영통구,요양병원,해당사항없음,경기도 수원시 영통구 매영로 229 (원천동),0,0,0,0,49
학교법인 대우학원 아주대학교요양병원,경기도,수원시 영통구,요양병원,해당사항없음,"경기도 수원시 영통구 월드컵로150번길 21, 아주대학교요양병원 (원천동)",0,0,0,0,1
연세모아요양병원,경기도,수원시 영통구,요양병원,해당사항없음,"경기도 수원시 영통구 봉영로1759번길 41, 연세모아병원 (영통동)",0,0,0,0,1
순천의료재단 성남정병원,경기도,성남시 수정구,종합병원,해당사항없음,"경기도 성남시 수정구 수정로 76, 지하3~9층 (수진동)",12,12,0,0,0
성남시의료원,경기도,성남시 수정구,종합병원,해당사항없음,"경기도 성남시 수정구 수정로171번길 10, 성남시의료원 (태평동)",30,30,0,0,28
성남중앙병원,경기도,성남시 중원구,종합병원,해당사항없음,경기도 성남시 중원구 산성대로476번길 12 (금광동),0,0,0,0,5
라온힐요양병원,경기도,성남시 중원구,요양병원,해당사항없음,"경기도 성남시 중원구 양현로405번길 13, 중일아인스빌딩 지하3층,2~10층 (여수동)",0,0,0,0,8
분당서울대학교병원,경기도,성남시 분당구,상급종합병원,해당사항없음,"경기도 성남시 분당구 구미로173번길 82 (구미동, 분당서울대학교병원)",135,79,6,50,19
차의과학대학교분당차병원,경기도,성남시 분당구,종합병원,해당사항없음,경기도 성남시 분당구 야탑로 59 (야탑동),89,54,0,35,8
대진의료재단 분당제생병원,경기도,성남시 분당구,종합병원,해당사항없음,경기도 성남시 분당구 서현로180번길 20 (서현동),39,36,0,3,2
국군수도병원,경기도,성남시 분당구,종합병원,해당사항없음,경기도 성남시 분당구 새마을로177번길 81 (율동),34,34,0,0,8
보바스기념병원,경기도,성남시 분당구,요양병원,해당사항없음,"경기도 성남시 분당구 대왕판교로 155-7 (금곡동, 보바스기념병원)",0,0,0,0,1
분당센트럴요양병원,경기도,성남시 분당구,요양병원,해당사항없음,"경기도 성남시 분당구 양현로94번길 17, 지1층~5층 (이매동)",0,0,0,0,6
경기도의료원의정부병원,경기도,의정부시,종합병원,해당사항없음,경기도 의정부시 흥선로 142 (의정부동),6,6,0,0,5
가톨릭대학교의정부성모병원,경기도,의정부시,종합병원,해당사항없음,"경기도 의정부시 천보로 271, 의정부성모병원 (금오동)",91,76,0,15,2
의료법인 영동의료재단 의정부백병원,경기도,의정부시,종합병원,해당사항없음,경기도 의정부시 금신로 322 (신곡동),9,9,0,0,0
추병원,경기도,의정부시,종합병원,해당사항없음,경기도 의정부시 평화로 650 (의정부동),15,15,0,0,0
학교법인 을지학원 의정부을지대학교병원,경기도,의정부시,종합병원,해당사항없음,"경기도 의정부시 동일로 712, 을지대학교 의정부캠퍼스 및 부속병원 (금오동)",81,76,0,5,6
의료법인성베드로병원,경기도,의정부시,병원,일반의,경기도 의정부시 평화로 622 (의정부동),0,0,0,0,10
인산의료재단 메트로병원,경기도,안양시 만안구,종합병원,해당사항없음,"경기도 안양시 만안구 명학로33번길 8 (안양동, 메트로병원)",10,10,0,0,2
효산의료재단 안양샘병원,경기도,안양시 만안구,종합병원,해당사항없음,"경기도 안양시 만안구 삼덕로 9 (안양동, 안양샘병원)",19,19,0,0,3
한림대학교성심병원,경기도,안양시 동안구,상급종합병원,해당사항없음,경기도 안양시 동안구 관평로170번길 22 (평촌동),104,92,0,12,14
순천향대학교부속부천병원,경기도,부천시 원미구,상급종합병원,해당사항없음,"경기도 부천시 원미구 조마루로 170, 부흥로 173(1층일부) (중동)",108,84,0,24,25
가톨릭대학교부천성모병원,경기도,부천시 원미구,종합병원,해당사항없음,"경기도 부천시 원미구 소사로 327, 가톨릭대학교 부천성모병원 (소사동)",60,50,0,10,4
의료법인대인의료재단 다니엘종합병원,경기도,부천시 원미구,종합병원,해당사항없음,"경기도 부천시 원미구 중동로 361, 다니엘종합병원 (약대동)",31,31,0,0,0
뉴대성병원,경기도,부천시 원미구,병원,일반의,"경기도 부천시 원미구 부천로 91, ,부흥로373번길18, 부흥로377(기존디에스병원A동) (심곡동)",8,8,0,0,0
해올요양병원,경기도,부천시 원미구,요양병원,해당사항없음,"경기도 부천시 원미구 신흥로 350, SB타워 Ⅱ 지하2~7층 (도당동)",0,0,0,0,1
부천세종병원,경기도,부천시 소사구,종합병원,해당사항없음,"경기도 부천시 소사구 호현로489번길 28 (소사본동, 세종병원)",24,24,0,0,4
가은병원,경기도,부천시 소사구,요양병원,해당사항없음,"경기도 부천시 소사구 마니로24번길 43-17, 가은병원(본관, 항암치료센터) (송내동)",0,0,0,0,1
의료법인운천의료재단메디홀스요양병원,경기도,부천시 소사구,요양병원,해당사항없음,"경기도 부천시 소사구 경인로110번길 18, 메디홀스병원 (송내동)",0,0,0,0,1
부천우리병원,경기도,부천시 오정구,종합병원,해당사항없음,경기도 부천시 오정구 소사로 726 (원종동),8,8,0,0,0
보성요양병원,경기도,부천시 오정구,요양병원,해당사항없음,"경기도 부천시 오정구 소사로 742, 세라메디컬센터 지하1층일부,2층,3층일부,4~6층 (원종동)",0,0,0,0,1
광명성애병원,경기도,광명시,종합병원,해당사항없음,"경기도 광명시 디지털로 36, 광명성애병원 (철산동)",18,14,0,4,0
중앙대학교광명병원,경기도,광명시,종합병원,해당사항없음,경기도 광명시 덕안로 110(일직동),69,43,0,26,2
광명효요양병원,경기도,광명시,요양병원,해당사항없음,"경기도 광명시 오리로 352 (소하동, 이화프라자)",0,0,0,0,1
의료법인 박애의료재단 박애병원,경기도,평택시,종합병원,해당사항없음,경기도 평택시 평택2로20번길 3 (평택동),10,10,0,0,0
의료법인백송의료재단 굿모닝병원,경기도,평택시,종합병원,해당사항없음,경기도 평택시 중앙로 338 (합정동),30,30,0,0,0
의료법인 양진의료재단 평택성모병원,경기도,평택시,종합병원,해당사항없음,경기도 평택시 평택로 284 (세교동),37,37,0,0,0
의료법인 갈렌의료재단 박병원,경기도,평택시,종합병원,해당사항없음,경기도 평택시 송탄로 33 (장당동),10,10,0,0,10
의료법인 혜담의료재단 평택이편안요양병원,경기도,평택시,요양병원,해당사항없음,경기도 평택시 안중읍 서동대로 1831-16,0,0,0,0,12
근로복지공단안산병원,경기도,안산시 상록구,종합병원,해당사항없음,"경기도 안산시 상록구 구룡로 87, 근로복지공단안산병원 (일동)",19,19,0,0,2
의료법인칠석의료재단사랑의병원,경기도,안산시 상록구,종합병원,해당사항없음,"경기도 안산시 상록구 예술광장로 69, 사랑의병원(593-4번지/593-5번지) (성포동)",14,14,0,0,0
안산조은요양병원,경기도,안산시 상록구,요양병원,해당사항없음,"경기도 안산시 상록구 광덕1로 361, 조은재활요양병원 (이동)",0,0,0,0,23
고려대학교의과대학부속안산병원,경기도,안산시 단원구,상급종합병원,해당사항없음,경기도 안산시 단원구 적금로 123 (고잔동),87,62,0,25,14
대아의료재단한도병원,경기도,안산시 단원구,종합병원,해당사항없음,경기도 안산시 단원구 선부광장로 103 (선부동),30,30,0,0,0
의료법인 플러스의료재단 단원병원,경기도,안산시 단원구,종합병원,해당사항없음,경기도 안산시 단원구 원포공원1로 20 (초지동),28,28,0,0,7
의료법인더존의료재단 경희요양병원,경기도,안산시 단원구,요양병원,해당사항없음,"경기도 안산시 단원구 광덕대로 162, 광덕대로 154 (고잔동)",0,0,0,0,1
안산나래요양병원,경기도,안산시 단원구,요양병원,해당사항없음,"경기도 안산시 단원구 선부광장1로 118, 삼아빌딩 B101, 201, 301, 401, 501호 (선부동)",0,0,0,0,2
안산중앙요양병원,경기도,안산시 단원구,요양병원,해당사항없음,"경기도 안산시 단원구 고잔로 134, 안산중앙요양병원 (고잔동)",0,0,0,0,1
의료법인명지의료재단명지병원,경기도,고양시 덕양구,종합병원,해당사항없음,경기도 고양시 덕양구 화수로14번길 55 (화정동),61,58,0,3,10
의료법인자인의료재단(더자인병원),경기도,고양시 덕양구,종합병원,해당사항없음,"경기도 고양시 덕양구 중앙로 555, /중앙로557번길 14, 지하1(일부),1-6층 (행신동)",14,14,0,0,0
국군고양병원,경기도,고양시 덕양구,병원,일반의,경기도 고양시 덕양구 혜음로 215 (벽제동),0,0,0,0,6
향동포레요양병원,경기도,고양시 덕양구,요양병원,해당사항없음,"경기도 고양시 덕양구 향동로 123, 지하1&1~5층 (향동동)",0,0,0,0,7
국민건강보험공단일산병원,경기도,고양시 일산동구,종합병원,해당사항없음,"경기도 고양시 일산동구 일산로 100 (백석동,백석1동 1241외1필지 4층)",88,63,0,25,5
국립암센터,경기도,고양시 일산동구,종합병원,해당사항없음,경기도 고양시 일산동구 일산로 323 (마두동),28,28,0,0,2
동국대학교일산불교병원,경기도,고양시 일산동구,종합병원,해당사항없음,"경기도 고양시 일산동구 동국로 27 (식사동, 동국대학교일산병원)",73,48,0,25,2
의료법인성광의료재단일산차병원,경기도,고양시 일산동구,종합병원,해당사항없음,"경기도 고양시 일산동구 중앙로 1205, 지하1층(일부),지하2층,지하4층(일부),1층(일부),2층(일부),3층(일부),4~5층,6층(일부), 7~10층 (장항동)",29,5,0,24,3
일산현대요양병원,경기도,고양시 일산동구,요양병원,해당사항없음,"경기도 고양시 일산동구 무궁화로 346, 지하1~2층,1~3층 (풍동)",0,0,0,0,2
일산리더스요양병원,경기도,고양시 일산동구,요양병원,해당사항없음,"경기도 고양시 일산동구 위시티로 18, 5~8층 (식사동, 동국타워)",0,0,0,0,11
인제대학교일산백병원,경기도,고양시 일산서구,종합병원,해당사항없음,경기도 고양시 일산서구 주화로 170 (대화동),82,69,0,13,2
로하스일산병원,경기도,고양시 일산서구,병원,일반의,"경기도 고양시 일산서구 일중로 59 (일산동, 일산마샬빌딩 4,5,6,7,8층)",0,0,0,0,22
한양대학교구리병원,경기도,구리시,종합병원,해당사항없음,경기도 구리시 경춘로 153 (교문동),41,31,0,10,5
남양주 한양병원,경기도,남양주시,종합병원,해당사항없음,경기도 남양주시 오남읍 양지로 47-55,40,40,0,0,0
현대병원,경기도,남양주시,종합병원,해당사항없음,경기도 남양주시 진접읍 봉현로 21,39,39,0,0,0
원병원,경기도,남양주시,병원,일반의,경기도 남양주시 화도읍 경춘로 1943-16,10,10,0,0,0
엘병원,경기도,남양주시,병원,일반의,"경기도 남양주시 퇴계원읍 퇴계원로 20, 지하2~지상7층 일부제외호",9,9,0,0,1
남양주백병원,경기도,남양주시,병원,일반의,"경기도 남양주시 진접읍 해밀예당1로 30-25, 2층~10층",6,6,0,0,0
별내요양병원,경기도,남양주시,요양병원,해당사항없음,"경기도 남양주시 별내2로 74, 5층,6층 (별내동, 별내동 JS타워)",0,0,0,0,1
오산한국병원,경기도,오산시,종합병원,해당사항없음,경기도 오산시 밀머리로1번길 16 (원동),35,35,0,0,2
조은오산병원,경기도,오산시,병원,일반의,경기도 오산시 오산로 307 (오산동),8,8,0,0,0
오산노인전문병원,경기도,오산시,요양병원,해당사항없음,경기도 오산시 가장산업동로 69-27 (궐동),0,0,0,0,1
스타트요양병원,경기도,오산시,요양병원,해당사항없음,"경기도 오산시 청학로 264, W-타워 3-8층 (수청동)",0,0,0,0,3
의료법인 록향의료재단 신천연합병원,경기도,시흥시,종합병원,해당사항없음,"경기도 시흥시 복지로 57, 복지로 61, 2층 (대야동)",7,7,0,0,2
의료법인 석경의료재단 센트럴병원,경기도,시흥시,종합병원,해당사항없음,"경기도 시흥시 공단1대로 237 (정왕동, 센트럴 병원)",20,20,0,0,0
의료법인 남촌의료재단 시화병원,경기도,시흥시,종합병원,해당사항없음,"경기도 시흥시 군자천로 381, 시화병원 (정왕동)",36,36,0,0,12
아너스힐병원,경기도,시흥시,병원,일반의,"경기도 시흥시 능곡번영길 20, 센텀시티Ⅱ 3~6층, 7~8층 일부호 (능곡동)",0,0,0,0,231
의료법인 자운의료재단 강남요양병원,경기도,시흥시,요양병원,해당사항없음,"경기도 시흥시 수인로3325번길 10, 3층 301호, 302호, 306~309호 (신천동, 우명프라자)",0,0,0,0,42
의료법인 에스앤케이의료재단 소래푸른숲 요양병원,경기도,시흥시,요양병원,해당사항없음,"경기도 시흥시 호현로40번길 5, 지1층, 1~5층 (대야동)",0,0,0,0,8
베드로요양병원,경기도,시흥시,요양병원,해당사항없음,"경기도 시흥시 평안상가5길 19, 스마일요양병원 본관동 (정왕동)",0,0,0,0,7
시흥더봄요양병원,경기도,시흥시,요양병원,해당사항없음,"경기도 시흥시 비둘기공원1길 7, 1~8층 (대야동)",0,0,0,0,1
원광대학교 산본병원,경기도,군포시,종합병원,해당사항없음,경기도 군포시 산본로 321 (산본동),12,12,0,0,0
효산의료재단 지샘병원,경기도,군포시,종합병원,해당사항없음,"경기도 군포시 군포로 591 (당동, (G샘병원)군포샘병원)",19,19,0,0,5
군포성모병원,경기도,군포시,병원,일반의,"경기도 군포시 용호1로2번길 47-7, 군포성모병원빌딩 1층,2층 (당동)",0,0,0,0,36
강동스마일요양병원,경기도,하남시,요양병원,해당사항없음,"경기도 하남시 미사강변대로54번길 70, 산우빌딩 지3, 지1, 1층일부, 2~5층호 (풍산동)",0,0,0,0,1
(의)영문의료재단 다보스병원,경기도,용인시 처인구,종합병원,해당사항없음,"경기도 용인시 처인구 백옥대로1082번길 18, 다보스종합병원 (김량장동)",26,26,0,0,0
메디필드한강병원,경기도,용인시 처인구,종합병원,해당사항없음,경기도 용인시 처인구 금령로39번길 8-6 (김량장동),15,15,0,0,0
용인제일메디병원,경기도,용인시 처인구,병원,일반의,경기도 용인시 처인구 포곡읍 포곡로210번길 21-11,0,0,0,0,62
승일희망요양병원,경기도,용인시 처인구,요양병원,해당사항없음,경기도 용인시 처인구 모현읍 포은대로1139번길 14,0,0,0,0,1
연세대학교 의과대학 용인세브란스병원,경기도,용인시 기흥구,종합병원,해당사항없음,경기도 용인시 기흥구 동백죽전대로 363 (중동),49,37,0,12,4
강남병원,경기도,용인시 기흥구,종합병원,해당사항없음,"경기도 용인시 기흥구 중부대로 411, 강남병원 (신갈동)",32,32,0,0,0
용인연세병원,경기도,용인시 기흥구,병원,일반의,경기도 용인시 기흥구 어정로 85(상하동),0,0,0,0,8
하워드힐병원,경기도,용인시 기흥구,병원,일반의,경기도 용인시 기흥구 흥덕2로117번길 23 (영덕동),0,0,0,0,3
효자병원,경기도,용인시 기흥구,요양병원,해당사항없음,경기도 용인시 기흥구 중부대로874번길 1-30 (상하동),0,0,0,0,8
용인정신병원,경기도,용인시 기흥구,정신병원,해당사항없음,"경기도 용인시 기흥구 중부대로 940 (상하동, 용인정신병원)",0,0,0,0,1
(의)현당의료재단 늘봄요양병원,경기도,용인시 수지구,요양병원,해당사항없음,"경기도 용인시 수지구 포은대로59번길 17, 광교복합의료센터,지하1층,1층일부,2층~4층,6층 (상현동)",0,0,0,0,1
경기도의료원파주병원,경기도,파주시,종합병원,해당사항없음,"경기도 파주시 중앙로 207, 경기도립의료원파주병원 (금촌동)",8,8,0,0,31
메디인병원,경기도,파주시,종합병원,해당사항없음,경기도 파주시 금릉역로 190(금촌동),13,13,0,0,0
자유로요양병원,경기도,파주시,요양병원,해당사항없음,경기도 파주시 탄현면 새오리로 215-19,0,0,0,0,10
파주로하스요양병원,경기도,파주시,요양병원,해당사항없음,"경기도 파주시 숲속노을로 273, 바이오텍홀딩스 1~7층 (문발동)",0,0,0,0,2
연세요양병원,경기도,파주시,요양병원,해당사항없음,경기도 파주시 방촌로326번길 46 (맥금동),0,0,0,0,18
경기도의료원 이천병원,경기도,이천시,종합병원,해당사항없음,경기도 이천시 경충대로 2742 (관고동),10,10,0,0,6
경기도의료원 안성병원,경기도,안성시,종합병원,해당사항없음,"경기도 안성시 남파로 95, 경기도의료원 안성병원 (당왕동)",15,15,0,0,8
안성성모병원,경기도,안성시,종합병원,해당사항없음,경기도 안성시 시장길 58 (서인동),20,20,0,0,0
의료법인우리의료재단김포우리병원,경기도,김포시,종합병원,해당사항없음,"경기도 김포시 감암로 11, 김포우리병원 (걸포동)",37,37,0,0,11
의료법인인봉의료재단뉴고려병원,경기도,김포시,종합병원,해당사항없음,"경기도 김포시 김포한강3로 283, 뉴고려병원 (장기동)",34,34,0,0,4
아너스힐병원,경기도,김포시,병원,일반의,"경기도 김포시 통진읍 흥신로 320-10, 아너스힐병원",0,0,0,0,165
의료법인 은혜와감사의료재단 화성중앙종합병원,경기도,화성시 만세구,종합병원,해당사항없음,경기도 화성시 만세구 향남읍 발안로 5,8,8,0,0,0
화성유일병원,경기도,화성시 만세구,종합병원,해당사항없음,경기도 화성시 만세구 남양읍 남양로920번길 6,10,10,0,0,0
화성디에스병원,경기도,화성시 만세구,병원,일반의,"경기도 화성시 만세구 남양읍 시청로160번길 46-13, 1,3~8층",9,9,0,0,5
의료법인 신명진의료재단 퍼스트힐화성병원,경기도,화성시 만세구,병원,일반의,"경기도 화성시 만세구 남양읍 시청로 11, 1,2층 일부 및 3~5층호",0,0,0,0,4
화성해인요양병원,경기도,화성시 효행구,요양병원,해당사항없음,경기도 화성시 효행구 매송면 화성로 2407-15,0,0,0,0,1
의료법인 원광의료재단 원광종합병원,경기도,화성시 병점구,종합병원,해당사항없음,경기도 화성시 병점구 화산북로 21 (송산동),16,16,0,0,0
의료법인 아주효성의료재단 효성요양병원,경기도,화성시 병점구,요양병원,해당사항없음,"경기도 화성시 병점구 효행로 1063, 메디프렌드 (진안동)",0,0,0,0,27
한림대학교동탄성심병원,경기도,화성시 동탄구,종합병원,해당사항없음,경기도 화성시 동탄구 큰재봉길 7 (석우동),87,74,0,13,13
의료법인상운의료재단 동탄제일병원,경기도,화성시 동탄구,병원,일반의,경기도 화성시 동탄구 삼성1로 144-6 (석우동),6,0,0,6,0
참조은병원,경기도,광주시,종합병원,해당사항없음,경기도 광주시 광주대로 45 (경안동),25,25,0,0,2
성심요양병원,경기도,광주시,요양병원,해당사항없음,경기도 광주시 중앙로349번길 25(송정동),0,0,0,0,4
국군양주병원,경기도,양주시,병원,일반의,경기도 양주시 은현면 화합로 1133,0,0,0,0,6
송추효사랑요양병원,경기도,양주시,요양병원,해당사항없음,경기도 양주시 장흥면 호국로 439-22,0,0,0,0,18
경기웰니스요양병원,경기도,양주시,요양병원,해당사항없음,"경기도 양주시 평화로1479번길 45, 경기웰니스요양병원 (덕계동)",0,0,0,0,22
경기도의료원포천병원,경기도,포천시,종합병원,해당사항없음,경기도 포천시 포천로 1648 (신읍동),10,10,0,0,3
의료법인 일심의료재단 포천우리병원,경기도,포천시,종합병원,해당사항없음,경기도 포천시 소흘읍 호국로 661,20,20,0,0,12
국군포천병원,경기도,포천시,병원,일반의,경기도 포천시 화현면 화동로 564,0,0,0,0,10
한내가족처럼요양병원,경기도,포천시,요양병원,해당사항없음,경기도 포천시 신북면 청신로 2139,0,0,0,0,30
베스트요양병원,경기도,여주시,요양병원,해당사항없음,경기도 여주시 가남읍 경충대로961번길 2-15,0,0,0,0,1
여주세민병원,경기도,여주시,정신병원,해당사항없음,경기도 여주시 가남읍 경충대로 924,0,0,0,0,1
연천군보건의료원,경기도,연천군,보건의료원,해당사항없음,경기도 연천군 전곡읍 은대성로 95,0,0,0,0,5
노체리안드리자애병원,경기도,가평군,병원,일반의,경기도 가평군 조종면 꽃동네길 46 (노체리안드리자애병원),0,0,0,0,2
국립교통재활병원,경기도,양평군,병원,재활의학과,경기도 양평군 양평읍 중앙로 260,0,0,0,0,2
의료법인 인화재단 한국병원,충청북도,청주시 상당구,종합병원,해당사항없음,"충청북도 청주시 상당구 단재로 106-0 (영운동,한국병원)",25,25,0,0,11
의료법인 정산의료재단 효성병원,충청북도,청주시 상당구,종합병원,해당사항없음,"충청북도 청주시 상당구 쇠내로 16-0 (금천동,효성병원)",31,31,0,0,3
공군항공우주의료원,충청북도,청주시 상당구,병원,일반의,충청북도 청주시 상당구 남일면 단재로 635-0 ( ),0,0,0,0,4
의료법인 남궁의료재단 남궁요양병원,충청북도,청주시 상당구,요양병원,해당사항없음,"충청북도 청주시 상당구 상당로 47-0 (남문로2가, (남문로2가))",0,0,0,0,13
충북대학교병원,충청북도,청주시 서원구,상급종합병원,해당사항없음,"충청북도 청주시 서원구 1순환로 776-0 (개신동,충북대학교병원)",103,78,0,25,48
충청북도 청주의료원,충청북도,청주시 서원구,종합병원,해당사항없음,"충청북도 청주시 서원구 흥덕로 48-0 (사직동,청주의료원)",24,24,0,0,6
서원요양병원,충청북도,청주시 서원구,요양병원,해당사항없음,충청북도 청주시 서원구 남이면 남석로 316-26 (서원요양병원),0,0,0,0,63
청주시립요양병원,충청북도,청주시 서원구,요양병원,해당사항없음,충청북도 청주시 서원구 궁뜰로62번길 29-0 (장성동),0,0,0,0,5
의료법인 하람의료재단 청주탑요양병원,충청북도,청주시 서원구,요양병원,해당사항없음,"충청북도 청주시 서원구 궁뜰로 16-0 (미평동, (미평동))",0,0,0,0,25
의료법인한마음의료재단하나병원,충청북도,청주시 흥덕구,종합병원,해당사항없음,"충청북도 청주시 흥덕구 2순환로 1262-0 (가경동,하나병원)",26,26,0,0,0
재단법인베스티안재단베스티안병원,충청북도,청주시 흥덕구,종합병원,해당사항없음,충청북도 청주시 흥덕구 오송읍 오송생명1로 191-0,10,10,0,0,0
의료법인 한미의료재단 김숙자소아청소년병원,충청북도,청주시 흥덕구,병원,일반의,"충청북도 청주시 흥덕구 직지대로 745-0 (운천동,김숙자소아.청소년병원)",5,0,0,5,0
의료법인원광의료재단청주원광효도요양병원,충청북도,청주시 흥덕구,요양병원,해당사항없음,"충청북도 청주시 흥덕구 월명로 15-0 (복대동,원광효도요양병원)",0,0,0,0,17
청주성모병원,충청북도,청주시 청원구,종합병원,해당사항없음,"충청북도 청주시 청원구 주성로 173-19 (주중동,청주성모병원)",28,28,0,0,30
충청북도 충주의료원,충청북도,충주시,종합병원,해당사항없음,"충청북도 충주시 안림로 239-50 (안림동,충청북도충주의료원)",12,12,0,0,16
건국대학교 충주병원,충청북도,충주시,종합병원,해당사항없음,"충청북도 충주시 국원대로 82-0 (교현동,건국대학교충주병원)",18,18,0,0,1
의료법인 자산의료재단 제천서울병원,충청북도,제천시,종합병원,해당사항없음,"충청북도 제천시 숭문로 57-0 (서부동,서울병원)",13,13,0,0,0
의료법인 명지의료재단 명지병원,충청북도,제천시,종합병원,해당사항없음,"충청북도 제천시 내토로 991-0 (고암동,의료법인명지의료재단명지병원)",20,20,0,0,0
의료법인 힐링의료재단 옥천성모병원,충청북도,옥천군,종합병원,해당사항없음,충청북도 옥천군 옥천읍 성왕로 1195-0 ( ),7,7,0,0,0
의료법인 건명의료재단 중앙제일병원,충청북도,진천군,종합병원,해당사항없음,충청북도 진천군 진천읍 중앙북로 36-0 (진천성모병원),18,18,0,0,31
의료법인 진천의료재단 진천효병원,충청북도,진천군,요양병원,해당사항없음,충청북도 진천군 이월면 반지길 54-0 (진천효병원),0,0,0,0,44
국립소방병원,충청북도,음성군,종합병원,해당사항없음,충청북도 음성군 맹동면 용두4길 19-0 (국립소방병원),19,19,0,0,0
의료법인 음성소망의료재단 음성소망병원,충청북도,음성군,정신병원,해당사항없음,충청북도 음성군 생극면 일생로 518-0,0,0,0,0,2
단양군보건의료원,충청북도,단양군,보건의료원,해당사항없음,"충청북도 단양군 단양읍 삼봉로 53, 단양군보건의료원",0,0,0,0,2
단국대학교의과대학부속병원,충청남도,천안시 동남구,상급종합병원,해당사항없음,"충청남도 천안시 동남구 망향로 201-0 (안서동,단국대학교의과대학부속병원)",92,67,0,25,15
충청남도 천안의료원,충청남도,천안시 동남구,종합병원,해당사항없음,충청남도 천안시 동남구 충절로 537 (삼룡동),15,15,0,0,6
순천향대학교부속 천안병원,충청남도,천안시 동남구,종합병원,해당사항없음,"충청남도 천안시 동남구 순천향6길 31 (봉명동, 5동 (봉명동,순천향대학교병원))",127,77,0,50,14
의료법인 백석의료재단 한사랑요양병원,충청남도,천안시 동남구,요양병원,해당사항없음,"충청남도 천안시 동남구 대흥로 228 (대흥동, 삼영빌딩)",0,0,0,0,14
선한이웃요양병원,충청남도,천안시 동남구,요양병원,해당사항없음,충청남도 천안시 동남구 정골2길 91 (구성동),0,0,0,0,20
의료법인 영서의료재단 천안충무병원,충청남도,천안시 서북구,종합병원,해당사항없음,충청남도 천안시 서북구 다가말3길 8 (쌍용동),29,29,0,0,0
다나힐요양병원,충청남도,천안시 서북구,요양병원,해당사항없음,충청남도 천안시 서북구 직산읍 석양길 4,0,0,0,0,1
충청남도 공주의료원,충청남도,공주시,종합병원,해당사항없음,"충청남도 공주시 무령로 77 (웅진동, (웅진동))",16,16,0,0,7
주은라파스요양병원,충청남도,공주시,요양병원,해당사항없음,충청남도 공주시 탄천면 효자길 100,0,0,0,0,1
라온요양병원,충청남도,공주시,요양병원,해당사항없음,충청남도 공주시 우성면 통천포길 333,0,0,0,0,1
세종프라임요양병원,충청남도,공주시,요양병원,해당사항없음,충청남도 공주시 정안면 장원길 345-33,0,0,0,0,22
국립법무병원,충청남도,공주시,정신병원,해당사항없음,충청남도 공주시 반포면 반포초교길 253 (공주치료감호소),0,0,0,0,10
재단법인 아산사회복지재단 부속 보령아산병원,충청남도,보령시,종합병원,해당사항없음,충청남도 보령시 죽성로 136 (죽정동),8,8,0,0,6
의료법인 삼환의료재단 대천중앙병원,충청남도,보령시,병원,일반의,충청남도 보령시 지장골길 69(죽정동),0,0,0,0,9
아산충무병원,충청남도,아산시,종합병원,해당사항없음,충청남도 아산시 문화로 381 (모종동),24,24,0,0,20
현대병원,충청남도,아산시,병원,일반의,충청남도 아산시 온천대로 1442 (온천동),7,7,0,0,0
충청남도 서산의료원,충청남도,서산시,종합병원,해당사항없음,"충청남도 서산시 중앙로 149-  (석림동, (석림동))",10,10,0,0,5
서산중앙병원,충청남도,서산시,종합병원,해당사항없음,"충청남도 서산시 수석산업로 5 (수석동, (수석동))",17,17,0,0,0
의료법인 백제병원,충청남도,논산시,종합병원,해당사항없음,충청남도 논산시 시민로294번길 14 (취암동),29,29,0,0,2
논산하나요양병원,충청남도,논산시,요양병원,해당사항없음,충청남도 논산시 생뫼길 20 (강산동),0,0,0,0,6
의료법인예향의료재단예향요양병원,충청남도,논산시,요양병원,해당사항없음,충청남도 논산시 연산면 한전2길 49-26,0,0,0,0,4
당진종합병원,충청남도,당진시,종합병원,해당사항없음,충청남도 당진시 반촌로 5-15 (시곡동),13,13,0,0,0
당진성모병원,충청남도,당진시,병원,일반의,충청남도 당진시 당진중앙1로 43 (읍내동),0,0,0,0,2
서천한국요양병원,충청남도,서천군,요양병원,해당사항없음,충청남도 서천군 마서면 어리길 205-7,0,0,0,0,21
충청남도 홍성의료원,충청남도,홍성군,종합병원,해당사항없음,충청남도 홍성군 홍성읍 조양로 224,25,25,0,0,3
홍주요양병원,충청남도,홍성군,요양병원,해당사항없음,충청남도 홍성군 홍성읍 백월로 130,0,0,0,0,2
홍성한국병원,충청남도,홍성군,정신병원,해당사항없음,"충청남도 홍성군 홍성읍 대내길 97, 홍성한국병원",0,0,0,0,10
의료법인 예당의료재단 예산종합병원,충청남도,예산군,종합병원,해당사항없음,충청남도 예산군 예산읍 금오대로 94,9,9,0,0,0
예산명지병원,충청남도,예산군,병원,일반의,충청남도 예산군 예산읍 신례원로 26,6,6,0,0,0
목포시의료원,전라남도,목포시,종합병원,해당사항없음,"전라남도 목포시 이로로 18 (용해동, (용해동))",0,0,0,0,1
목포한국병원,전라남도,목포시,종합병원,해당사항없음,전라남도 목포시 영산로 483 (상동),68,68,0,0,3
목포기독병원,전라남도,목포시,종합병원,해당사항없음,전라남도 목포시 백년대로 303 (상동),17,17,0,0,0
의료법인해민의료재단 세안종합병원,전라남도,목포시,종합병원,해당사항없음,"전라남도 목포시 고하대로 795-2 (연산동,(연산동))",19,19,0,0,0
의료법인목포구암의료재단 목포중앙병원,전라남도,목포시,종합병원,해당사항없음,전라남도 목포시 영산로 623 (석현동),18,18,0,0,1
국립목포병원,전라남도,목포시,병원,일반의,"전라남도 목포시 신지마을1길 75 (석현동,(석현동))",0,0,0,0,50
의료법인새한의료재단 목포성심요양병원,전라남도,목포시,요양병원,해당사항없음,전라남도 목포시 영산로844번길 13 (대양동),0,0,0,0,29
의료법인효경의료재단 효성요양병원,전라남도,목포시,요양병원,해당사항없음,전라남도 목포시 양을로 456 (상동),0,0,0,0,1
부부요양병원,전라남도,목포시,요양병원,해당사항없음,전라남도 목포시 영산로 620-1 (석현동),0,0,0,0,1
목포재활요양병원,전라남도,목포시,요양병원,해당사항없음,"전라남도 목포시 영산로 627 (석현동, (석현동))",0,0,0,0,13
여수전남병원,전라남도,여수시,종합병원,해당사항없음,"전라남도 여수시 좌수영로 49 (광무동, (광무동))",11,11,0,0,2
의료법인한마음의료재단 여수제일병원,전라남도,여수시,종합병원,해당사항없음,"전라남도 여수시 쌍봉로 70 (학동, (학동))",19,19,0,0,1
여천전남병원,전라남도,여수시,종합병원,해당사항없음,"전라남도 여수시 무선로 95 (선원동, (선원동))",14,14,0,0,1
여수한국병원,전라남도,여수시,병원,일반의,전라남도 여수시 여천체육공원길 10 (신기동),0,0,0,0,3
은혜요양병원,전라남도,여수시,요양병원,해당사항없음,"전라남도 여수시 거북선공원2길 5-5 (학동, (학동))",0,0,0,0,35
순천중앙병원,전라남도,순천시,종합병원,해당사항없음,전라남도 순천시 장명로 5 (장천동),0,0,0,0,2
성가롤로병원,전라남도,순천시,종합병원,해당사항없음,전라남도 순천시 순광로 221 (조례동),56,56,0,0,31
의료법인한국의료재단 순천한국병원,전라남도,순천시,종합병원,해당사항없음,전라남도 순천시 우명길 42 (연향동),9,9,0,0,0
의료법인청언의료재단 순천제일병원,전라남도,순천시,종합병원,해당사항없음,전라남도 순천시 기적의도서관1길 3 (조례동),0,0,0,0,2
근로복지공단 순천병원,전라남도,순천시,종합병원,해당사항없음,"전라남도 순천시 조례1길 24 (조례동, (조례동))",4,4,0,0,1
전라남도 순천의료원,전라남도,순천시,종합병원,해당사항없음,전라남도 순천시 서문성터길 2 (매곡동),7,7,0,0,16
의료법인내일의료재단 현대여성아동병원,전라남도,순천시,병원,일반의,전라남도 순천시 장선배기1길 8 (조례동),15,0,0,15,0
순천하나병원,전라남도,순천시,병원,일반의,전라남도 순천시 팔마로 215 (덕암동),0,0,0,0,2
미즈여성아동병원,전라남도,순천시,병원,일반의,"전라남도 순천시 조례1길 10-26 (조례동, (조례동))",10,0,0,10,0
메디팜요양병원,전라남도,순천시,요양병원,해당사항없음,전라남도 순천시 양율길 306 (인월동),0,0,0,0,1
의료법인진촌의료재단 순천만요양병원,전라남도,순천시,요양병원,해당사항없음,전라남도 순천시 별량면 덕정길 74,0,0,0,0,1
나주종합병원,전라남도,나주시,종합병원,해당사항없음,"전라남도 나주시 영산로 5419 (성북동,나주종합병원)",0,0,0,0,3
의료법인세화의료재단 나주효사랑요양병원,전라남도,나주시,요양병원,해당사항없음,전라남도 나주시 금천면 영산로 5891-9,0,0,0,0,41
광양사랑병원,전라남도,광양시,종합병원,해당사항없음,"전라남도 광양시 공영로 71 (중동, (중동))",10,10,0,0,0
의료법인현경의료재단 광양서울병원,전라남도,광양시,종합병원,해당사항없음,전라남도 광양시 진등길 93 (마동),0,0,0,0,4
의료법인광양의료재단 광양병원,전라남도,광양시,병원,일반의,전라남도 광양시 광양읍 인덕로 992,0,0,0,0,4
강남병원,전라남도,광양시,병원,일반의,전라남도 광양시 중마중앙로 17 (중동),0,0,0,0,1
담양사랑병원,전라남도,담양군,병원,일반의,전라남도 담양군 담양읍 천변7길 19,0,0,0,0,1
의료법인대송의료재단 곡성사랑병원,전라남도,곡성군,병원,일반의,전라남도 곡성군 곡성읍 곡성로 761,0,0,0,0,1
구례병원,전라남도,구례군,병원,일반의,전라남도 구례군 구례읍 동편제길 4,0,0,0,0,1
의료법인영성의료재단 고흥종합병원,전라남도,고흥군,종합병원,해당사항없음,전라남도 고흥군 고흥읍 고흥로 1935,12,12,0,0,2
아산사회복지재단 보성아산병원,전라남도,보성군,병원,일반의,전라남도 보성군 미력면 가평길 36-17,0,0,0,0,1
화순전남대학교병원,전라남도,화순군,상급종합병원,해당사항없음,전라남도 화순군 화순읍 서양로 322,33,32,0,1,5
화순고려병원,전라남도,화순군,병원,일반의,전라남도 화순군 화순읍 충의로 109,3,3,0,0,3
화순중앙병원,전라남도,화순군,병원,일반의,전라남도 화순군 화순읍 칠충로 101,3,3,0,0,13
화순성심병원,전라남도,화순군,병원,일반의,전라남도 화순군 화순읍 만연로 31,3,3,0,0,1
화순베스트요양병원,전라남도,화순군,요양병원,해당사항없음,전라남도 화순군 화순읍 칠충로 101,0,0,0,0,25
전남제일요양병원,전라남도,화순군,요양병원,해당사항없음,전라남도 화순군 화순읍 덕음로 999,0,0,0,0,9
의료법인 우범의료재단 장흥종합병원,전라남도,장흥군,종합병원,해당사항없음,전라남도 장흥군 장흥읍 흥성로 74 (74),0,0,0,0,6
의료법인송지의료재단 장흥요양병원,전라남도,장흥군,요양병원,해당사항없음,전라남도 장흥군 장흥읍 중앙로 6-0 (장흥요양병원),0,0,0,0,1
전라남도 강진의료원,전라남도,강진군,종합병원,해당사항없음,전라남도 강진군 강진읍 탐진로 5,0,0,0,0,7
의료법인행촌의료재단 해남종합병원,전라남도,해남군,종합병원,해당사항없음,전라남도 해남군 해남읍 해남로 45,14,14,0,0,3
해남우리종합병원,전라남도,해남군,종합병원,해당사항없음,전라남도 해남군 옥천면 해남로 597,25,25,0,0,0
의료법인대송의료재단 무안병원,전라남도,무안군,종합병원,해당사항없음,전라남도 무안군 무안읍 몽탄로 65,13,13,0,0,1
의료법인이영의료재단 시그니티요양병원,전라남도,무안군,요양병원,해당사항없음,전라남도 무안군 삼향읍 남악로250번길 59-30,0,0,0,0,2
의료법인인성의료재단 함평성심병원,전라남도,함평군,병원,일반의,전라남도 함평군 함평읍 영수길 132,0,0,0,0,1
국군함평병원,전라남도,함평군,병원,일반의,전라남도 함평군 해보면 신해로 1027,0,0,0,0,3
영광종합병원,전라남도,영광군,종합병원,해당사항없음,전라남도 영광군 영광읍 와룡로 3,7,7,0,0,1
의료법인거명의료재단 영광기독병원,전라남도,영광군,종합병원,해당사항없음,전라남도 영광군 영광읍 신남로 265,11,11,0,0,1
의료법인거명의료재단 영광기독신하병원,전라남도,영광군,정신병원,해당사항없음,전라남도 영광군 영광읍 천년로 1351-15,0,0,0,0,1
의료법인행복나눔의료재단 장성병원,전라남도,장성군,병원,일반의,전라남도 장성군 장성읍 역전로 171,0,0,0,0,2
완도대성병원,전라남도,완도군,병원,일반의,전라남도 완도군 완도읍 청해진동로 63,0,0,0,0,2
의료법인신안대우의료재단 신안대우병원,전라남도,신안군,병원,일반의,전라남도 신안군 비금면 송치길 155-11,0,0,0,0,4
포항성모병원,경상북도,포항시 남구,종합병원,해당사항없음,"경상북도 포항시 남구 대잠동길 17 (대잠동, (대잠동))",37,37,0,0,20
의료법인한성재단포항세명기독병원,경상북도,포항시 남구,종합병원,해당사항없음,경상북도 포항시 남구 포스코대로 351 (대도동),55,55,0,0,16
에스포항병원,경상북도,포항시 남구,종합병원,해당사항없음,경상북도 포항시 남구 희망대로 352 (이동),15,15,0,0,0
해군포항병원,경상북도,포항시 남구,병원,일반의,경상북도 포항시 남구 오천읍 충무로 70,0,0,0,0,4
경상북도포항의료원,경상북도,포항시 북구,종합병원,해당사항없음,"경상북도 포항시 북구 용흥로 36 (용흥동, (용흥동))",20,20,0,0,7
의료법인은성의료재단좋은선린병원,경상북도,포항시 북구,종합병원,해당사항없음,경상북도 포항시 북구 대신로 43 (대신동),18,18,0,0,0
의료법인청암의료재단 포항송라요양병원,경상북도,포항시 북구,요양병원,해당사항없음,경상북도 포항시 북구 송라면 동해대로2913번길 127,0,0,0,0,1
의료법인유성의료재단 유성요양병원,경상북도,포항시 북구,요양병원,해당사항없음,"경상북도 포항시 북구 새천년대로 1135-78 (장성동, (장성동))",0,0,0,0,1
의료법인은성의료재단 좋은선린요양병원,경상북도,포항시 북구,요양병원,해당사항없음,경상북도 포항시 북구 대신로 27 (대신동),0,0,0,0,1
동국대학교의과대학경주병원,경상북도,경주시,종합병원,해당사항없음,경상북도 경주시 동대로 87 (석장동),39,39,0,0,30
경주시립노인전문요양병원,경상북도,경주시,요양병원,해당사항없음,경상북도 경주시 현곡면 충현로 610-120,0,0,0,0,31
의료법인 일원의료재단 늘푸른요양병원,경상북도,경주시,요양병원,해당사항없음,경상북도 경주시 유림로13번길 155 (용강동),0,0,0,0,4
신경주요양병원,경상북도,경주시,요양병원,해당사항없음,경상북도 경주시 건천읍 단석로 1593-9,0,0,0,0,2
위더스요양병원,경상북도,경주시,요양병원,해당사항없음,경상북도 경주시 승삼북길 31 (용강동),0,0,0,0,1
경주요양병원,경상북도,경주시,요양병원,해당사항없음,경상북도 경주시 충효구획4길 31-0 (충효동),0,0,0,0,1
경상북도김천의료원,경상북도,김천시,종합병원,해당사항없음,경상북도 김천시 모암길 24 (모암동),25,25,0,0,16
의료법인덕산의료재단김천제일병원,경상북도,김천시,종합병원,해당사항없음,경상북도 김천시 신음1길 12 (신음동),18,18,0,0,0
안동성소병원,경상북도,안동시,종합병원,해당사항없음,경상북도 안동시 서동문로 99 (금곡동),34,34,0,0,2
의료법인안동병원,경상북도,안동시,종합병원,해당사항없음,경상북도 안동시 앙실로 11 (수상동),86,76,0,10,7
경상북도안동의료원,경상북도,안동시,종합병원,해당사항없음,경상북도 안동시 태사2길 55 (북문동),10,10,0,0,7
경상북도립안동노인전문요양병원,경상북도,안동시,요양병원,해당사항없음,경상북도 안동시 남후면 남일로 1463,0,0,0,0,1
안동요양병원,경상북도,안동시,요양병원,해당사항없음,경상북도 안동시 전거리길 57 (용상동),0,0,0,0,1
의료법인경북의료재단 길주요양병원,경상북도,안동시,요양병원,해당사항없음,경상북도 안동시 경동로 1289 (송천동),0,0,0,0,1
차의과학대학교부속구미차병원,경상북도,구미시,종합병원,해당사항없음,경상북도 구미시 신시로10길 12 (형곡동),54,46,0,8,0
구미강동병원,경상북도,구미시,종합병원,해당사항없음,경상북도 구미시 인동20길 46 (진평동),12,12,0,0,0
순천향대학교 부속 구미병원,경상북도,구미시,종합병원,해당사항없음,"경상북도 구미시 1공단로 179 (공단동, (공단동))",35,35,0,0,1
바른유병원,경상북도,구미시,병원,일반의,경상북도 구미시 역전로 28 (원평동),0,0,0,0,2
의료법인소랑의료재단 구미제일요양병원,경상북도,구미시,요양병원,해당사항없음,경상북도 구미시 고아읍 선산대로 1116-0 (구미제일요양병원),0,0,0,0,15
구미숲요양병원,경상북도,구미시,요양병원,해당사항없음,경상북도 구미시 인동36길 89-0 (구평동),0,0,0,0,43
남구미요양병원,경상북도,구미시,요양병원,해당사항없음,경상북도 구미시 금오대로 378 (오태동),0,0,0,0,8
영주적십자병원,경상북도,영주시,종합병원,해당사항없음,"경상북도 영주시 대학로 327-0 (가흥동,영주적십자병원)",10,10,0,0,4
의료법인청봉의료재단성누가병원,경상북도,영주시,병원,일반의,경상북도 영주시 구성로 329 (영주동),7,7,0,0,2
영주자인병원,경상북도,영주시,병원,일반의,경상북도 영주시 대동로31번길 9 (가흥동),0,0,0,0,2
의료법인기호의료재단 청하요양병원,경상북도,영주시,요양병원,해당사항없음,경상북도 영주시 신재로24번길 91 (가흥동),0,0,0,0,7
의료법인 영주의료재단 명품요양병원,경상북도,영주시,요양병원,해당사항없음,경상북도 영주시 반지미로 265 (가흥동),0,0,0,0,1
영남대학교의과대학부속영천병원,경상북도,영천시,종합병원,해당사항없음,경상북도 영천시 오수1길 10 (오수동),10,10,0,0,0
의료법인 현보의료재단 해오름요양병원,경상북도,영천시,요양병원,해당사항없음,경상북도 영천시 오수1길 21-0 (오수동),0,0,0,0,2
상주적십자병원,경상북도,상주시,종합병원,해당사항없음,경상북도 상주시 상서문로 53 (남성동),10,10,0,0,1
의료법인삼백의료재단상주성모병원,경상북도,상주시,종합병원,해당사항없음,경상북도 상주시 냉림서성길 7 (냉림동),10,10,0,0,3
상주시립요양병원,경상북도,상주시,요양병원,해당사항없음,경상북도 상주시 용마로 190-45 (도남동),0,0,0,0,2
상주교도소 부속의원,경상북도,상주시,의원,일반의,"경상북도 상주시 사벌국면 목가2길 130, 1, 2층",0,0,0,0,6
의료법인동춘의료재단문경제일병원,경상북도,문경시,종합병원,해당사항없음,경상북도 문경시 당교3길 25 (모전동),32,32,0,0,7
문경점촌요양병원,경상북도,문경시,요양병원,해당사항없음,경상북도 문경시 영신영강길 30-0 (영신동),0,0,0,0,6
의료법인 근원의료재단 경산중앙병원,경상북도,경산시,종합병원,해당사항없음,경상북도 경산시 경안로 11 (백천동),20,20,0,0,0
의료법인 서명의료재단 세명종합병원,경상북도,경산시,종합병원,해당사항없음,경상북도 경산시 경안로 208 (중방동),14,14,0,0,0
국군대구병원,경상북도,경산시,병원,일반의,경상북도 경산시 하양읍 대경로 425-41,0,0,0,0,3
경북권역재활병원,경상북도,경산시,병원,일반의,경상북도 경산시 미래로 120-0 (평산동),0,0,0,0,1
의료법인양지의료재단 양지기쁨병원,경상북도,경산시,병원,일반의,"경상북도 경산시 경산로 174-0, A동 (옥산동,양지기쁨병원(A동)1층~4층)",0,0,0,0,2
의료법인양지의료재단 양지요양병원,경상북도,경산시,요양병원,해당사항없음,"경상북도 경산시 경산로 174-0, B동 1~2,4~7층 (옥산동,양지요양병원)",0,0,0,0,4
의료법인대남의료재단청도대남병원,경상북도,청도군,병원,일반의,경상북도 청도군 화양읍 청화로 79-7,0,0,0,0,2
의료법인영암의료재단고령영생병원,경상북도,고령군,병원,일반의,경상북도 고령군 대가야읍 중앙로 33,0,0,0,0,1
의료법인건용의료재단 왜관병원,경상북도,칠곡군,병원,일반의,경상북도 칠곡군 왜관읍 군청2길 10,0,0,0,0,1
의료법인인덕의료재단 경도요양병원,경상북도,예천군,요양병원,해당사항없음,경상북도 예천군 예천읍 원고개길 49,0,0,0,0,1
울진군의료원,경상북도,울진군,병원,일반의,경상북도 울진군 울진읍 현내항길 71,0,0,0,0,4
창원파티마병원,경상남도,창원시 의창구,종합병원,해당사항없음,경상남도 창원시 의창구 창이대로 45 (명서동),31,29,0,2,6
창원한마음병원,경상남도,창원시 의창구,종합병원,해당사항없음,경상남도 창원시 의창구 용동로57번길 8 (사림동),73,63,0,10,6
화사랑병원,경상남도,창원시 의창구,병원,일반의,"경상남도 창원시 의창구 용동로83번안길 3, 화사랑메디컬 3-5층 (사림동)",4,4,0,0,0
바이탈병원,경상남도,창원시 의창구,병원,일반의,경상남도 창원시 의창구 북면 천주로 785,0,0,0,0,1
행복한요양병원,경상남도,창원시 의창구,요양병원,해당사항없음,경상남도 창원시 의창구 북면 천주로 785-1,0,0,0,0,1
시티요양병원,경상남도,창원시 의창구,요양병원,해당사항없음,경상남도 창원시 의창구 대봉로26번길 12-3 (봉림동),0,0,0,0,1
근로복지공단 창원병원,경상남도,창원시 성산구,종합병원,해당사항없음,경상남도 창원시 성산구 창원대로 721 (중앙동),5,5,0,0,1
창원경상국립대학교병원,경상남도,창원시 성산구,종합병원,해당사항없음,"경상남도 창원시 성산구 삼정자로 11 (성주동, 창원경상대학교병원)",53,36,0,17,22
희연요양병원,경상남도,창원시 성산구,요양병원,해당사항없음,"경상남도 창원시 성산구 원이대로393번길 25, 희연빌딩 2-3층, 지하1-2층 일부호 (반지동)",0,0,0,0,1
푸른요양병원,경상남도,창원시 성산구,요양병원,해당사항없음,"경상남도 창원시 성산구 창원천로94번길 82-18, 푸른요양병원(B동) (대원동)",0,0,0,0,3
경상남도마산의료원,경상남도,창원시 마산합포구,종합병원,해당사항없음,경상남도 창원시 마산합포구 3·15대로 231 (중앙동3가),8,8,0,0,27
의료법인합포의료재단에스엠지연세병원,경상남도,창원시 마산합포구,종합병원,해당사항없음,"경상남도 창원시 마산합포구 3·15대로 76 (월남동2가, 합포의료재단)",13,13,0,0,0
국립마산병원,경상남도,창원시 마산합포구,병원,일반의,"경상남도 창원시 마산합포구 가포로 215 (가포동, 국립마산병원)",10,10,0,0,20
의료법인성인의료재단이에이씨창원요양병원,경상남도,창원시 마산합포구,요양병원,해당사항없음,경상남도 창원시 마산합포구 가포로 652 (덕동동),0,0,0,0,1
학교법인성균관대학삼성창원병원,경상남도,창원시 마산회원구,상급종합병원,해당사항없음,"경상남도 창원시 마산회원구 팔용로 158 (합성동, 삼성창원병원)",94,70,0,24,10
의료법인청록의료재단신세계요양병원,경상남도,창원시 마산회원구,요양병원,해당사항없음,경상남도 창원시 마산회원구 내서읍 죽암로 89 (신세계요양병원),0,0,0,0,1
의료법인태산의료재단 큰사랑요양병원,경상남도,창원시 마산회원구,요양병원,해당사항없음,경상남도 창원시 마산회원구 북성로 469 (두척동),0,0,0,0,1
의료법인청아의료재단동서병원,경상남도,창원시 마산회원구,정신병원,해당사항없음,경상남도 창원시 마산회원구 내서읍 호원로 265 (동서병원),0,0,0,0,1
연세에스병원,경상남도,창원시 진해구,종합병원,해당사항없음,경상남도 창원시 진해구 해원로32번길 13 (이동),10,10,0,0,0
해군해양의료원,경상남도,창원시 진해구,병원,일반의,경상남도 창원시 진해구 진해대로963번길 35 (자은동),0,0,0,0,2
동양의료재단연세사랑병원,경상남도,창원시 진해구,정신병원,해당사항없음,경상남도 창원시 진해구 행암로 76 (장천동),0,0,0,0,1
경상국립대학교병원,경상남도,진주시,상급종합병원,해당사항없음,경상남도 진주시 강남로 79 (칠암동),81,66,0,15,20
제일병원,경상남도,진주시,종합병원,해당사항없음,경상남도 진주시 진주대로 885 (강남동),9,9,0,0,0
한일병원,경상남도,진주시,종합병원,해당사항없음,"경상남도 진주시 범골로 17, 한일병원 지하1 1~7층 (충무공동)",16,16,0,0,1
의료법인 문병욱의료재단 진주고려병원,경상남도,진주시,종합병원,해당사항없음,"경상남도 진주시 동진로 2 (칠암동, 진주고려병원)",9,9,0,0,0
의료법인 목화의료재단 목화요양병원,경상남도,진주시,요양병원,해당사항없음,"경상남도 진주시 천수로163번길 25, 목화노인병원 (망경동)",0,0,0,0,11
의료법인 진주의료재단 진주노인요양병원,경상남도,진주시,요양병원,해당사항없음,"경상남도 진주시 문산읍 제곡길98번길 41, 지하1, 1~5층",0,0,0,0,11
의료법인 행복한의료재단 센텀요양병원,경상남도,진주시,요양병원,해당사항없음,"경상남도 진주시 진주대로941번길 8, 센텀병원 B1~2,1~7층 (강남동)",0,0,0,0,11
한빛요양병원,경상남도,진주시,요양병원,해당사항없음,"경상남도 진주시 대신로 120, 한빛요양병원 지하2층 2층-9층층 (상평동)",0,0,0,0,17
엠마우스요양병원,경상남도,진주시,요양병원,해당사항없음,"경상남도 진주시 남강로 25 (평거동, 엠마우스요양병원)",0,0,0,0,13
의료법인 진주의료재단 진주정신병원,경상남도,진주시,정신병원,해당사항없음,경상남도 진주시 문산읍 제곡길98번길 49-6,0,0,0,0,1
통영적십자병원,경상남도,통영시,병원,일반의,경상남도 통영시 중앙로 97 (서호동),0,0,0,0,10
통영서울병원,경상남도,통영시,병원,일반의,경상남도 통영시 광도면 남해안대로 857,0,0,0,0,8
의료법인진주의료재단 경상남도립통영노인전문병원,경상남도,통영시,요양병원,해당사항없음,경상남도 통영시 도산면 남해안대로 1818,0,0,0,0,4
통영구치소 부속의원,경상남도,통영시,의원,일반의,경상남도 통영시 용남면 용남해안로 277,0,0,0,0,1
의료법인 행복한의료재단 경남도립사천노인전문병원,경상남도,사천시,요양병원,해당사항없음,"경상남도 사천시 축동면 서삼로 1110-39, 경남도립사천노인전문병원",0,0,0,0,2
의료법인 덕산의료재단 한마음병원,경상남도,사천시,정신병원,해당사항없음,"경상남도 사천시 향촌4길 127 (향촌동, 한마음병원)",0,0,0,0,1
의료법인환명의료재단 조은금강병원,경상남도,김해시,종합병원,해당사항없음,경상남도 김해시 김해대로 1814-37 (삼계동),24,24,0,0,1
강일병원,경상남도,김해시,종합병원,해당사항없음,경상남도 김해시 가락로 359 (구산동),15,15,0,0,0
의료법인숭인의료재단 김해복음병원,경상남도,김해시,종합병원,해당사항없음,경상남도 김해시 활천로 33 (삼정동),19,19,0,0,0
의료법인푸른솔의료재단 김해한솔재활요양병원,경상남도,김해시,요양병원,해당사항없음,경상남도 김해시 김해대로 2379 (부원동),0,0,0,0,15
의료법인 송파의료재단 가야요양병원,경상남도,김해시,요양병원,해당사항없음,경상남도 김해시 주촌면 이지산단로 155,0,0,0,0,4
의료법인신화성의료재단 장유요양병원,경상남도,김해시,요양병원,해당사항없음,"경상남도 김해시 번화1로56번길 19, 2,4~11층 (대청동)",0,0,0,0,2
이화수로요양병원,경상남도,김해시,요양병원,해당사항없음,경상남도 김해시 분성로261번길 15 (봉황동),0,0,0,0,1
(의)동남의료재단 동남병원,경상남도,김해시,정신병원,해당사항없음,경상남도 김해시 가야로51번길 42 (삼계동),0,0,0,0,2
의료법인 건생당의료재단 김해무드병원,경상남도,김해시,정신병원,해당사항없음,"경상남도 김해시 진영읍 진영로 378, 김해무드병원",0,0,0,0,4
김해시보건소,경상남도,김해시,보건소,해당사항없음,경상남도 김해시 분성로 227 (외동),0,0,0,0,1
의료법인지원의료재단 굿모닝병원,경상남도,밀양시,병원,일반의,경상남도 밀양시 용평로5길 4-20 (용평동),8,8,0,0,2
의료법인 이유의료재단 희윤요양병원,경상남도,밀양시,요양병원,해당사항없음,경상남도 밀양시 부북면 춘화로 60,0,0,0,0,3
의료법인 거붕 백병원,경상남도,거제시,종합병원,해당사항없음,경상남도 거제시 계룡로5길 14 (상동동),20,20,0,0,0
의료법인 대우의료재단대우병원,경상남도,거제시,종합병원,해당사항없음,경상남도 거제시 두모길 16 (두모동),10,10,0,0,0
양산부산대학교병원,경상남도,양산시,상급종합병원,해당사항없음,경상남도 양산시 물금읍 금오로 20,126,75,13,38,23
양산성모병원,경상남도,양산시,종합병원,해당사항없음,경상남도 양산시 서창로 59 (명동),11,11,0,0,0
양산중앙요양병원,경상남도,양산시,요양병원,해당사항없음,경상남도 양산시 장터4길 6-9 (중부동),0,0,0,0,3
양산서울요양병원,경상남도,양산시,요양병원,해당사항없음,"경상남도 양산시 삼성7길 11-14 (북정동, 1층 일부, 2~9층)",0,0,0,0,2
평심요양병원,경상남도,양산시,요양병원,해당사항없음,"경상남도 양산시 하북면 신평로 37, 2~6층",0,0,0,0,16
양산병원,경상남도,양산시,정신병원,해당사항없음,경상남도 양산시 모래들1길 91 (주진동),0,0,0,0,1
의령병원,경상남도,의령군,병원,일반의,경상남도 의령군 의령읍 의병로14길 10,0,0,0,0,2
유천의료재단새롬재활요양병원,경상남도,함안군,요양병원,해당사항없음,경상남도 함안군 칠원읍 예곡1길 13,0,0,0,0,3
남지요양병원,경상남도,창녕군,요양병원,해당사항없음,경상남도 창녕군 남지읍 동포로 15,0,0,0,0,2
의료법인창녕성산의료재단창녕효요양병원,경상남도,창녕군,요양병원,해당사항없음,경상남도 창녕군 대지면 효정직교길 119,0,0,0,0,1
의료법인대종의료재단부곡온천병원,경상남도,창녕군,정신병원,해당사항없음,경상남도 창녕군 부곡면 원앙로 72,0,0,0,0,1
의료법인 수영의료재단 고성제일요양병원,경상남도,고성군,요양병원,해당사항없음,경상남도 고성군 고성읍 남해안대로 2514,0,0,0,0,3
고성성심병원,경상남도,고성군,정신병원,해당사항없음,경상남도 고성군 회화면 남해안대로 3963-21,0,0,0,0,1
남해군립노인전문병원,경상남도,남해군,요양병원,해당사항없음,경상남도 남해군 남해읍 화전로 173-1 (남해노인전문병원),0,0,0,0,6
산청요양병원,경상남도,산청군,요양병원,해당사항없음,"경상남도 산청군 금서면 친환경로2605번길 69, 산청요양병원",0,0,0,0,1
의료법인아림의료재단에스지서경병원,경상남도,거창군,병원,일반의,경상남도 거창군 거창읍 송정1길 24-13,0,0,0,0,3
제주한라병원,제주특별자치도,제주시,종합병원,해당사항없음,"제주특별자치도 제주시 도령로 65 (연동, (연동))",62,55,0,7,10
제주대학교병원,제주특별자치도,제주시,종합병원,해당사항없음,"제주특별자치도 제주시 아란13길 15-0 (아라일동, 0동 0층 0호 (아라일동,제주대학교병원))",57,38,3,16,53
의료법인 혜인의료재단 한국병원,제주특별자치도,제주시,종합병원,해당사항없음,"제주특별자치도 제주시 서광로 193-  (삼도일동, (삼도일동))",10,10,0,0,0
의료법인 중앙의료재단 중앙병원,제주특별자치도,제주시,종합병원,해당사항없음,"제주특별자치도 제주시 월랑로 91-0 (이호이동,중앙병원)",17,17,0,0,12
한마음병원,제주특별자치도,제주시,종합병원,해당사항없음,"제주특별자치도 제주시 연신로 52 (이도이동,(이도이동))",12,12,0,0,0
제주특별자치도제주의료원,제주특별자치도,제주시,병원,일반의,"제주특별자치도 제주시 산천단남길 10, 제주의료원 (아라일동)",0,0,0,0,2
제주의료원부속요양병원,제주특별자치도,제주시,요양병원,해당사항없음,"제주특별자치도 제주시 산천단남길 10 (아라일동, 제주의료원)",0,0,0,0,1
제주특별자치도 서귀포의료원,제주특별자치도,서귀포시,종합병원,해당사항없음,"제주특별자치도 서귀포시 장수로 47-0 (동홍동,서귀포의료원)",22,22,0,0,0
한림대학교춘천성심병원,강원특별자치도,춘천시,종합병원,해당사항없음,"강원특별자치도 춘천시 삭주로 77 (교동,77)",52,52,0,0,2
강원대학교병원,강원특별자치도,춘천시,종합병원,해당사항없음,"강원특별자치도 춘천시 백령로 156-  (효자동,(효자동))",61,38,8,15,14
국군춘천병원,강원특별자치도,춘천시,병원,일반의,"강원특별자치도 춘천시 방고개길 57 (신동,57)",0,0,0,0,10
연세대학교 원주세브란스기독병원,강원특별자치도,원주시,상급종합병원,해당사항없음,"강원특별자치도 원주시 일산로 20-0 (일산동, (일산동))",108,89,0,19,40
강원특별자치도원주의료원,강원특별자치도,원주시,종합병원,해당사항없음,"강원특별자치도 원주시 서원대로 387 (개운동, (개운동))",20,20,0,0,7
원주카톨릭병원,강원특별자치도,원주시,병원,일반의,"강원특별자치도 원주시 남산로 199-0 (학성동,원주카톨릭병원)",0,0,0,0,10
연세메디하임병원,강원특별자치도,원주시,병원,일반의,강원특별자치도 원주시 문막읍 원문로 1419-0 (연세메디하임병원),0,0,0,0,20
원주교도소부속의원,강원특별자치도,원주시,의원,일반의,강원특별자치도 원주시 북원로 2155 (무실동),0,0,0,0,1
강릉아산병원,강원특별자치도,강릉시,상급종합병원,해당사항없음,강원특별자치도 강릉시 사천면 방동길 38-0 (강릉아산병원),68,55,0,13,19
의료법인 강릉동인병원,강원특별자치도,강릉시,종합병원,해당사항없음,"강원특별자치도 강릉시 강릉대로419번길 42-0 (포남동, (포남동))",33,33,0,0,2
강원특별자치도강릉의료원,강원특별자치도,강릉시,종합병원,해당사항없음,"강원특별자치도 강릉시 경강로 2007-0 (남문동,강릉의료원)",8,8,0,0,25
국군강릉병원,강원특별자치도,강릉시,병원,일반의,강원특별자치도 강릉시 주문진읍 동해대로 4371-34 (4371),0,0,0,0,13
의료법인 동해동인병원,강원특별자치도,동해시,종합병원,해당사항없음,"강원특별자치도 동해시 하평로 26 (평릉동, (평릉동))",20,20,0,0,2
근로복지공단 동해병원,강원특별자치도,동해시,종합병원,해당사항없음,"강원특별자치도 동해시 하평로 11 (평릉동, (평릉동))",8,8,0,0,1
근로복지공단 태백병원,강원특별자치도,태백시,종합병원,해당사항없음,"강원특별자치도 태백시 보드미길 8 (장성동, (장성동))",10,10,0,0,0
강원특별자치도속초의료원,강원특별자치도,속초시,종합병원,해당사항없음,"강원특별자치도 속초시 영랑호반길 3 (영랑동, (영랑동))",8,8,0,0,2
온재병원,강원특별자치도,속초시,종합병원,해당사항없음,"강원특별자치도 속초시 중앙로 11-0 (교동,속초보광병원)",15,15,0,0,0
강원특별자치도삼척의료원,강원특별자치도,삼척시,종합병원,해당사항없음,"강원특별자치도 삼척시 오십천로 473-0 (정상동,강원특별자치도삼척의료원)",10,10,0,0,6
홍천아산병원,강원특별자치도,홍천군,종합병원,해당사항없음,강원특별자치도 홍천군 홍천읍 산림공원1길 17 (17),7,7,0,0,2
국군홍천병원,강원특별자치도,홍천군,병원,일반의,강원특별자치도 홍천군 두촌면 아홉사리로 53-  (53),0,0,0,0,4
제11기동사단의무대대의원,강원특별자치도,홍천군,의원,일반의,강원특별자치도 홍천군 북방면 홍천로 132,0,0,0,0,8
횡성대성병원,강원특별자치도,횡성군,병원,일반의,강원특별자치도 횡성군 횡성읍 횡성로 275-0 (대성병원),0,0,0,0,1
강원특별자치도영월의료원,강원특별자치도,영월군,종합병원,해당사항없음,강원특별자치도 영월군 영월읍 중앙1로 59-0 (영월의료원),12,12,0,0,2
근로복지공단 정선병원,강원특별자치도,정선군,병원,일반의,강원특별자치도 정선군 정선읍 봉양1길 145-0,4,4,0,0,2
백두병원,강원특별자치도,양구군,병원,일반의,강원특별자치도 양구군 양구읍 금강산로 510,0,0,0,0,5
재단법인예수병원유지재단예수병원,전북특별자치도,전주시 완산구,종합병원,해당사항없음,"전북특별자치도 전주시 완산구 서원로 365 (중화산동1가,(중화산동1가, 예수병원))",55,43,0,12,17
의료법인영경의료재단전주병원,전북특별자치도,전주시 완산구,종합병원,해당사항없음,"전북특별자치도 전주시 완산구 한두평3길 13 (중화산동2가,(중화산동2가, 전주병원))",9,9,0,0,0
엠마오사랑병원,전북특별자치도,전주시 완산구,병원,일반의,"전북특별자치도 전주시 완산구 서원로 402-35 (중화산동1가,(중화산동1가))",0,0,0,0,2
전주기독병원,전북특별자치도,전주시 완산구,병원,일반의,"전북특별자치도 전주시 완산구 거마평로 185 (효자동1가,(효자동1가,398-5))",0,0,0,0,18
의료법인 인산의료재단 자인플러스병원,전북특별자치도,전주시 완산구,병원,일반의,"전북특별자치도 전주시 완산구 기린대로 227-0 (서노송동, 1동 (서노송동,전주열린병원))",19,19,0,0,0
새강병원,전북특별자치도,전주시 완산구,병원,일반의,"전북특별자치도 전주시 완산구 백제대로 20-0 (평화동1가, (평화동1가))",3,3,0,0,0
효사랑가족요양병원,전북특별자치도,전주시 완산구,요양병원,해당사항없음,"전북특별자치도 전주시 완산구 용머리로 77 (효자동1가,(효자동1가))",0,0,0,0,3
효사랑전주요양병원,전북특별자치도,전주시 완산구,요양병원,해당사항없음,"전북특별자치도 전주시 완산구 팔달로 272 (서노송동,(서노송동))",0,0,0,0,26
한솔요양병원,전북특별자치도,전주시 완산구,요양병원,해당사항없음,"전북특별자치도 전주시 완산구 장승배기로 46 (삼천동1가,(삼천동1가))",0,0,0,0,12
중앙요양병원,전북특별자치도,전주시 완산구,요양병원,해당사항없음,"전북특별자치도 전주시 완산구 노송여울2길 134 (서노송동, (서노송동))",0,0,0,0,1
의료법인건강나라의료재단 건강나라요양병원,전북특별자치도,전주시 완산구,요양병원,해당사항없음,"전북특별자치도 전주시 완산구 맏내로 114 (평화동2가,(평화동2가))",0,0,0,0,11
의료법인 효일의료재단 나눔요양병원,전북특별자치도,전주시 완산구,요양병원,해당사항없음,"전북특별자치도 전주시 완산구 선너머2길 4 (중화산동1가,(중화산동1가))",0,0,0,0,48
더숲요양병원,전북특별자치도,전주시 완산구,요양병원,해당사항없음,"전북특별자치도 전주시 완산구 흑석2길 22 (서서학동, (서서학동))",0,0,0,0,45
전북대학교병원,전북특별자치도,전주시 덕진구,상급종합병원,해당사항없음,"전북특별자치도 전주시 덕진구 건지로 20 (금암동, (금암동))",119,84,10,25,8
대자인병원,전북특별자치도,전주시 덕진구,종합병원,해당사항없음,"전북특별자치도 전주시 덕진구 견훤로 390 (우아동3가,(우아동3가))",67,67,0,0,0
성모요양병원,전북특별자치도,전주시 덕진구,요양병원,해당사항없음,"전북특별자치도 전주시 덕진구 가리내로 118 (덕진동1가, (덕진동1가))",0,0,0,0,6
나은요양병원,전북특별자치도,전주시 덕진구,요양병원,해당사항없음,"전북특별자치도 전주시 덕진구 기린대로 951-0 (여의동, (여의동))",0,0,0,0,10
의료법인 디딤의료재단 우리요양병원,전북특별자치도,전주시 덕진구,요양병원,해당사항없음,"전북특별자치도 전주시 덕진구 안덕원로 291 (인후동1가,(인후동1가))",0,0,0,0,8
행복한요양병원,전북특별자치도,전주시 덕진구,요양병원,해당사항없음,"전북특별자치도 전주시 덕진구 백제대로 700-0 (인후동2가,새백제병원)",0,0,0,0,16
아중요양병원,전북특별자치도,전주시 덕진구,요양병원,해당사항없음,"전북특별자치도 전주시 덕진구 아중로 223-0 (우아동2가, (우아동2가))",0,0,0,0,1
전북특별자치도 군산의료원,전북특별자치도,군산시,종합병원,해당사항없음,"전북특별자치도 군산시 의료원로 27 (지곡동,(지곡동, 군산의료원))",22,22,0,0,2
의료법인 오성의료재단 동군산병원,전북특별자치도,군산시,종합병원,해당사항없음,"전북특별자치도 군산시 조촌로 149 (조촌동, (조촌동))",26,26,0,0,0
의료법인 유진의료재단 동서병원,전북특별자치도,군산시,병원,일반의,"전북특별자치도 군산시 백릉로 34 (조촌동,(조촌동))",0,0,0,0,12
의료법인 구암의료재단 군산요양병원,전북특별자치도,군산시,요양병원,해당사항없음,"전북특별자치도 군산시 하나운3길 18 (나운동,(나운동))",0,0,0,0,1
의료법인 원광의료재단 군산원광효도요양병원,전북특별자치도,군산시,요양병원,해당사항없음,"전북특별자치도 군산시 조촌4길 11 (조촌동, (조촌동))",0,0,0,0,101
의료법인 성곡의료재단 군산효자요양병원,전북특별자치도,군산시,요양병원,해당사항없음,"전북특별자치도 군산시 청소년회관로 45 (송풍동,(송풍동))",0,0,0,0,18
참사랑요양병원,전북특별자치도,군산시,요양병원,해당사항없음,"전북특별자치도 군산시 조촌로 21 (조촌동,(조촌동))",0,0,0,0,30
봄요양병원,전북특별자치도,군산시,요양병원,해당사항없음,"전북특별자치도 군산시 대학로 375-0 (나운동, (나운동))",0,0,0,0,1
원광대학교병원,전북특별자치도,익산시,상급종합병원,해당사항없음,"전북특별자치도 익산시 무왕로 895 (신동,(신동))",108,93,0,15,11
익산병원,전북특별자치도,익산시,종합병원,해당사항없음,"전북특별자치도 익산시 무왕로 969 (신동,(신동))",18,18,0,0,0
우석노인요양병원,전북특별자치도,익산시,요양병원,해당사항없음,"전북특별자치도 익산시 목천로 120 (목천동,(목천동))",0,0,0,0,40
엔젤의료재단 엔젤요양병원,전북특별자치도,익산시,요양병원,해당사항없음,전북특별자치도 익산시 함열읍 익산대로 1493-1,0,0,0,0,99
수요양병원,전북특별자치도,익산시,요양병원,해당사항없음,"전북특별자치도 익산시 중앙로1길 23-0 (창인동1가, (창인동1가))",0,0,0,0,30
의료법인 원광의료재단 익산원광효도요양병원,전북특별자치도,익산시,요양병원,해당사항없음,"전북특별자치도 익산시 익산대로33길 69 (신용동,(신용동))",0,0,0,0,126
의료법인 태종의료재단 익산미소요양병원,전북특별자치도,익산시,요양병원,해당사항없음,"전북특별자치도 익산시 선화로22길 52-9 (마동, (마동))",0,0,0,0,198
재단법인 아산사회복지재단 정읍아산병원,전북특별자치도,정읍시,종합병원,해당사항없음,"전북특별자치도 정읍시 충정로 606-22 (용계동,(용계동))",10,10,0,0,1
정읍한국병원,전북특별자치도,정읍시,종합병원,해당사항없음,"전북특별자치도 정읍시 서부산업도로 425-12 (농소동, 1동 (농소동,한국병원))",12,12,0,0,0
한서요양병원,전북특별자치도,정읍시,요양병원,해당사항없음,"전북특별자치도 정읍시 월천안길 14-0 (하모동,한서요양병원)",0,0,0,0,1
샘고을요양병원,전북특별자치도,정읍시,요양병원,해당사항없음,"전북특별자치도 정읍시 정읍북로 42-54 (구룡동, 1동 (구룡동,샘고을요양병원))",0,0,0,0,30
의료법인성은의료재단참조은병원,전북특별자치도,정읍시,정신병원,해당사항없음,"전북특별자치도 정읍시 새암길 29-11 (수성동,(수성동))",0,0,0,0,3
전북특별자치도 남원의료원,전북특별자치도,남원시,종합병원,해당사항없음,"전북특별자치도 남원시 충정로 365 (고죽동,(고죽동))",10,10,0,0,0
남원효사랑요양병원,전북특별자치도,남원시,요양병원,해당사항없음,"전북특별자치도 남원시 옥정4길 7 (향교동,(향교동))",0,0,0,0,3
김제병원,전북특별자치도,김제시,병원,일반의,"전북특별자치도 김제시 중앙로 55 (서암동, (서암동))",0,0,0,0,1
의료법인 백상의료재단 가족사랑요양병원,전북특별자치도,김제시,요양병원,해당사항없음,"전북특별자치도 김제시 하동1길 13 (하동,(하동))",0,0,0,0,32
미래요양병원,전북특별자치도,김제시,요양병원,해당사항없음,전북특별자치도 김제시 금구면 낙산1길 72,0,0,0,0,7
미래병원,전북특별자치도,김제시,정신병원,해당사항없음,전북특별자치도 김제시 금구면 낙산1길 74-1,0,0,0,0,1
신세계병원,전북특별자치도,김제시,정신병원,해당사항없음,전북특별자치도 김제시 금산면 구성5길 84-15,0,0,0,0,1
의료법인지석의료재단 신세계효병원,전북특별자치도,김제시,정신병원,해당사항없음,전북특별자치도 김제시 금산면 구성5길 84-11,0,0,0,0,1
완주요양병원,전북특별자치도,완주군,요양병원,해당사항없음,전북특별자치도 완주군 봉동읍 둔산3로 31-5,0,0,0,0,2
임실중앙요양병원,전북특별자치도,임실군,요양병원,해당사항없음,전북특별자치도 임실군 임실읍 봉황로 71,0,0,0,0,1
순창요양병원,전북특별자치도,순창군,요양병원,해당사항없음,전북특별자치도 순창군 순창읍 순창로 105,0,0,0,0,14
부안성모병원,전북특별자치도,부안군,종합병원,해당사항없음,전북특별자치도 부안군 부안읍 오정2길 24,9,9,0,0,0
부안군노인요양병원,전북특별자치도,부안군,요양병원,해당사항없음,전북특별자치도 부안군 부안읍 봉두길 68,0,0,0,0,1
