"동별(1)",동별(2),동별(3),2025,2025,2025,2025,2025,2025,2025,2025,2025
"동별(1)",동별(2),동별(3),장애정도별,장애정도별,장애정도별,장애정도별,장애정도별,장애정도별,장애정도별,장애정도별,장애정도별
"동별(1)",동별(2),동별(3),소계,소계,소계,심한 장애,심한 장애,심한 장애,심하지 않은 장애,심하지 않은 장애,심하지 않은 장애
"동별(1)",동별(2),동별(3),계,남자,여자,계,남자,여자,계,남자,여자
"합계",강남구,소계,15517,9071,6446,6405,3874,2531,9112,5197,3915
"합계",강남구,신사동,356,212,144,128,75,53,228,137,91
"합계",강남구,논현1동,547,323,224,184,115,69,363,208,155
"합계",강남구,논현2동,452,277,175,144,88,56,308,189,119
"합계",강남구,압구정동,483,290,193,162,104,58,321,186,135
"합계",강남구,청담동,523,307,216,178,110,68,345,197,148
"합계",강남구,삼성1동,283,182,101,89,54,35,194,128,66
"합계",강남구,삼성2동,586,356,230,207,127,80,379,229,150
"합계",강남구,대치1동,303,187,116,123,81,42,180,106,74
"합계",강남구,대치2동,594,396,198,220,163,57,374,233,141
"합계",강남구,대치4동,358,203,155,116,67,49,242,136,106
"합계",강남구,역삼1동,732,426,306,220,131,89,512,295,217
"합계",강남구,역삼2동,659,406,253,218,138,80,441,268,173
"합계",강남구,도곡1동,354,209,145,127,77,50,227,132,95
"합계",강남구,도곡2동,526,339,187,176,118,58,350,221,129
"합계",강남구,개포1동,523,337,186,174,112,62,349,225,124
"합계",강남구,개포2동,761,476,285,288,193,95,473,283,190
"합계",강남구,개포3동,1117,539,578,549,304,245,568,235,333
"합계",강남구,개포4동,608,367,241,215,128,87,393,239,154
"합계",강남구,세곡동,1985,1184,801,882,538,344,1103,646,457
"합계",강남구,일원본동,688,330,358,394,163,231,294,167,127
"합계",강남구,일원1동,1091,623,468,524,328,196,567,295,272
"합계",강남구,수서동,1988,1102,886,1087,660,427,901,442,459
"합계",강남구,기타,-,-,-,-,-,-,-,-,-
"합계",강동구,소계,19453,11634,7819,6967,4357,2610,12486,7277,5209
"합계",강동구,강일동,1773,1023,750,732,440,292,1041,583,458
"합계",강동구,상일1동,1096,668,428,428,287,141,668,381,287
"합계",강동구,상일2동,686,391,295,291,171,120,395,220,175
"합계",강동구,명일1동,791,460,331,292,181,111,499,279,220
"합계",강동구,명일2동,403,251,152,147,91,56,256,160,96
"합계",강동구,고덕1동,686,429,257,264,164,100,422,265,157
"합계",강동구,고덕2동,913,547,366,382,248,134,531,299,232
"합계",강동구,암사1동,1661,1017,644,578,374,204,1083,643,440
"합계",강동구,암사2동,487,279,208,165,93,72,322,186,136
"합계",강동구,암사3동,560,324,236,215,132,83,345,192,153
"합계",강동구,천호1동,1389,827,562,492,299,193,897,528,369
"합계",강동구,천호2동,1672,1009,663,560,360,200,1112,649,463
"합계",강동구,천호3동,1219,716,503,434,246,188,785,470,315
"합계",강동구,성내1동,631,395,236,215,150,65,416,245,171
"합계",강동구,성내2동,1051,618,433,329,197,132,722,421,301
"합계",강동구,성내3동,868,520,348,286,187,99,582,333,249
"합계",강동구,길동,2055,1262,793,661,429,232,1394,833,561
"합계",강동구,둔촌1동,570,336,234,190,114,76,380,222,158
"합계",강동구,둔촌2동,942,562,380,306,194,112,636,368,268
"합계",강동구,기타,-,-,-,-,-,-,-,-,-
"합계",강북구,소계,16609,9321,7288,5918,3454,2464,10691,5867,4824
"합계",강북구,삼양동,1366,792,574,446,258,188,920,534,386
"합계",강북구,미아동,1095,623,472,359,222,137,736,401,335
"합계",강북구,송중동,1346,777,569,429,261,168,917,516,401
"합계",강북구,송천동,1330,782,548,391,232,159,939,550,389
"합계",강북구,삼각산동,1219,648,571,444,247,197,775,401,374
"합계",강북구,번1동,849,495,354,257,148,109,592,347,245
"합계",강북구,번2동,1282,698,584,506,287,219,776,411,365
"합계",강북구,번3동,1867,1000,867,868,490,378,999,510,489
"합계",강북구,수유1동,1223,717,506,496,315,181,727,402,325
"합계",강북구,수유2동,1114,609,505,389,223,166,725,386,339
"합계",강북구,수유3동,1137,630,507,363,204,159,774,426,348
"합계",강북구,우이동,1050,587,463,382,226,156,668,361,307
"합계",강북구,인수동,1728,961,767,586,339,247,1142,622,520
"합계",강북구,기타,3,2,1,2,2,-,1,-,1
"합계",강서구,소계,27618,15943,11675,10788,6431,4357,16830,9512,7318
"합계",강서구,염창동,1044,645,399,351,228,123,693,417,276
"합계",강서구,등촌1동,717,394,323,229,122,107,488,272,216
"합계",강서구,등촌2동,685,420,265,207,129,78,478,291,187
"합계",강서구,등촌3동,3469,1924,1545,1721,995,726,1748,929,819
"합계",강서구,화곡1동,2190,1311,879,680,428,252,1510,883,627
"합계",강서구,화곡2동,777,470,307,249,157,92,528,313,215
"합계",강서구,화곡3동,813,474,339,278,168,110,535,306,229
"합계",강서구,화곡4동,982,566,416,325,189,136,657,377,280
"합계",강서구,화곡본동,1392,838,554,485,296,189,907,542,365
"합계",강서구,화곡6동,991,592,399,386,223,163,605,369,236
"합계",강서구,화곡8동,1020,567,453,309,167,142,711,400,311
"합계",강서구,가양1동,747,444,303,258,149,109,489,295,194
"합계",강서구,가양2동,2208,1289,919,1207,733,474,1001,556,445
"합계",강서구,가양3동,1444,734,710,616,342,274,828,392,436
"합계",강서구,발산1동,1526,855,671,567,338,229,959,517,442
"합계",강서구,우장산동,1252,748,504,410,256,154,842,492,350
"합계",강서구,공항동,1200,719,481,459,267,192,741,452,289
"합계",강서구,방화1동,1681,1005,676,591,358,233,1090,647,443
"합계",강서구,방화2동,1586,905,681,625,391,234,961,514,447
"합계",강서구,방화3동,1893,1042,851,835,495,340,1058,547,511
"합계",강서구,기타,1,1,-,-,-,-,1,1,-
"합계",관악구,소계,20008,11608,8400,6645,4030,2615,13363,7578,5785
"합계",관악구,보라매동,1076,606,470,348,193,155,728,413,315
"합계",관악구,청림동,614,338,276,212,138,74,402,200,202
"합계",관악구,성현동,1442,772,670,515,298,217,927,474,453
"합계",관악구,행운동,994,581,413,351,207,144,643,374,269
"합계",관악구,낙성대동,424,233,191,173,103,70,251,130,121
"합계",관악구,청룡동,1142,661,481,373,232,141,769,429,340
"합계",관악구,은천동,1619,943,676,555,329,226,1064,614,450
"합계",관악구,중앙동,557,331,226,169,107,62,388,224,164
"합계",관악구,인헌동,886,495,391,292,161,131,594,334,260
"합계",관악구,남현동,571,332,239,177,113,64,394,219,175
"합계",관악구,서원동,820,501,319,254,170,84,566,331,235
"합계",관악구,신원동,881,493,388,269,173,96,612,320,292
"합계",관악구,서림동,902,526,376,315,199,116,587,327,260
"합계",관악구,신사동,941,563,378,303,188,115,638,375,263
"합계",관악구,신림동,533,318,215,173,104,69,360,214,146
"합계",관악구,난향동,713,419,294,240,142,98,473,277,196
"합계",관악구,조원동,757,461,296,228,148,80,529,313,216
"합계",관악구,대학동,787,507,280,274,176,98,513,331,182
"합계",관악구,삼성동,1334,752,582,444,262,182,890,490,400
"합계",관악구,미성동,1436,854,582,462,283,179,974,571,403
"합계",관악구,난곡동,1579,922,657,518,304,214,1061,618,443
"합계",관악구,기타,-,-,-,-,-,-,-,-,-
"합계",광진구,소계,11981,6928,5053,3921,2363,1558,8060,4565,3495
"합계",광진구,화양동,509,292,217,157,102,55,352,190,162
"합계",광진구,군자동,769,448,321,238,145,93,531,303,228
"합계",광진구,중곡1동,649,358,291,227,127,100,422,231,191
"합계",광진구,중곡2동,863,489,374,274,158,116,589,331,258
"합계",광진구,중곡3동,741,442,299,268,165,103,473,277,196
"합계",광진구,중곡4동,1276,764,512,426,273,153,850,491,359
"합계",광진구,능동,364,206,158,122,71,51,242,135,107
"합계",광진구,광장동,698,409,289,250,156,94,448,253,195
"합계",광진구,자양1동,893,509,384,300,158,142,593,351,242
"합계",광진구,자양2동,918,517,401,295,184,111,623,333,290
"합계",광진구,자양3동,762,435,327,239,136,103,523,299,224
"합계",광진구,자양4동,933,548,385,265,169,96,668,379,289
"합계",광진구,구의1동,806,470,336,269,154,115,537,316,221
"합계",광진구,구의2동,1028,609,419,340,209,131,688,400,288
"합계",광진구,구의3동,772,432,340,251,156,95,521,276,245
"합계",광진구,기타,-,-,-,-,-,-,-,-,-
"합계",구로구,소계,19579,11432,8147,6257,3780,2477,13322,7652,5670
"합계",구로구,신도림동,968,589,379,319,199,120,649,390,259
"합계",구로구,구로1동,555,332,223,167,122,45,388,210,178
"합계",구로구,구로2동,1647,910,737,441,273,168,1206,637,569
"합계",구로구,구로3동,941,534,407,264,149,115,677,385,292
"합계",구로구,구로4동,1397,777,620,370,226,144,1027,551,476
"합계",구로구,구로5동,1219,736,483,365,222,143,854,514,340
"합계",구로구,가리봉동,617,381,236,190,121,69,427,260,167
"합계",구로구,고척1동,1133,701,432,364,226,138,769,475,294
"합계",구로구,고척2동,1429,844,585,454,254,200,975,590,385
"합계",구로구,개봉1동,1758,1042,716,578,356,222,1180,686,494
"합계",구로구,개봉2동,1458,866,592,458,272,186,1000,594,406
"합계",구로구,개봉3동,1074,646,428,339,205,134,735,441,294
"합계",구로구,오류1동,1181,683,498,377,222,155,804,461,343
"합계",구로구,오류2동,2220,1244,976,824,507,317,1396,737,659
"합계",구로구,수궁동,1348,767,581,473,271,202,875,496,379
"합계",구로구,항동,633,380,253,273,155,118,360,225,135
"합계",구로구,기타,1,-,1,1,-,1,-,-,-
"합계",금천구,소계,12227,7224,5003,3891,2351,1540,8336,4873,3463
"합계",금천구,가산동,789,488,301,244,150,94,545,338,207
"합계",금천구,독산1동,2112,1233,879,828,484,344,1284,749,535
"합계",금천구,독산2동,1034,604,430,316,190,126,718,414,304
"합계",금천구,독산3동,1367,839,528,391,245,146,976,594,382
"합계",금천구,독산4동,863,537,326,257,156,101,606,381,225
"합계",금천구,시흥1동,1826,1077,749,559,352,207,1267,725,542
"합계",금천구,시흥2동,1191,670,521,372,232,140,819,438,381
"합계",금천구,시흥3동,530,317,213,162,95,67,368,222,146
"합계",금천구,시흥4동,1198,702,496,346,194,152,852,508,344
"합계",금천구,시흥5동,1317,757,560,416,253,163,901,504,397
"합계",금천구,기타,-,-,-,-,-,-,-,-,-
"합계",노원구,소계,25361,13958,11403,10481,6059,4422,14880,7899,6981
"합계",노원구,월계1동,912,516,396,308,187,121,604,329,275
"합계",노원구,월계2동,2082,1167,915,973,572,401,1109,595,514
"합계",노원구,월계3동,1810,986,824,783,456,327,1027,530,497
"합계",노원구,공릉1동,2077,1143,934,850,489,361,1227,654,573
"합계",노원구,공릉2동,1294,732,562,447,260,187,847,472,375
"합계",노원구,하계1동,1893,996,897,1006,561,445,887,435,452
"합계",노원구,하계2동,734,388,346,276,157,119,458,231,227
"합계",노원구,중계본동,691,382,309,293,159,134,398,223,175
"합계",노원구,중계1동,699,394,305,260,152,108,439,242,197
"합계",노원구,중계4동,1386,747,639,606,347,259,780,400,380
"합계",노원구,중계2.3동,2993,1603,1390,1512,876,636,1481,727,754
"합계",노원구,상계1동,1917,1092,825,729,425,304,1188,667,521
"합계",노원구,상계2동,883,509,374,329,198,131,554,311,243
"합계",노원구,상계3.4동,1634,907,727,539,315,224,1095,592,503
"합계",노원구,상계5동,1272,724,548,422,254,168,850,470,380
"합계",노원구,상계6.7동,1095,577,518,428,230,198,667,347,320
"합계",노원구,상계8동,725,381,344,252,136,116,473,245,228
"합계",노원구,상계9동,720,407,313,262,156,106,458,251,207
"합계",노원구,상계10동,540,306,234,205,128,77,335,178,157
"합계",노원구,기타,4,1,3,1,1,-,3,-,3
"합계",도봉구,소계,15120,8744,6376,5142,3084,2058,9978,5660,4318
"합계",도봉구,창1동,957,521,436,320,190,130,637,331,306
"합계",도봉구,창2동,1337,762,575,415,252,163,922,510,412
"합계",도봉구,창3동,769,454,315,276,163,113,493,291,202
"합계",도봉구,창4동,922,523,399,349,205,144,573,318,255
"합계",도봉구,창5동,988,591,397,329,218,111,659,373,286
"합계",도봉구,도봉1동,1477,866,611,534,319,215,943,547,396
"합계",도봉구,도봉2동,1425,832,593,464,271,193,961,561,400
"합계",도봉구,쌍문1동,1139,643,496,350,200,150,789,443,346
"합계",도봉구,쌍문2동,895,530,365,310,188,122,585,342,243
"합계",도봉구,쌍문3동,813,450,363,262,163,99,551,287,264
"합계",도봉구,쌍문4동,647,347,300,210,120,90,437,227,210
"합계",도봉구,방학1동,1481,886,595,510,323,187,971,563,408
"합계",도봉구,방학2동,1241,726,515,455,257,198,786,469,317
"합계",도봉구,방학3동,1028,612,416,357,214,143,671,398,273
"합계",도봉구,기타,1,1,-,1,1,-,-,-,-
"합계",동대문구,소계,15039,8655,6384,4814,2926,1888,10225,5729,4496
"합계",동대문구,신설동,594,357,237,172,112,60,422,245,177
"합계",동대문구,용두동,1016,579,437,297,177,120,719,402,317
"합계",동대문구,제기동,1192,666,526,349,212,137,843,454,389
"합계",동대문구,전농1동,1485,867,618,465,278,187,1020,589,431
"합계",동대문구,전농2동,802,448,354,283,165,118,519,283,236
"합계",동대문구,답십리1동,1010,573,437,310,184,126,700,389,311
"합계",동대문구,답십리2동,1373,774,599,442,252,190,931,522,409
"합계",동대문구,장안1동,1662,991,671,561,351,210,1101,640,461
"합계",동대문구,장안2동,1353,796,557,475,297,178,878,499,379
"합계",동대문구,청량리동,1176,651,525,353,218,135,823,433,390
"합계",동대문구,회기동,303,157,146,105,56,49,198,101,97
"합계",동대문구,휘경1동,543,325,218,181,110,71,362,215,147
"합계",동대문구,휘경2동,858,504,354,280,176,104,578,328,250
"합계",동대문구,이문1동,756,445,311,246,152,94,510,293,217
"합계",동대문구,이문2동,916,522,394,295,186,109,621,336,285
"합계",동대문구,기타,-,-,-,-,-,-,-,-,-
"합계",동작구,소계,13911,7960,5951,4734,2823,1911,9177,5137,4040
"합계",동작구,노량진1동,1223,690,533,427,254,173,796,436,360
"합계",동작구,노량진2동,398,238,160,134,81,53,264,157,107
"합계",동작구,상도1동,1453,823,630,515,286,229,938,537,401
"합계",동작구,상도2동,898,510,388,322,195,127,576,315,261
"합계",동작구,상도3동,1125,618,507,347,193,154,778,425,353
"합계",동작구,상도4동,1331,798,533,490,309,181,841,489,352
"합계",동작구,흑석동,964,544,420,298,176,122,666,368,298
"합계",동작구,사당1동,737,426,311,220,137,83,517,289,228
"합계",동작구,사당2동,903,512,391,276,167,109,627,345,282
"합계",동작구,사당3동,771,473,298,248,164,84,523,309,214
"합계",동작구,사당4동,527,298,229,142,91,51,385,207,178
"합계",동작구,사당5동,512,288,224,168,100,68,344,188,156
"합계",동작구,대방동,1440,803,637,576,342,234,864,461,403
"합계",동작구,신대방1동,847,490,357,284,159,125,563,331,232
"합계",동작구,신대방2동,782,449,333,287,169,118,495,280,215
"합계",동작구,기타,-,-,-,-,-,-,-,-,-
"합계",마포구,소계,12178,6857,5321,4436,2603,1833,7742,4254,3488
"합계",마포구,아현동,721,419,302,259,167,92,462,252,210
"합계",마포구,공덕동,1349,777,572,447,270,177,902,507,395
"합계",마포구,도화동,674,371,303,245,147,98,429,224,205
"합계",마포구,용강동,597,340,257,196,111,85,401,229,172
"합계",마포구,대흥동,416,229,187,135,84,51,281,145,136
"합계",마포구,염리동,517,267,250,173,99,74,344,168,176
"합계",마포구,신수동,657,391,266,214,126,88,443,265,178
"합계",마포구,서강동,635,348,287,207,112,95,428,236,192
"합계",마포구,서교동,616,372,244,198,127,71,418,245,173
"합계",마포구,합정동,515,291,224,165,91,74,350,200,150
"합계",마포구,망원1동,705,415,290,251,157,94,454,258,196
"합계",마포구,망원2동,716,424,292,242,147,95,474,277,197
"합계",마포구,연남동,446,239,207,158,89,69,288,150,138
"합계",마포구,성산1동,640,363,277,215,127,88,425,236,189
"합계",마포구,성산2동,1842,984,858,835,461,374,1007,523,484
"합계",마포구,상암동,1132,627,505,496,288,208,636,339,297
"합계",마포구,기타,-,-,-,-,-,-,-,-,-
"합계",서대문구,소계,11710,6575,5135,3971,2353,1618,7739,4222,3517
"합계",서대문구,천연동,678,384,294,250,154,96,428,230,198
"합계",서대문구,북아현동,505,284,221,159,93,66,346,191,155
"합계",서대문구,충현동,673,415,258,200,126,74,473,289,184
"합계",서대문구,신촌동,425,226,199,167,97,70,258,129,129
"합계",서대문구,연희동,1114,653,461,379,222,157,735,431,304
"합계",서대문구,홍제1동,950,542,408,313,190,123,637,352,285
"합계",서대문구,홍제3동,851,479,372,258,158,100,593,321,272
"합계",서대문구,홍제2동,513,257,256,150,75,75,363,182,181
"합계",서대문구,홍은1동,995,546,449,314,184,130,681,362,319
"합계",서대문구,홍은2동,1198,689,509,460,284,176,738,405,333
"합계",서대문구,남가좌1동,530,289,241,178,104,74,352,185,167
"합계",서대문구,남가좌2동,1133,607,526,401,235,166,732,372,360
"합계",서대문구,북가좌1동,683,386,297,234,132,102,449,254,195
"합계",서대문구,북가좌2동,1462,818,644,508,299,209,954,519,435
"합계",서대문구,기타,-,-,-,-,-,-,-,-,-
"합계",서초구,소계,10179,5990,4189,3876,2349,1527,6303,3641,2662
"합계",서초구,서초1동,471,269,202,166,97,69,305,172,133
"합계",서초구,서초2동,403,241,162,149,98,51,254,143,111
"합계",서초구,서초3동,712,436,276,250,150,100,462,286,176
"합계",서초구,서초4동,493,306,187,189,113,76,304,193,111
"합계",서초구,잠원동,601,343,258,225,135,90,376,208,168
"합계",서초구,반포본동,-,-,-,-,-,-,-,-,-
"합계",서초구,반포1동,586,347,239,190,111,79,396,236,160
"합계",서초구,반포2동,435,251,184,147,92,55,288,159,129
"합계",서초구,반포3동,413,239,174,141,90,51,272,149,123
"합계",서초구,반포4동,359,220,139,135,90,45,224,130,94
"합계",서초구,방배본동,460,266,194,184,116,68,276,150,126
"합계",서초구,방배1동,483,275,208,149,79,70,334,196,138
"합계",서초구,방배2동,578,332,246,180,103,77,398,229,169
"합계",서초구,방배3동,336,197,139,125,83,42,211,114,97
"합계",서초구,방배4동,587,365,222,201,131,70,386,234,152
"합계",서초구,양재1동,1829,1024,805,830,468,362,999,556,443
"합계",서초구,양재2동,637,402,235,231,141,90,406,261,145
"합계",서초구,내곡동,796,477,319,384,252,132,412,225,187
"합계",서초구,기타,-,-,-,-,-,-,-,-,-
"합계",성동구,소계,10603,6114,4489,3483,2128,1355,7120,3986,3134
"합계",성동구,왕십리2동,602,321,281,196,109,87,406,212,194
"합계",성동구,왕십리도선동,952,550,402,366,228,138,586,322,264
"합계",성동구,마장동,993,584,409,352,215,137,641,369,272
"합계",성동구,사근동,355,186,169,105,64,41,250,122,128
"합계",성동구,행당1동,559,331,228,183,121,62,376,210,166
"합계",성동구,행당2동,873,487,386,317,178,139,556,309,247
"합계",성동구,응봉동,493,295,198,142,91,51,351,204,147
"합계",성동구,금호1가동,599,330,269,185,111,74,414,219,195
"합계",성동구,금호2.3가동,868,486,382,266,157,109,602,329,273
"합계",성동구,금호4가동,538,310,228,179,108,71,359,202,157
"합계",성동구,옥수동,690,393,297,220,142,78,470,251,219
"합계",성동구,성수1가1동,527,316,211,167,108,59,360,208,152
"합계",성동구,성수1가2동,471,255,216,140,77,63,331,178,153
"합계",성동구,성수2가1동,643,406,237,186,117,69,457,289,168
"합계",성동구,성수2가3동,368,220,148,129,82,47,239,138,101
"합계",성동구,송정동,460,268,192,154,92,62,306,176,130
"합계",성동구,용답동,612,376,236,196,128,68,416,248,168
"합계",성동구,기타,-,-,-,-,-,-,-,-,-
"합계",성북구,소계,16825,9587,7238,5572,3340,2232,11253,6247,5006
"합계",성북구,성북동,513,303,210,177,118,59,336,185,151
"합계",성북구,삼선동,775,441,334,271,160,111,504,281,223
"합계",성북구,동선동,492,281,211,163,99,64,329,182,147
"합계",성북구,돈암1동,560,299,261,168,94,74,392,205,187
"합계",성북구,돈암2동,659,381,278,223,125,98,436,256,180
"합계",성북구,안암동,529,305,224,209,130,79,320,175,145
"합계",성북구,보문동,608,337,271,210,117,93,398,220,178
"합계",성북구,정릉1동,617,340,277,192,114,78,425,226,199
"합계",성북구,정릉2동,944,543,401,282,170,112,662,373,289
"합계",성북구,정릉3동,618,352,266,215,131,84,403,221,182
"합계",성북구,정릉4동,1038,591,447,328,199,129,710,392,318
"합계",성북구,길음1동,1024,560,464,362,217,145,662,343,319
"합계",성북구,길음2동,726,425,301,236,147,89,490,278,212
"합계",성북구,종암동,1551,866,685,485,287,198,1066,579,487
"합계",성북구,월곡1동,1086,614,472,376,234,142,710,380,330
"합계",성북구,월곡2동,857,486,371,276,159,117,581,327,254
"합계",성북구,장위1동,1087,602,485,383,225,158,704,377,327
"합계",성북구,장위2동,749,443,306,247,153,94,502,290,212
"합계",성북구,장위3동,697,415,282,253,152,101,444,263,181
"합계",성북구,석관동,1695,1003,692,516,309,207,1179,694,485
"합계",성북구,기타,-,-,-,-,-,-,-,-,-
"합계",소계,소계,384934,222453,162481,135622,81905,53717,249312,140548,108764
"합계",송파구,소계,20115,11967,8148,7269,4544,2725,12846,7423,5423
"합계",송파구,풍납1동,546,297,249,171,87,84,375,210,165
"합계",송파구,풍납2동,774,469,305,247,158,89,527,311,216
"합계",송파구,거여1동,631,373,258,202,124,78,429,249,180
"합계",송파구,거여2동,1121,634,487,480,297,183,641,337,304
"합계",송파구,마천1동,1055,627,428,359,237,122,696,390,306
"합계",송파구,마천2동,1207,702,505,379,242,137,828,460,368
"합계",송파구,방이1동,419,259,160,143,88,55,276,171,105
"합계",송파구,방이2동,770,467,303,283,179,104,487,288,199
"합계",송파구,오륜동,303,184,119,118,76,42,185,108,77
"합계",송파구,오금동,1439,821,618,545,328,217,894,493,401
"합계",송파구,송파1동,677,422,255,246,152,94,431,270,161
"합계",송파구,송파2동,481,282,199,164,101,63,317,181,136
"합계",송파구,석촌동,1004,618,386,345,221,124,659,397,262
"합계",송파구,삼전동,878,530,348,307,189,118,571,341,230
"합계",송파구,가락본동,729,446,283,249,152,97,480,294,186
"합계",송파구,가락1동,575,337,238,217,140,77,358,197,161
"합계",송파구,가락2동,835,500,335,281,178,103,554,322,232
"합계",송파구,문정1동,606,358,248,238,142,96,368,216,152
"합계",송파구,문정2동,498,303,195,162,101,61,336,202,134
"합계",송파구,장지동,1304,768,536,575,366,209,729,402,327
"합계",송파구,위례동,1234,737,497,537,330,207,697,407,290
"합계",송파구,잠실본동,756,457,299,251,160,91,505,297,208
"합계",송파구,잠실2동,566,331,235,194,122,72,372,209,163
"합계",송파구,잠실3동,683,423,260,221,141,80,462,282,180
"합계",송파구,잠실4동,436,277,159,167,107,60,269,170,99
"합계",송파구,잠실6동,358,208,150,121,85,36,237,123,114
"합계",송파구,잠실7동,230,137,93,67,41,26,163,96,67
"합계",송파구,기타,-,-,-,-,-,-,-,-,-
"합계",양천구,소계,17713,10312,7401,5748,3487,2261,11965,6825,5140
"합계",양천구,목1동,691,400,291,253,147,106,438,253,185
"합계",양천구,목2동,1018,604,414,335,209,126,683,395,288
"합계",양천구,목3동,884,531,353,287,174,113,597,357,240
"합계",양천구,목4동,859,513,346,275,183,92,584,330,254
"합계",양천구,목5동,688,395,293,215,133,82,473,262,211
"합계",양천구,신월1동,1265,741,524,390,226,164,875,515,360
"합계",양천구,신월2동,1018,602,416,303,183,120,715,419,296
"합계",양천구,신월3동,999,617,382,307,198,109,692,419,273
"합계",양천구,신월4동,976,568,408,307,183,124,669,385,284
"합계",양천구,신월5동,734,418,316,241,149,92,493,269,224
"합계",양천구,신월6동,486,310,176,151,96,55,335,214,121
"합계",양천구,신월7동,1145,626,519,352,206,146,793,420,373
"합계",양천구,신정1동,533,312,221,173,114,59,360,198,162
"합계",양천구,신정2동,686,407,279,241,153,88,445,254,191
"합계",양천구,신정3동,2262,1284,978,814,478,336,1448,806,642
"합계",양천구,신정4동,1610,985,625,509,305,204,1101,680,421
"합계",양천구,신정6동,441,255,186,156,93,63,285,162,123
"합계",양천구,신정7동,1418,744,674,439,257,182,979,487,492
"합계",양천구,기타,-,-,-,-,-,-,-,-,-
"합계",영등포구,소계,14774,8709,6065,4582,2888,1694,10192,5821,4371
"합계",영등포구,영등포본동,1057,671,386,317,201,116,740,470,270
"합계",영등포구,영등포동,945,621,324,327,234,93,618,387,231
"합계",영등포구,여의동,809,446,363,312,183,129,497,263,234
"합계",영등포구,당산1동,756,451,305,229,150,79,527,301,226
"합계",영등포구,당산2동,891,522,369,277,163,114,614,359,255
"합계",영등포구,도림동,938,557,381,304,195,109,634,362,272
"합계",영등포구,문래동,901,552,349,284,181,103,617,371,246
"합계",영등포구,양평1동,650,374,276,196,119,77,454,255,199
"합계",영등포구,양평2동,582,357,225,181,126,55,401,231,170
"합계",영등포구,신길1동,880,507,373,284,172,112,596,335,261
"합계",영등포구,신길3동,840,505,335,266,171,95,574,334,240
"합계",영등포구,신길4동,623,350,273,206,123,83,417,227,190
"합계",영등포구,신길5동,564,334,230,158,102,56,406,232,174
"합계",영등포구,신길6동,744,410,334,227,137,90,517,273,244
"합계",영등포구,신길7동,571,334,237,201,132,69,370,202,168
"합계",영등포구,대림1동,893,503,390,253,155,98,640,348,292
"합계",영등포구,대림2동,902,495,407,214,130,84,688,365,323
"합계",영등포구,대림3동,1225,720,505,346,214,132,879,506,373
"합계",영등포구,기타,3,-,3,-,-,-,3,-,3
"합계",용산구,소계,6695,3951,2744,2310,1427,883,4385,2524,1861
"합계",용산구,후암동,673,381,292,272,157,115,401,224,177
"합계",용산구,용산2가동,418,236,182,141,78,63,277,158,119
"합계",용산구,남영동,455,342,113,178,136,42,277,206,71
"합계",용산구,청파동,754,444,310,263,159,104,491,285,206
"합계",용산구,원효로1동,441,260,181,167,104,63,274,156,118
"합계",용산구,원효로2동,443,260,183,152,86,66,291,174,117
"합계",용산구,효창동,339,178,161,101,63,38,238,115,123
"합계",용산구,용문동,428,233,195,142,75,67,286,158,128
"합계",용산구,한강로동,460,280,180,149,94,55,311,186,125
"합계",용산구,이촌1동,494,293,201,168,109,59,326,184,142
"합계",용산구,이촌2동,289,169,120,91,57,34,198,112,86
"합계",용산구,이태원1동,196,118,78,65,39,26,131,79,52
"합계",용산구,이태원2동,299,172,127,86,62,24,213,110,103
"합계",용산구,한남동,348,193,155,96,64,32,252,129,123
"합계",용산구,서빙고동,340,199,141,133,83,50,207,116,91
"합계",용산구,보광동,318,193,125,106,61,45,212,132,80
"합계",용산구,기타,-,-,-,-,-,-,-,-,-
"합계",은평구,소계,21099,12244,8855,7754,4846,2908,13345,7398,5947
"합계",은평구,녹번동,1630,938,692,528,307,221,1102,631,471
"합계",은평구,불광1동,1438,806,632,495,279,216,943,527,416
"합계",은평구,불광2동,1454,846,608,491,292,199,963,554,409
"합계",은평구,갈현1동,687,394,293,242,143,99,445,251,194
"합계",은평구,갈현2동,1251,724,527,447,266,181,804,458,346
"합계",은평구,구산동,2100,1438,662,1116,871,245,984,567,417
"합계",은평구,대조동,1242,714,528,432,264,168,810,450,360
"합계",은평구,응암1동,1314,721,593,442,258,184,872,463,409
"합계",은평구,응암2동,955,534,421,354,216,138,601,318,283
"합계",은평구,응암3동,1317,730,587,396,243,153,921,487,434
"합계",은평구,역촌동,2160,1209,951,776,455,321,1384,754,630
"합계",은평구,신사1동,1242,728,514,470,289,181,772,439,333
"합계",은평구,신사2동,895,512,383,293,179,114,602,333,269
"합계",은평구,증산동,643,378,265,220,136,84,423,242,181
"합계",은평구,수색동,829,439,390,311,176,135,518,263,255
"합계",은평구,진관동,1942,1133,809,741,472,269,1201,661,540
"합계",은평구,기타,-,-,-,-,-,-,-,-,-
"합계",종로구,소계,5538,3190,2348,1918,1154,764,3620,2036,1584
"합계",종로구,청운효자동,413,219,194,182,105,77,231,114,117
"합계",종로구,사직동,257,141,116,122,72,50,135,69,66
"합계",종로구,삼청동,92,54,38,38,20,18,54,34,20
"합계",종로구,부암동,304,175,129,122,74,48,182,101,81
"합계",종로구,평창동,487,268,219,164,88,76,323,180,143
"합계",종로구,무악동,305,163,142,112,69,43,193,94,99
"합계",종로구,교남동,340,173,167,113,67,46,227,106,121
"합계",종로구,가회동,155,83,72,63,32,31,92,51,41
"합계",종로구,종로1.2.3.4가동,351,277,74,120,96,24,231,181,50
"합계",종로구,종로5.6가동,236,149,87,83,48,35,153,101,52
"합계",종로구,이화동,283,156,127,89,52,37,194,104,90
"합계",종로구,혜화동,533,309,224,200,125,75,333,184,149
"합계",종로구,창신1동,277,165,112,95,63,32,182,102,80
"합계",종로구,창신2동,475,266,209,127,75,52,348,191,157
"합계",종로구,창신3동,331,184,147,91,55,36,240,129,111
"합계",종로구,숭인1동,295,153,142,89,41,48,206,112,94
"합계",종로구,숭인2동,404,255,149,108,72,36,296,183,113
"합계",종로구,기타,-,-,-,-,-,-,-,-,-
"합계",중구,소계,5094,2896,2198,1688,1015,673,3406,1881,1525
"합계",중구,소공동,37,22,15,8,5,3,29,17,12
"합계",중구,회현동,228,144,84,85,54,31,143,90,53
"합계",중구,명동,98,48,50,38,19,19,60,29,31
"합계",중구,필동,175,97,78,62,31,31,113,66,47
"합계",중구,장충동,175,100,75,56,30,26,119,70,49
"합계",중구,광희동,202,113,89,62,35,27,140,78,62
"합계",중구,을지로동,87,56,31,20,9,11,67,47,20
"합계",중구,신당동,380,226,154,127,80,47,253,146,107
"합계",중구,다산동,608,346,262,193,118,75,415,228,187
"합계",중구,약수동,785,400,385,265,155,110,520,245,275
"합계",중구,청구동,467,256,211,151,91,60,316,165,151
"합계",중구,신당5동,475,286,189,152,98,54,323,188,135
"합계",중구,동화동,408,227,181,132,83,49,276,144,132
"합계",중구,황학동,489,276,213,160,97,63,329,179,150
"합계",중구,중림동,480,299,181,177,110,67,303,189,114
"합계",중구,기타,-,-,-,-,-,-,-,-,-
"합계",중랑구,소계,19988,11583,8405,7052,4239,2813,12936,7344,5592
"합계",중랑구,면목2동,1245,727,518,381,239,142,864,488,376
"합계",중랑구,면목4동,1169,677,492,505,301,204,664,376,288
"합계",중랑구,면목5동,603,378,225,195,119,76,408,259,149
"합계",중랑구,면목본동,1636,941,695,519,303,216,1117,638,479
"합계",중랑구,면목7동,996,576,420,326,196,130,670,380,290
"합계",중랑구,면목3.8동,1249,742,507,418,260,158,831,482,349
"합계",중랑구,상봉1동,1406,816,590,625,366,259,781,450,331
"합계",중랑구,상봉2동,856,494,362,257,150,107,599,344,255
"합계",중랑구,중화1동,880,554,326,287,201,86,593,353,240
"합계",중랑구,중화2동,1409,830,579,467,285,182,942,545,397
"합계",중랑구,묵1동,1381,802,579,452,279,173,929,523,406
"합계",중랑구,묵2동,898,516,382,245,146,99,653,370,283
"합계",중랑구,망우본동,1974,1141,833,679,400,279,1295,741,554
"합계",중랑구,망우3동,915,532,383,303,171,132,612,361,251
"합계",중랑구,신내1동,1966,1089,877,751,445,306,1215,644,571
"합계",중랑구,신내2동,1405,768,637,642,378,264,763,390,373
"합계",중랑구,기타,-,-,-,-,-,-,-,-,-
